CODE,ADDRESS,DATE,LAT,LON,h0,h3,h6,h9,h12,h15,h18,h21,h24,h27,h30,h33,h36,h39,h42,h45,h48,h51,h54,h57,h60,h63,h66,h69,h72,h75
1100000000,서울특별시,2025090412,37.5635694444444,126.980008333333,5,3,0,0,0,0,1,6,7,4,0,0,0,0,1,4,5,2,0,0,,,,,,
1111000000,서울특별시 종로구,2025090412,37.5703777777777,126.981641666666,5,3,0,0,0,0,1,6,7,4,0,0,0,0,1,4,5,2,0,0,,,,,,
1111051500,서울특별시 종로구 청운효자동,2025090412,37.5841367,126.9706519,5,3,0,0,0,0,1,5,7,4,0,0,0,0,1,4,5,2,0,0,,,,,,
1111053000,서울특별시 종로구 사직동,2025090412,37.5732694444444,126.970955555555,5,3,0,0,0,0,1,6,7,4,0,0,0,0,1,4,5,2,0,0,,,,,,
1111054000,서울특별시 종로구 삼청동,2025090412,37.582425,126.983977777777,5,3,0,0,0,0,1,6,7,4,0,0,0,0,1,4,5,2,0,0,,,,,,
1111055000,서울특별시 종로구 부암동,2025090412,37.5898555555555,126.966444444444,5,3,0,0,0,0,1,5,7,4,0,0,0,0,1,4,5,2,0,0,,,,,,
1111056000,서울특별시 종로구 평창동,2025090412,37.6025222222222,126.968877777777,5,3,0,0,0,0,1,5,7,4,0,0,0,0,1,4,5,2,0,0,,,,,,
1111057000,서울특별시 종로구 무악동,2025090412,37.5715388888888,126.961208333333,5,3,0,0,0,0,1,6,7,4,0,0,0,0,1,4,5,2,0,0,,,,,,
1111058000,서울특별시 종로구 교남동,2025090412,37.569075,126.9641,5,3,0,0,0,0,1,6,7,4,0,0,0,0,1,4,5,2,0,0,,,,,,
1111060000,서울특별시 종로구 가회동,2025090412,37.5772527777777,126.986911111111,5,3,0,0,0,0,1,6,7,4,0,0,0,0,1,4,5,2,0,0,,,,,,
1111061500,서울특별시 종로구 종로1.2.3.4가동,2025090412,37.5678861111111,126.991066666666,5,3,0,0,0,0,1,6,7,4,0,0,0,0,1,4,5,2,0,0,,,,,,
1111063000,서울특별시 종로구 종로5.6가동,2025090412,37.5692111111111,127.007155555555,5,3,0,0,0,0,1,6,7,4,0,0,0,0,1,4,5,2,0,0,,,,,,
1111064000,서울특별시 종로구 이화동,2025090412,37.5742138888888,127.006397222222,5,3,0,0,0,0,1,6,7,4,0,0,0,0,1,4,5,2,0,0,,,,,,
1111065000,서울특별시 종로구 혜화동,2025090412,37.5839888888888,127.002622222222,5,3,0,0,0,0,1,6,7,4,0,0,0,0,1,4,5,2,0,0,,,,,,
1111067000,서울특별시 종로구 창신제1동,2025090412,37.5679361111111,127.018463888888,5,3,0,0,0,0,1,6,7,4,0,0,0,0,1,4,5,2,0,0,,,,,,
1111068000,서울특별시 종로구 창신제2동,2025090412,37.5716444444444,127.012963888888,5,3,0,0,0,0,1,6,7,4,0,0,0,0,1,4,5,2,0,0,,,,,,
1111069000,서울특별시 종로구 창신제3동,2025090412,37.5750472222222,127.017163888888,5,3,0,0,0,0,1,6,7,4,0,0,0,0,1,4,5,2,0,0,,,,,,
1111070000,서울특별시 종로구 숭인제1동,2025090412,37.5750277777777,127.017663888888,5,3,0,0,0,0,1,6,7,4,0,0,0,0,1,4,5,2,0,0,,,,,,
1111071000,서울특별시 종로구 숭인제2동,2025090412,37.5720361111111,127.022055555555,5,3,0,0,0,0,1,6,7,4,0,0,0,0,1,4,5,2,0,0,,,,,,
1114000000,서울특별시 중구,2025090412,37.5610027777777,126.999641666666,5,3,0,0,0,0,1,6,7,4,0,0,0,0,1,4,5,2,0,0,,,,,,
1114052000,서울특별시 중구 소공동,2025090412,37.5596305555555,126.979108333333,5,3,0,0,0,0,1,6,7,4,0,0,0,0,1,4,5,2,0,0,,,,,,
1114054000,서울특별시 중구 회현동,2025090412,37.5544833333333,126.981444444444,5,3,0,0,0,0,1,6,7,4,0,0,0,0,1,4,2,2,0,0,,,,,,
1114055000,서울특별시 중구 명동,2025090412,37.5572361111111,126.987888888888,5,3,0,0,0,0,1,6,7,4,0,0,0,0,1,4,5,2,0,0,,,,,,
1114057000,서울특별시 중구 필동,2025090412,37.5573527777777,126.997711111111,5,3,0,0,0,0,1,6,7,4,0,0,0,0,1,4,5,2,0,0,,,,,,
1114058000,서울특별시 중구 장충동,2025090412,37.5591166666666,127.009933333333,5,3,0,0,0,0,1,6,7,4,0,0,0,0,1,4,5,2,0,0,,,,,,
1114059000,서울특별시 중구 광희동,2025090412,37.5617305555555,127.007163888888,5,3,0,0,0,0,1,6,7,4,0,0,0,0,1,4,5,2,0,0,,,,,,
1114060500,서울특별시 중구 을지로동,2025090412,37.5639,126.993430555555,5,3,0,0,0,0,1,6,7,4,0,0,0,0,1,4,5,2,0,0,,,,,,
1114061500,서울특별시 중구 신당동,2025090412,37.5593111111111,127.016633333333,5,3,0,0,0,0,1,6,7,4,0,0,0,0,1,4,5,2,0,0,,,,,,
1114062500,서울특별시 중구 다산동,2025090412,37.5516166666666,127.010308333333,5,3,0,0,0,0,1,6,7,4,0,0,0,0,1,4,2,2,0,0,,,,,,
1114063500,서울특별시 중구 약수동,2025090412,37.5496583333333,127.011086111111,5,3,0,0,0,0,1,6,7,4,0,0,0,0,1,4,2,2,0,0,,,,,,
1114064500,서울특별시 중구 청구동,2025090412,37.5542583333333,127.016788888888,5,3,0,0,0,0,1,6,7,4,0,0,0,0,1,4,2,2,0,0,,,,,,
1114065000,서울특별시 중구 신당제5동,2025090412,37.5623305555555,127.023966666666,5,3,0,0,0,0,1,6,7,4,0,0,0,0,1,4,5,2,0,0,,,,,,
1114066500,서울특별시 중구 동화동,2025090412,37.5572277777777,127.021541666666,5,3,0,0,0,0,1,6,7,4,0,0,0,0,1,4,5,2,0,0,,,,,,
1114067000,서울특별시 중구 황학동,2025090412,37.5646638888888,127.023497222222,5,3,0,0,0,0,1,6,7,4,0,0,0,0,1,4,5,2,0,0,,,,,,
1114068000,서울특별시 중구 중림동,2025090412,37.5520333333333,126.9666,5,3,0,0,0,0,1,6,7,4,0,0,0,0,1,4,2,2,0,0,,,,,,
1117000000,서울특별시 용산구,2025090412,37.5360944444444,126.967522222222,5,3,0,0,0,0,1,6,7,4,0,0,0,0,1,4,2,2,0,0,,,,,,
1117051000,서울특별시 용산구 후암동,2025090412,37.5458805555555,126.980266666666,5,3,0,0,0,0,1,6,7,4,0,0,0,0,1,4,2,2,0,0,,,,,,
1117052000,서울특별시 용산구 용산2가동,2025090412,37.5431194444444,126.987563888888,5,3,0,0,0,0,1,6,7,4,0,0,0,0,1,4,2,2,0,0,,,,,,
1117053000,서울특별시 용산구 남영동,2025090412,37.5428333333333,126.976966666666,5,3,0,0,0,0,1,6,7,4,0,0,0,0,1,4,2,2,0,0,,,,,,
1117055500,서울특별시 용산구 청파동,2025090412,37.5425555555555,126.972041666666,5,3,0,0,0,0,1,6,7,4,0,0,0,0,1,4,2,2,0,0,,,,,,
1117056000,서울특별시 용산구 원효로제1동,2025090412,37.5358694444444,126.968341666666,5,3,0,0,0,0,1,6,7,4,0,0,0,0,1,4,2,2,0,0,,,,,,
1117057000,서울특별시 용산구 원효로제2동,2025090412,37.5315916666666,126.953577777777,5,4,0,0,0,0,1,6,7,4,0,0,0,0,1,4,5,2,0,0,,,,,,
1117058000,서울특별시 용산구 효창동,2025090412,37.5389527777777,126.963397222222,5,3,0,0,0,0,1,6,7,4,0,0,0,0,1,4,2,2,0,0,,,,,,
1117059000,서울특별시 용산구 용문동,2025090412,37.5362499999999,126.959663888888,5,3,0,0,0,0,1,6,7,4,0,0,0,0,1,4,2,2,0,0,,,,,,
1117062500,서울특별시 용산구 한강로동,2025090412,37.5262416666666,126.971533333333,5,3,0,0,0,0,1,6,7,4,0,0,0,0,1,4,2,2,0,0,,,,,,
1117063000,서울특별시 용산구 이촌제1동,2025090412,37.5184027777777,126.975355555555,5,3,0,0,0,0,1,6,7,4,0,0,0,0,1,4,2,2,0,0,,,,,,
1117064000,서울특별시 용산구 이촌제2동,2025090412,37.5240305555555,126.956330555555,5,4,0,0,0,0,1,6,7,4,0,0,0,0,1,4,5,2,0,0,,,,,,
1117065000,서울특별시 용산구 이태원제1동,2025090412,37.5294916666666,126.997041666666,5,3,0,0,0,0,1,6,7,4,0,0,0,0,1,4,2,2,0,0,,,,,,
1117066000,서울특별시 용산구 이태원제2동,2025090412,37.5379722222222,126.991844444444,5,3,0,0,0,0,1,6,7,4,0,0,0,0,1,4,2,2,0,0,,,,,,
1117068500,서울특별시 용산구 한남동,2025090412,37.5318861111111,127.002644444444,5,3,0,0,0,0,1,6,7,4,0,0,0,0,1,4,2,2,0,0,,,,,,
1117069000,서울특별시 용산구 서빙고동,2025090412,37.5176055555555,126.996777777777,5,3,0,0,0,0,1,5,7,4,0,0,0,0,1,4,2,2,0,0,,,,,,
1117070000,서울특별시 용산구 보광동,2025090412,37.5234638888888,127.002333333333,5,3,0,0,0,0,1,6,7,4,0,0,0,0,1,4,2,2,0,0,,,,,,
1120000000,서울특별시 성동구,2025090412,37.5606111111111,127.039,5,3,0,0,0,0,1,6,7,4,0,0,0,0,1,4,5,2,0,0,,,,,,
1120052000,서울특별시 성동구 왕십리제2동,2025090412,37.5583361111111,127.032711111111,5,3,0,0,0,0,1,6,7,4,0,0,0,0,1,4,5,2,0,0,,,,,,
1120053500,서울특별시 성동구 왕십리도선동,2025090412,37.5677544,127.0255591,5,3,0,0,0,0,1,6,7,4,0,0,0,0,1,4,5,2,0,0,,,,,,
1120054000,서울특별시 성동구 마장동,2025090412,37.5634333333333,127.047563888888,5,3,0,0,0,0,1,6,7,4,0,0,0,0,1,4,5,2,0,0,,,,,,
1120055000,서울특별시 성동구 사근동,2025090412,37.5584055555555,127.047955555555,5,3,0,0,0,0,1,6,7,4,0,0,0,0,1,4,5,2,0,0,,,,,,
1120056000,서울특별시 성동구 행당제1동,2025090412,37.5553527777777,127.038077777777,5,3,0,0,0,0,1,6,7,4,0,0,0,0,1,4,2,2,0,0,,,,,,
1120057000,서울특별시 성동구 행당제2동,2025090412,37.555575,127.031533333333,5,3,0,0,0,0,1,6,7,4,0,0,0,0,1,4,2,2,0,0,,,,,,
1120058000,서울특별시 성동구 응봉동,2025090412,37.5503472222222,127.035497222222,5,3,0,0,0,0,1,6,7,4,0,0,0,0,1,4,2,2,0,0,,,,,,
1120059000,서울특별시 성동구 금호1가동,2025090412,37.5520694444444,127.023944444444,5,3,0,0,0,0,1,6,7,4,0,0,0,0,1,4,2,2,0,0,,,,,,
1120061500,서울특별시 성동구 금호2.3가동,2025090412,37.553188,127.020859,5,3,0,0,0,0,1,6,7,4,0,0,0,0,1,4,2,2,0,0,,,,,,
1120062000,서울특별시 성동구 금호4가동,2025090412,37.5444722222222,127.024475,5,3,0,0,0,0,1,6,7,4,0,0,0,0,1,4,2,2,0,0,,,,,,
1120064500,서울특별시 성동구 옥수동,2025090412,37.543717,127.013463,5,3,0,0,0,0,1,6,7,4,0,0,0,0,1,4,2,2,0,0,,,,,,
1120065000,서울특별시 성동구 성수1가제1동,2025090412,37.5389583333333,127.051986111111,5,3,0,0,0,0,1,6,7,4,0,0,0,0,1,4,2,2,0,0,,,,,,
1120066000,서울특별시 성동구 성수1가제2동,2025090412,37.5435277777777,127.046363888888,5,3,0,0,0,0,1,6,7,4,0,0,0,0,1,4,2,2,0,0,,,,,,
1120067000,서울특별시 성동구 성수2가제1동,2025090412,37.5367027777777,127.0562,5,3,0,0,0,0,1,6,7,4,0,0,0,0,1,4,2,2,0,0,,,,,,
1120069000,서울특별시 성동구 성수2가제3동,2025090412,37.5454305555555,127.057333333333,5,3,0,0,0,0,1,6,7,4,0,0,0,0,1,4,2,2,0,0,,,,,,
1120072000,서울특별시 성동구 송정동,2025090412,37.5517277777777,127.071708333333,5,3,0,0,0,0,1,6,7,4,0,0,0,0,1,4,2,2,0,0,,,,,,
1120079000,서울특별시 성동구 용답동,2025090412,37.5613666666666,127.057433333333,5,3,0,0,0,0,1,6,7,4,0,0,0,0,1,4,5,2,0,0,,,,,,
1121500000,서울특별시 광진구,2025090412,37.5357388888888,127.084533333333,5,3,0,0,0,0,1,5,7,4,0,0,0,0,1,2,2,2,0,0,,,,,,
1121571000,서울특별시 광진구 화양동,2025090412,37.5437861111111,127.073463888888,5,3,0,0,0,0,1,6,7,4,0,0,0,0,1,4,2,2,0,0,,,,,,
1121573000,서울특별시 광진구 군자동,2025090412,37.5523527777777,127.077997222222,5,3,0,0,0,0,1,5,7,4,0,0,0,0,1,2,2,2,0,0,,,,,,
1121574000,서울특별시 광진구 중곡제1동,2025090412,37.5578416666666,127.082163888888,5,3,0,0,0,0,1,5,7,4,0,0,0,0,1,2,5,2,0,0,,,,,,
1121575000,서울특별시 광진구 중곡제2동,2025090412,37.557475,127.083544444444,5,3,0,0,0,0,1,5,7,4,0,0,0,0,1,2,5,2,0,0,,,,,,
1121576000,서울특별시 광진구 중곡제3동,2025090412,37.5659166666666,127.082252777777,5,3,0,0,0,0,1,5,7,4,0,0,0,0,1,2,5,2,0,0,,,,,,
1121577000,서울특별시 광진구 중곡제4동,2025090412,37.5625111111111,127.089352777777,5,3,0,0,0,0,1,5,7,4,0,0,0,0,1,2,5,2,0,0,,,,,,
1121578000,서울특별시 광진구 능동,2025090412,37.5510277777777,127.082644444444,5,3,0,0,0,0,1,5,7,4,0,0,0,0,1,2,2,2,0,0,,,,,,
1121581000,서울특별시 광진구 광장동,2025090412,37.5442138888888,127.105308333333,5,3,0,0,0,0,1,5,7,4,0,0,0,0,1,2,2,2,0,0,,,,,,
1121582000,서울특별시 광진구 자양제1동,2025090412,37.5316861111111,127.084419444444,5,3,0,0,0,0,1,5,7,4,0,0,0,0,1,2,2,2,0,0,,,,,,
1121583000,서울특별시 광진구 자양제2동,2025090412,37.5259999999999,127.086599999999,5,3,0,0,0,0,1,5,7,4,0,0,0,0,1,2,2,2,0,0,,,,,,
1121584000,서울특별시 광진구 자양제3동,2025090412,37.5310333333333,127.075030555555,5,3,0,0,0,0,1,6,7,4,0,0,0,0,1,4,2,2,0,0,,,,,,
1121584700,서울특별시 광진구 자양제4동,2025090412,37.5374861111111,127.067252777777,5,3,0,0,0,0,1,6,7,4,0,0,0,0,1,4,2,2,0,0,,,,,,
1121585000,서울특별시 광진구 구의제1동,2025090412,37.5396749999999,127.087866666666,5,3,0,0,0,0,1,5,7,4,0,0,0,0,1,2,2,2,0,0,,,,,,
1121586000,서울특별시 광진구 구의제2동,2025090412,37.5444388888888,127.092108333333,5,3,0,0,0,0,1,5,7,4,0,0,0,0,1,2,2,2,0,0,,,,,,
1121587000,서울특별시 광진구 구의제3동,2025090412,37.5361388888888,127.099688888888,5,3,0,0,0,0,1,5,7,4,0,0,0,0,1,2,2,2,0,0,,,,,,
1123000000,서울특별시 동대문구,2025090412,37.571625,127.042141666666,5,3,0,0,0,0,1,6,7,4,0,0,0,0,1,4,5,2,0,0,,,,,,
1123054500,서울특별시 동대문구 제기동,2025090412,37.5830767,127.0377843,5,3,0,0,0,0,1,6,7,4,0,0,0,0,1,4,5,2,0,0,,,,,,
1123056000,서울특별시 동대문구 전농제1동,2025090412,37.5752111111111,127.049866666666,5,3,0,0,0,0,1,6,7,4,0,0,0,0,1,4,5,2,0,0,,,,,,
1123057000,서울특별시 동대문구 전농제2동,2025090412,37.5817027777777,127.053863888888,5,3,0,0,0,0,1,6,7,4,0,0,0,0,1,4,5,2,0,0,,,,,,
1123060000,서울특별시 동대문구 답십리제1동,2025090412,37.569275,127.054222222222,5,3,0,0,0,0,1,6,7,4,0,0,0,0,1,4,5,2,0,0,,,,,,
1123061000,서울특별시 동대문구 답십리제2동,2025090412,37.5691527777777,127.061574999999,5,3,0,0,0,0,1,6,7,4,0,0,0,0,1,4,5,2,0,0,,,,,,
1123065000,서울특별시 동대문구 장안제1동,2025090412,37.5649861111111,127.068477777777,5,3,0,0,0,0,1,6,7,4,0,0,0,0,1,4,5,2,0,0,,,,,,
1123066000,서울특별시 동대문구 장안제2동,2025090412,37.5684083333333,127.075308333333,5,3,0,0,0,0,1,5,7,4,0,0,0,0,1,4,5,2,0,0,,,,,,
1123070500,서울특별시 동대문구 청량리동,2025090412,37.5862586,127.0472767,5,3,0,0,0,0,1,6,7,4,0,0,0,0,1,4,5,2,0,0,,,,,,
1123071000,서울특별시 동대문구 회기동,2025090412,37.5880083333333,127.057488888888,5,3,0,0,0,0,1,6,7,4,0,0,0,0,1,4,5,2,0,0,,,,,,
1123072000,서울특별시 동대문구 휘경제1동,2025090412,37.5901583333333,127.067819444444,5,3,0,0,0,0,1,6,7,4,0,0,0,0,1,4,5,2,0,0,,,,,,
1123073000,서울특별시 동대문구 휘경제2동,2025090412,37.5884944444444,127.069655555555,5,3,0,0,0,0,1,6,7,4,0,0,0,0,1,4,5,2,0,0,,,,,,
1123074000,서울특별시 동대문구 이문제1동,2025090412,37.595,127.067630555555,5,3,0,0,0,0,1,6,7,4,0,0,0,0,1,4,5,2,0,0,,,,,,
1123075000,서울특별시 동대문구 이문제2동,2025090412,37.5917305555555,127.058619444444,5,3,0,0,0,0,1,6,7,4,0,0,0,0,1,4,5,2,0,0,,,,,,
1126000000,서울특별시 중랑구,2025090412,37.6038055555555,127.094777777777,5,3,0,0,0,0,1,5,7,4,0,0,0,0,1,4,5,2,0,0,,,,,,
1126052000,서울특별시 중랑구 면목제2동,2025090412,37.5869833333333,127.081133333333,5,3,0,0,0,0,1,5,7,4,0,0,0,0,1,2,5,2,0,0,,,,,,
1126054000,서울특별시 중랑구 면목제4동,2025090412,37.5718166666666,127.087622222222,5,3,0,0,0,0,1,5,7,4,0,0,0,0,1,2,5,2,0,0,,,,,,
1126055000,서울특별시 중랑구 면목제5동,2025090412,37.5830472222222,127.081722222222,5,3,0,0,0,0,1,5,7,4,0,0,0,0,1,2,5,2,0,0,,,,,,
1126056500,서울특별시 중랑구 면목본동,2025090412,37.5845611111111,127.089677777777,5,3,0,0,0,0,1,5,7,4,0,0,0,0,1,2,5,2,0,0,,,,,,
1126057000,서울특별시 중랑구 면목제7동,2025090412,37.5762,127.089086111111,5,3,0,0,0,0,1,5,7,4,0,0,0,0,1,2,5,2,0,0,,,,,,
1126057500,서울특별시 중랑구 면목제3.8동,2025090412,37.5802361111111,127.090219444444,5,3,0,0,0,0,1,5,7,4,0,0,0,0,1,2,5,2,0,0,,,,,,
1126058000,서울특별시 중랑구 상봉제1동,2025090412,37.5970277777777,127.089288888888,5,3,0,0,0,0,1,5,7,4,0,0,0,0,1,2,5,2,0,0,,,,,,
1126059000,서울특별시 중랑구 상봉제2동,2025090412,37.5896111111111,127.085388888888,5,3,0,0,0,0,1,5,7,4,0,0,0,0,1,2,5,2,0,0,,,,,,
1126060000,서울특별시 중랑구 중화제1동,2025090412,37.5983861111111,127.082777777777,5,3,0,0,0,0,1,5,7,4,0,0,0,0,1,2,5,2,0,0,,,,,,
1126061000,서울특별시 중랑구 중화제2동,2025090412,37.5922166666666,127.077022222222,5,3,0,0,0,0,1,5,7,4,0,0,0,0,1,2,5,2,0,0,,,,,,
1126062000,서울특별시 중랑구 묵제1동,2025090412,37.6096222222222,127.080586111111,5,3,0,0,0,0,1,5,7,4,0,0,0,0,1,4,5,2,0,0,,,,,,
1126063000,서울특별시 중랑구 묵제2동,2025090412,37.6067972222222,127.078144444444,5,3,0,0,0,0,1,5,7,4,0,0,0,0,1,4,5,2,0,0,,,,,,
1126065500,서울특별시 중랑구 망우본동,2025090412,37.5986916666666,127.108463888888,5,3,0,0,0,0,1,5,7,4,0,0,0,0,1,2,5,2,0,0,,,,,,
1126066000,서울특별시 중랑구 망우제3동,2025090412,37.5895777777777,127.100266666666,5,3,0,0,0,0,1,5,7,4,0,0,0,0,1,2,5,2,0,0,,,,,,
1126068000,서울특별시 중랑구 신내1동,2025090412,37.6030833333333,127.101552777777,5,3,0,0,0,0,1,5,7,4,0,0,0,0,1,4,5,2,0,0,,,,,,
1126069000,서울특별시 중랑구 신내2동,2025090412,37.6034305555555,127.096274999999,5,3,0,0,0,0,1,5,7,4,0,0,0,0,1,4,5,2,0,0,,,,,,
1129000000,서울특별시 성북구,2025090412,37.5863833333333,127.020333333333,5,3,0,0,0,0,1,6,7,4,0,0,0,0,1,4,5,2,0,0,,,,,,
1129052500,서울특별시 성북구 성북동,2025090412,37.5874416666666,127.006086111111,5,3,0,0,0,0,1,6,7,4,0,0,0,0,1,4,5,2,0,0,,,,,,
1129055500,서울특별시 성북구 삼선동,2025090412,37.5828472222222,127.009555555555,5,3,0,0,0,0,1,6,7,4,0,0,0,0,1,4,5,2,0,0,,,,,,
1129057500,서울특별시 성북구 동선동,2025090412,37.5912777777777,127.022508333333,5,3,0,0,0,0,1,6,7,4,0,0,0,0,1,4,5,2,0,0,,,,,,
1129058000,서울특별시 성북구 돈암제1동,2025090412,37.6005083333333,127.028288888888,5,3,0,0,0,0,1,6,7,4,0,0,0,0,1,4,5,2,0,0,,,,,,
1129059000,서울특별시 성북구 돈암제2동,2025090412,37.5952555555555,127.012711111111,5,3,0,0,0,0,1,6,7,4,0,0,0,0,1,4,5,2,0,0,,,,,,
1129060000,서울특별시 성북구 안암동,2025090412,37.5830583333333,127.023477777777,5,3,0,0,0,0,1,6,7,4,0,0,0,0,1,4,5,2,0,0,,,,,,
1129061000,서울특별시 성북구 보문동,2025090412,37.5775888888888,127.0249,5,3,0,0,0,0,1,6,7,4,0,0,0,0,1,4,5,2,0,0,,,,,,
1129062000,서울특별시 성북구 정릉제1동,2025090412,37.5986416666666,127.018741666666,5,3,0,0,0,0,1,6,7,4,0,0,0,0,1,4,5,2,0,0,,,,,,
1129063000,서울특별시 성북구 정릉제2동,2025090412,37.6016666666666,127.013241666666,5,3,0,0,0,0,1,6,7,4,0,0,0,0,1,4,5,2,0,0,,,,,,
1129064000,서울특별시 성북구 정릉제3동,2025090412,37.6061666666666,127.006288888888,5,4,0,0,0,0,1,6,7,4,0,0,0,0,1,4,5,2,0,0,,,,,,
1129065000,서울특별시 성북구 정릉제4동,2025090412,37.6107861111111,127.008208333333,5,4,0,0,0,0,1,6,7,4,0,0,0,0,1,4,5,2,0,0,,,,,,
1129066000,서울특별시 성북구 길음제1동,2025090412,37.6017833333333,127.024166666666,5,3,0,0,0,0,1,6,7,4,0,0,0,0,1,4,5,2,0,0,,,,,,
1129068500,서울특별시 성북구 길음제2동,2025090412,37.60385,127.0294,5,3,0,0,0,0,1,6,7,4,0,0,0,0,1,4,5,1,0,0,,,,,,
1129070500,서울특별시 성북구 종암동,2025090412,37.5973305555555,127.033552777777,5,3,0,0,0,0,1,6,7,4,0,0,0,0,1,4,5,2,0,0,,,,,,
1129071500,서울특별시 성북구 월곡제1동,2025090412,37.6042027777777,127.036141666666,5,3,0,0,0,0,1,6,7,4,0,0,0,0,1,4,5,1,0,0,,,,,,
1129072500,서울특별시 성북구 월곡제2동,2025090412,37.5999416666666,127.041688888888,5,3,0,0,0,0,1,6,7,4,0,0,0,0,1,4,5,2,0,0,,,,,,
1129076000,서울특별시 성북구 장위제1동,2025090412,37.6111916666666,127.045855555555,5,3,0,0,0,0,1,6,7,4,0,0,0,0,1,4,5,1,0,0,,,,,,
1129077000,서울특별시 성북구 장위제2동,2025090412,37.6096638888888,127.056708333333,5,3,0,0,0,0,1,6,7,4,0,0,0,0,1,4,5,1,0,0,,,,,,
1129078000,서울특별시 성북구 장위제3동,2025090412,37.6137722222222,127.058722222222,5,3,0,0,0,0,1,6,7,4,0,0,0,0,1,4,5,1,0,0,,,,,,
1129081000,서울특별시 성북구 석관동,2025090412,37.6101611111111,127.063519444444,5,3,0,0,0,0,1,6,7,4,0,0,0,0,1,4,5,1,0,0,,,,,,
1130500000,서울특별시 강북구,2025090412,37.6369555555555,127.027719444444,5,3,0,0,0,0,1,5,7,4,0,0,0,0,1,4,5,1,0,0,,,,,,
1130553400,서울특별시 강북구 삼양동,2025090412,37.6244833333333,127.020511111111,5,3,0,0,0,0,1,6,7,4,0,0,0,0,1,4,5,1,0,0,,,,,,
1130553500,서울특별시 강북구 미아동,2025090412,37.6241361111111,127.029019444444,5,3,0,0,0,0,1,6,7,4,0,0,0,0,1,4,5,1,0,0,,,,,,
1130554500,서울특별시 강북구 송중동,2025090412,37.6133611111111,127.035833333333,5,3,0,0,0,0,1,6,7,4,0,0,0,0,1,4,5,1,0,0,,,,,,
1130555500,서울특별시 강북구 송천동,2025090412,37.6155166666666,127.025955555555,5,3,0,0,0,0,1,6,7,4,0,0,0,0,1,4,5,1,0,0,,,,,,
1130557500,서울특별시 강북구 삼각산동,2025090412,37.6144305555555,127.019852777777,5,3,0,0,0,0,1,6,7,4,0,0,0,0,1,4,5,1,0,0,,,,,,
1130559500,서울특별시 강북구 번1동,2025090412,37.6351583333333,127.031019444444,5,3,0,0,0,0,1,5,7,4,0,0,0,0,1,4,5,1,0,0,,,,,,
1130560300,서울특별시 강북구 번2동,2025090412,37.6293861111111,127.040944444444,5,3,0,0,0,0,1,5,7,4,0,0,0,0,1,4,5,1,0,0,,,,,,
1130560800,서울특별시 강북구 번3동,2025090412,37.6230944444444,127.048688888888,5,3,0,0,0,0,1,6,7,4,0,0,0,0,1,4,5,1,0,0,,,,,,
1130561500,서울특별시 강북구 수유1동,2025090412,37.6307333333333,127.019297222222,5,4,0,0,0,0,1,5,7,4,0,0,0,0,1,4,5,2,0,0,,,,,,
1130562500,서울특별시 강북구 수유2동,2025090412,37.6418805555555,127.022041666666,5,3,0,0,0,0,1,5,7,4,0,0,0,0,1,4,5,1,0,0,,,,,,
1130563500,서울특별시 강북구 수유3동,2025090412,37.6359722222222,127.025319444444,5,3,0,0,0,0,1,5,7,4,0,0,0,0,1,4,5,1,0,0,,,,,,
1130564500,서울특별시 강북구 우이동,2025090412,37.6451944444444,127.014066666666,5,4,0,0,0,0,1,5,7,4,0,0,0,0,1,4,5,2,0,0,,,,,,
1130566000,서울특별시 강북구 인수동,2025090412,37.6387333333333,127.012766666666,5,4,0,0,0,0,1,5,7,4,0,0,0,0,1,4,5,2,0,0,,,,,,
1132000000,서울특별시 도봉구,2025090412,37.6658333333333,127.049522222222,5,3,0,0,0,0,1,5,7,4,0,0,0,0,1,4,5,3,0,0,,,,,,
1132051100,서울특별시 도봉구 창제1동,2025090412,37.6456472222222,127.045997222222,5,3,0,0,0,0,1,5,7,4,0,0,0,0,1,4,5,1,0,0,,,,,,
1132051200,서울특별시 도봉구 창제2동,2025090412,37.6387277777777,127.037766666666,5,3,0,0,0,0,1,5,7,4,0,0,0,0,1,4,5,1,0,0,,,,,,
1132051300,서울특별시 도봉구 창제3동,2025090412,37.6352694444444,127.045008333333,5,3,0,0,0,0,1,5,7,4,0,0,0,0,1,4,5,1,0,0,,,,,,
1132051400,서울특별시 도봉구 창제4동,2025090412,37.6493972222222,127.053666666666,5,3,0,0,0,0,1,5,7,4,0,0,0,0,1,4,5,3,0,0,,,,,,
1132051500,서울특별시 도봉구 창제5동,2025090412,37.6492138888888,127.041297222222,5,3,0,0,0,0,1,5,7,4,0,0,0,0,1,4,5,3,0,0,,,,,,
1132052100,서울특별시 도봉구 도봉제1동,2025090412,37.6758194444444,127.045511111111,5,3,0,0,0,0,1,5,7,4,0,0,0,0,1,4,5,3,0,0,,,,,,
1132052200,서울특별시 도봉구 도봉제2동,2025090412,37.6669999999999,127.048708333333,5,3,0,0,0,0,1,5,7,4,0,0,0,0,1,4,5,3,0,0,,,,,,
1132066000,서울특별시 도봉구 쌍문제1동,2025090412,37.6452472222222,127.028177777777,5,3,0,0,0,0,1,5,7,4,0,0,0,0,1,4,5,1,0,0,,,,,,
1132067000,서울특별시 도봉구 쌍문제2동,2025090412,37.6550805555555,127.040911111111,5,3,0,0,0,0,1,5,7,4,0,0,0,0,1,4,5,3,0,0,,,,,,
1132068000,서울특별시 도봉구 쌍문제3동,2025090412,37.6461944444444,127.030088888888,5,3,0,0,0,0,1,5,7,4,0,0,0,0,1,4,5,1,0,0,,,,,,
1132068100,서울특별시 도봉구 쌍문제4동,2025090412,37.653625,127.030544444444,5,3,0,0,0,0,1,5,7,4,0,0,0,0,1,4,5,3,0,0,,,,,,
1132069000,서울특별시 도봉구 방학제1동,2025090412,37.6614333333333,127.042766666666,5,3,0,0,0,0,1,5,7,4,0,0,0,0,1,4,5,3,0,0,,,,,,
1132070000,서울특별시 도봉구 방학제2동,2025090412,37.6654361111111,127.037222222222,5,3,0,0,0,0,1,5,7,4,0,0,0,0,1,4,5,3,0,0,,,,,,
1132071000,서울특별시 도봉구 방학제3동,2025090412,37.6562277777777,127.030077777777,5,3,0,0,0,0,1,5,7,4,0,0,0,0,1,4,5,3,0,0,,,,,,
1135000000,서울특별시 노원구,2025090412,37.6514611111111,127.058388888888,5,3,0,0,0,0,1,5,7,4,0,0,0,0,1,4,5,3,0,0,,,,,,
1135056000,서울특별시 노원구 월계1동,2025090412,37.6173194444444,127.065088888888,5,3,0,0,0,0,1,6,7,4,0,0,0,0,1,4,5,1,0,0,,,,,,
1135057000,서울특별시 노원구 월계2동,2025090412,37.6297611111111,127.052997222222,5,3,0,0,0,0,1,5,7,4,0,0,0,0,1,4,5,1,0,0,,,,,,
1135058000,서울특별시 노원구 월계3동,2025090412,37.6182055555555,127.071330555555,5,3,0,0,0,0,1,6,7,4,0,0,0,0,1,4,5,1,0,0,,,,,,
1135059500,서울특별시 노원구 공릉1동,2025090412,37.62472748,127.0737518,5,3,0,0,0,0,1,6,7,4,0,0,0,0,1,4,5,1,0,0,,,,,,
1135060000,서울특별시 노원구 공릉2동,2025090412,37.6185694444444,127.085441666666,5,3,0,0,0,0,1,5,7,4,0,0,0,0,1,4,5,2,0,0,,,,,,
1135061100,서울특별시 노원구 하계1동,2025090412,37.6377833333333,127.074730555555,5,3,0,0,0,0,1,5,7,4,0,0,0,0,1,4,5,1,0,0,,,,,,
1135061200,서울특별시 노원구 하계2동,2025090412,37.62925,127.070111111111,5,3,0,0,0,0,1,5,7,4,0,0,0,0,1,4,5,1,0,0,,,,,,
1135061900,서울특별시 노원구 중계본동,2025090412,37.6450722222222,127.082455555555,5,3,0,0,0,0,1,5,7,4,0,0,0,0,1,4,5,2,0,0,,,,,,
1135062100,서울특별시 노원구 중계1동,2025090412,37.6497861111111,127.079663888888,5,3,0,0,0,0,1,5,7,4,0,0,0,0,1,4,5,3,0,0,,,,,,
1135062400,서울특별시 노원구 중계4동,2025090412,37.6559666666666,127.080088888888,5,3,0,0,0,0,1,5,7,4,0,0,0,0,1,4,5,3,0,0,,,,,,
1135062500,서울특별시 노원구 중계2.3동,2025090412,37.6421829,127.0687126,5,3,0,0,0,0,1,5,7,4,0,0,0,0,1,4,5,1,0,0,,,,,,
1135063000,서울특별시 노원구 상계1동,2025090412,37.6771027777777,127.057211111111,5,3,0,0,0,0,1,5,7,4,0,0,0,0,1,4,5,3,0,0,,,,,,
1135064000,서울특별시 노원구 상계2동,2025090412,37.655975,127.070708333333,5,3,0,0,0,0,1,5,7,4,0,0,0,0,1,4,5,3,0,0,,,,,,
1135066500,서울특별시 노원구 상계3.4동,2025090412,37.661,127.077466666666,5,3,0,0,0,0,1,5,7,4,0,0,0,0,1,4,5,3,0,0,,,,,,
1135067000,서울특별시 노원구 상계5동,2025090412,37.6602194444444,127.071486111111,5,3,0,0,0,0,1,5,7,4,0,0,0,0,1,4,5,3,0,0,,,,,,
1135069500,서울특별시 노원구 상계6.7동,2025090412,37.6520888888888,127.069066666666,5,3,0,0,0,0,1,5,7,4,0,0,0,0,1,4,5,3,0,0,,,,,,
1135070000,서울특별시 노원구 상계8동,2025090412,37.6639444444444,127.053666666666,5,3,0,0,0,0,1,5,7,4,0,0,0,0,1,4,5,3,0,0,,,,,,
1135071000,서울특별시 노원구 상계9동,2025090412,37.6617111111111,127.065955555555,5,3,0,0,0,0,1,5,7,4,0,0,0,0,1,4,5,3,0,0,,,,,,
1135072000,서울특별시 노원구 상계10동,2025090412,37.6584333333333,127.062366666666,5,3,0,0,0,0,1,5,7,4,0,0,0,0,1,4,5,3,0,0,,,,,,
1138000000,서울특별시 은평구,2025090412,37.5999694444444,126.931241666666,5,4,0,0,0,0,1,5,7,4,0,0,0,0,1,4,2,1,0,0,,,,,,
1138051000,서울특별시 은평구 녹번동,2025090412,37.5999611111111,126.936844444444,5,4,0,0,0,0,1,5,7,4,0,0,0,0,1,4,2,1,0,0,,,,,,
1138052000,서울특별시 은평구 불광제1동,2025090412,37.6075361111111,126.934188888888,5,4,0,0,0,0,1,5,7,4,0,0,0,0,1,4,2,1,0,0,,,,,,
1138053000,서울특별시 은평구 불광제2동,2025090412,37.6187944444444,126.929819444444,5,4,0,0,0,0,1,5,7,4,0,0,0,0,1,4,2,1,0,0,,,,,,
1138055100,서울특별시 은평구 갈현제1동,2025090412,37.6208972222222,126.918788888888,5,4,0,0,0,0,1,5,7,4,0,0,0,0,1,4,2,1,0,0,,,,,,
1138055200,서울특별시 은평구 갈현제2동,2025090412,37.6157666666666,126.917888888888,5,4,0,0,0,0,1,5,7,4,0,0,0,0,1,4,2,1,0,0,,,,,,
1138056000,서울특별시 은평구 구산동,2025090412,37.6090194444444,126.9125,5,4,0,0,0,0,1,5,7,4,0,0,0,0,1,4,2,1,0,0,,,,,,
1138057000,서울특별시 은평구 대조동,2025090412,37.6113388888888,126.922888888888,5,4,0,0,0,0,1,5,7,4,0,0,0,0,1,4,2,1,0,0,,,,,,
1138058000,서울특별시 은평구 응암제1동,2025090412,37.5979111111111,126.928863888888,5,4,0,0,0,0,1,5,7,4,0,0,0,0,1,4,2,1,0,0,,,,,,
1138059000,서울특별시 은평구 응암제2동,2025090412,37.5918166666666,126.925130555555,5,4,0,0,0,0,1,5,7,4,0,0,0,0,1,4,2,1,0,0,,,,,,
1138060000,서울특별시 은평구 응암제3동,2025090412,37.5893861111111,126.917841666666,5,4,0,0,0,0,1,5,7,4,0,0,0,0,1,4,2,1,0,0,,,,,,
1138062500,서울특별시 은평구 역촌동,2025090412,37.6016194444444,126.917277777777,5,4,0,0,0,0,1,5,7,4,0,0,0,0,1,4,2,1,0,0,,,,,,
1138063100,서울특별시 은평구 신사제1동,2025090412,37.5952194444444,126.914386111111,5,4,0,0,0,0,1,5,7,4,0,0,0,0,1,4,2,1,0,0,,,,,,
1138063200,서울특별시 은평구 신사제2동,2025090412,37.5893333333333,126.914833333333,5,4,0,0,0,0,1,5,7,4,0,0,0,0,1,4,2,1,0,0,,,,,,
1138064000,서울특별시 은평구 증산동,2025090412,37.5815305555555,126.909222222222,5,4,0,0,0,0,1,5,7,4,0,0,0,0,1,4,2,1,0,0,,,,,,
1138065000,서울특별시 은평구 수색동,2025090412,37.5813583333333,126.899641666666,5,4,0,0,0,0,1,5,7,4,0,0,0,0,1,4,5,1,0,0,,,,,,
1138069000,서울특별시 은평구 진관동,2025090412,37.6356,126.921111111111,5,4,0,0,0,0,1,5,6,4,0,0,0,0,1,4,2,1,0,0,,,,,,
1141000000,서울특별시 서대문구,2025090412,37.5763666666666,126.938897222222,5,4,0,0,0,0,1,5,7,4,0,0,0,0,1,4,2,1,0,0,,,,,,
1141052000,서울특별시 서대문구 천연동,2025090412,37.5683027777777,126.961175,5,3,0,0,0,0,1,6,7,4,0,0,0,0,1,4,5,2,0,0,,,,,,
1141055500,서울특별시 서대문구 북아현동,2025090412,37.5568694444444,126.958911111111,5,4,0,0,0,0,1,6,7,4,0,0,0,0,1,4,5,2,0,0,,,,,,
1141056500,서울특별시 서대문구 충현동,2025090412,37.5620611111111,126.956844444444,5,4,0,0,0,0,1,6,7,4,0,0,0,0,1,4,2,1,0,0,,,,,,
1141058500,서울특별시 서대문구 신촌동,2025090412,37.5567388888888,126.945586111111,5,4,0,0,0,0,1,6,7,4,0,0,0,0,1,4,5,2,0,0,,,,,,
1141061500,서울특별시 서대문구 연희동,2025090412,37.5711222222222,126.937352777777,5,4,0,0,0,0,1,6,7,4,0,0,0,0,1,4,2,1,0,0,,,,,,
1141062000,서울특별시 서대문구 홍제제1동,2025090412,37.5849,126.946986111111,5,4,0,0,0,0,1,5,7,4,0,0,0,0,1,4,2,1,0,0,,,,,,
1141064000,서울특별시 서대문구 홍제제3동,2025090412,37.5924444444444,126.951166666666,5,4,0,0,0,0,1,5,7,4,0,0,0,0,1,4,2,1,0,0,,,,,,
1141065500,서울특별시 서대문구 홍제제2동,2025090412,37.5833388888888,126.951466666666,5,4,0,0,0,0,1,5,7,4,0,0,0,0,1,4,2,1,0,0,,,,,,
1141066000,서울특별시 서대문구 홍은제1동,2025090412,37.5904305555555,126.945955555555,5,4,0,0,0,0,1,5,7,4,0,0,0,0,1,4,2,1,0,0,,,,,,
1141068500,서울특별시 서대문구 홍은제2동,2025090412,37.5801583333333,126.938486111111,5,4,0,0,0,0,1,5,7,4,0,0,0,0,1,4,2,1,0,0,,,,,,
1141069000,서울특별시 서대문구 남가좌제1동,2025090412,37.5711944444444,126.915577777777,5,4,0,0,0,0,1,6,7,4,0,0,0,0,1,4,2,1,0,0,,,,,,
1141070000,서울특별시 서대문구 남가좌제2동,2025090412,37.5756277777777,126.925911111111,5,4,0,0,0,0,1,5,7,4,0,0,0,0,1,4,2,1,0,0,,,,,,
1141071000,서울특별시 서대문구 북가좌제1동,2025090412,37.5767111111111,126.908977777777,5,4,0,0,0,0,1,5,7,4,0,0,0,0,1,4,2,1,0,0,,,,,,
1141072000,서울특별시 서대문구 북가좌제2동,2025090412,37.5786027777777,126.913219444444,5,4,0,0,0,0,1,5,7,4,0,0,0,0,1,4,2,1,0,0,,,,,,
1144000000,서울특별시 마포구,2025090412,37.5607055555555,126.910530555555,5,4,0,0,0,0,1,6,7,4,0,0,0,0,1,4,2,1,0,0,,,,,,
1144055500,서울특별시 마포구 아현동,2025090412,37.5443444444444,126.954222222222,5,4,0,0,0,0,1,6,7,4,0,0,0,0,1,4,5,2,0,0,,,,,,
1144056500,서울특별시 마포구 공덕동,2025090412,37.5474416666666,126.962088888888,5,3,0,0,0,0,1,6,7,4,0,0,0,0,1,4,2,2,0,0,,,,,,
1144058500,서울특별시 마포구 도화동,2025090412,37.5349,126.952130555555,5,4,0,0,0,0,1,6,7,4,0,0,0,0,1,4,5,2,0,0,,,,,,
1144059000,서울특별시 마포구 용강동,2025090412,37.5392472222222,126.943733333333,5,4,0,0,0,0,1,6,7,4,0,0,0,0,1,4,5,2,0,0,,,,,,
1144060000,서울특별시 마포구 대흥동,2025090412,37.55305,126.944811111111,5,4,0,0,0,0,1,6,7,4,0,0,0,0,1,4,5,2,0,0,,,,,,
1144061000,서울특별시 마포구 염리동,2025090412,37.5443861111111,126.947719444444,5,4,0,0,0,0,1,6,7,4,0,0,0,0,1,4,5,2,0,0,,,,,,
1144063000,서울특별시 마포구 신수동,2025090412,37.5440666666666,126.936641666666,5,4,0,0,0,0,1,6,7,4,0,0,0,0,1,4,5,2,0,0,,,,,,
1144065500,서울특별시 마포구 서강동,2025090412,37.5444472222222,126.934155555555,5,4,0,0,0,0,1,6,7,4,0,0,0,0,1,4,5,2,0,0,,,,,,
1144066000,서울특별시 마포구 서교동,2025090412,37.5496555555555,126.922975,5,4,0,0,0,0,1,6,7,4,0,0,0,0,1,4,5,2,0,0,,,,,,
1144068000,서울특별시 마포구 합정동,2025090412,37.5467222222222,126.907752777777,5,4,0,0,0,0,1,6,7,4,0,0,0,0,1,4,5,2,0,0,,,,,,
1144069000,서울특별시 마포구 망원제1동,2025090412,37.5524333333333,126.907766666666,5,4,0,0,0,0,1,6,7,4,0,0,0,0,1,4,5,2,0,0,,,,,,
1144070000,서울특별시 마포구 망원제2동,2025090412,37.5575638888888,126.904311111111,5,4,0,0,0,0,1,6,7,4,0,0,0,0,1,4,5,2,0,0,,,,,,
1144071000,서울특별시 마포구 연남동,2025090412,37.5616944444444,126.924066666666,5,4,0,0,0,0,1,6,7,4,0,0,0,0,1,4,2,1,0,0,,,,,,
1144072000,서울특별시 마포구 성산제1동,2025090412,37.5605833333333,126.910022222222,5,4,0,0,0,0,1,6,7,4,0,0,0,0,1,4,2,1,0,0,,,,,,
1144073000,서울특별시 마포구 성산제2동,2025090412,37.5659305555555,126.911152777777,5,4,0,0,0,0,1,6,7,4,0,0,0,0,1,4,2,1,0,0,,,,,,
1144074000,서울특별시 마포구 상암동,2025090412,37.5755138888888,126.896811111111,5,4,0,0,0,0,1,5,7,4,0,0,0,0,1,4,5,1,0,0,,,,,,
1147000000,서울특별시 양천구,2025090412,37.5142305555555,126.868708333333,5,3,0,0,0,0,1,5,7,4,0,0,0,0,1,4,5,2,0,0,,,,,,
1147051000,서울특별시 양천구 목1동,2025090412,37.5275388888888,126.873233333333,5,3,0,0,0,0,1,5,7,4,0,0,0,0,1,4,5,2,0,0,,,,,,
1147052000,서울특별시 양천구 목2동,2025090412,37.5433527777777,126.873808333333,5,3,0,0,0,0,1,6,7,4,0,0,0,0,1,4,5,2,0,0,,,,,,
1147053000,서울특별시 양천구 목3동,2025090412,37.5420972222222,126.866599999999,5,3,0,0,0,0,1,6,7,4,0,0,0,0,1,4,5,2,0,0,,,,,,
1147054000,서울특별시 양천구 목4동,2025090412,37.5295333333333,126.870497222222,5,3,0,0,0,0,1,6,7,4,0,0,0,0,1,4,5,2,0,0,,,,,,
1147055000,서울특별시 양천구 목5동,2025090412,37.5324166666666,126.880752777777,5,3,0,0,0,0,1,6,7,4,0,0,0,0,1,4,5,2,0,0,,,,,,
1147056000,서울특별시 양천구 신월1동,2025090412,37.5300055555555,126.833599999999,5,4,0,0,0,0,1,6,7,4,0,0,0,0,1,4,5,1,0,0,,,,,,
1147057000,서울특별시 양천구 신월2동,2025090412,37.5221722222222,126.846586111111,5,3,0,0,0,0,1,6,7,4,0,0,0,0,1,4,5,2,0,0,,,,,,
1147058000,서울특별시 양천구 신월3동,2025090412,37.5308472222222,126.831175,5,4,0,0,0,0,1,6,7,4,0,0,0,0,1,4,5,1,0,0,,,,,,
1147059000,서울특별시 양천구 신월4동,2025090412,37.5219055555555,126.842155555555,5,4,0,0,0,0,1,5,7,4,0,0,0,0,1,4,5,1,0,0,,,,,,
1147060000,서울특별시 양천구 신월5동,2025090412,37.5368888888888,126.829444444444,5,4,0,0,0,0,1,6,7,4,0,0,0,0,1,4,5,1,0,0,,,,,,
1147061000,서울특별시 양천구 신월6동,2025090412,37.5133027777777,126.845766666666,5,3,0,0,0,0,1,6,7,4,0,0,0,0,1,4,5,2,0,0,,,,,,
1147061100,서울특별시 양천구 신월7동,2025090412,37.5190916666666,126.836763888888,5,4,0,0,0,0,1,6,7,4,0,0,0,0,1,4,5,1,0,0,,,,,,
1147062000,서울특별시 양천구 신정1동,2025090412,37.5157305555555,126.856397222222,5,3,0,0,0,0,1,6,7,4,0,0,0,0,1,4,5,2,0,0,,,,,,
1147063000,서울특별시 양천구 신정2동,2025090412,37.5164083333333,126.872697222222,5,3,0,0,0,0,1,6,7,4,0,0,0,0,1,4,5,2,0,0,,,,,,
1147064000,서울특별시 양천구 신정3동,2025090412,37.5123361111111,126.856886111111,5,3,0,0,0,0,1,6,7,4,0,0,0,0,1,4,5,2,0,0,,,,,,
1147065000,서울특별시 양천구 신정4동,2025090412,37.5206361111111,126.8608,5,3,0,0,0,0,1,5,7,4,0,0,0,0,1,4,5,2,0,0,,,,,,
1147067000,서울특별시 양천구 신정6동,2025090412,37.5142472222222,126.866486111111,5,3,0,0,0,0,1,5,7,4,0,0,0,0,1,4,5,2,0,0,,,,,,
1147068000,서울특별시 양천구 신정7동,2025090412,37.5116,126.861755555555,5,3,0,0,0,0,1,6,7,4,0,0,0,0,1,4,5,2,0,0,,,,,,
1150000000,서울특별시 강서구,2025090412,37.5481555555555,126.851675,5,3,0,0,0,0,1,6,7,4,0,0,0,0,1,4,5,2,0,0,,,,,,
1150051000,서울특별시 강서구 염창동,2025090412,37.5510444444444,126.873044444444,5,3,0,0,0,0,1,6,7,4,0,0,0,0,1,4,5,2,0,0,,,,,,
1150052000,서울특별시 강서구 등촌제1동,2025090412,37.5530666666666,126.860997222222,5,3,0,0,0,0,1,6,7,4,0,0,0,0,1,4,5,2,0,0,,,,,,
1150053000,서울특별시 강서구 등촌제2동,2025090412,37.5398527777777,126.864597222222,5,3,0,0,0,0,1,6,7,4,0,0,0,0,1,4,5,2,0,0,,,,,,
1150053500,서울특별시 강서구 등촌제3동,2025090412,37.5560944444444,126.850008333333,5,3,0,0,0,0,1,6,7,4,0,0,0,0,1,4,5,2,0,0,,,,,,
1150054000,서울특별시 강서구 화곡제1동,2025090412,37.5277444444444,126.843741666666,5,3,0,0,0,0,1,5,7,4,0,0,0,0,1,4,5,2,0,0,,,,,,
1150055000,서울특별시 강서구 화곡제2동,2025090412,37.5287888888888,126.856744444444,5,3,0,0,0,0,1,5,7,4,0,0,0,0,1,4,5,2,0,0,,,,,,
1150056000,서울특별시 강서구 화곡제3동,2025090412,37.5399416666666,126.840463888888,5,4,0,0,0,0,1,6,7,4,0,0,0,0,1,4,5,1,0,0,,,,,,
1150057000,서울특별시 강서구 화곡제4동,2025090412,37.5301333333333,126.865233333333,5,3,0,0,0,0,1,5,7,4,0,0,0,0,1,4,5,2,0,0,,,,,,
1150059000,서울특별시 강서구 화곡본동,2025090412,37.5412444444444,126.849752777777,5,3,0,0,0,0,1,6,7,4,0,0,0,0,1,4,5,2,0,0,,,,,,
1150059100,서울특별시 강서구 화곡제6동,2025090412,37.5489944444444,126.852244444444,5,3,0,0,0,0,1,6,7,4,0,0,0,0,1,4,5,2,0,0,,,,,,
1150059300,서울특별시 강서구 화곡제8동,2025090412,37.5298916666666,126.850422222222,5,3,0,0,0,0,1,5,7,4,0,0,0,0,1,4,5,2,0,0,,,,,,
1150060300,서울특별시 강서구 가양제1동,2025090412,37.5664777777777,126.842663888888,5,4,0,0,0,0,1,5,7,4,0,0,0,0,1,4,5,1,0,0,,,,,,
1150060400,서울특별시 강서구 가양제2동,2025090412,37.5646055555555,126.853363888888,5,4,0,0,0,0,1,6,7,4,0,0,0,0,1,4,5,1,0,0,,,,,,
1150060500,서울특별시 강서구 가양제3동,2025090412,37.5582749999999,126.862686111111,5,4,0,0,0,0,1,5,7,4,0,0,0,0,1,4,5,1,0,0,,,,,,
1150061100,서울특별시 강서구 발산제1동,2025090412,37.5502694444444,126.835244444444,5,4,0,0,0,0,1,6,7,4,0,0,0,0,1,4,5,1,0,0,,,,,,
1150061500,서울특별시 강서구 우장산동,2025090412,37.5482468,126.8418849,5,3,0,0,0,0,1,6,7,4,0,0,0,0,1,4,5,2,0,0,,,,,,
1150062000,서울특별시 강서구 공항동,2025090412,37.5561055555555,126.812163888888,5,4,0,0,0,0,1,5,7,4,0,0,0,0,1,4,5,1,0,0,,,,,,
1150063000,서울특별시 강서구 방화제1동,2025090412,37.5687722222222,126.814311111111,5,4,0,0,0,0,1,5,7,4,0,0,0,0,1,4,5,1,0,0,,,,,,
1150064000,서울특별시 강서구 방화제2동,2025090412,37.5638749999999,126.808830555555,5,4,0,0,0,0,1,5,7,4,0,0,0,0,1,4,5,1,0,0,,,,,,
1150064100,서울특별시 강서구 방화제3동,2025090412,37.5759416666666,126.816019444444,5,4,0,0,0,0,1,5,7,4,0,0,0,0,1,4,5,1,0,0,,,,,,
1153000000,서울특별시 구로구,2025090412,37.49265,126.889597222222,5,3,0,0,0,0,1,6,7,4,0,0,0,0,1,4,5,2,0,0,,,,,,
1153051000,서울특별시 구로구 신도림동,2025090412,37.5049777777777,126.882652777777,5,3,0,0,0,0,1,6,7,4,0,0,0,0,1,4,5,2,0,0,,,,,,
1153052000,서울특별시 구로구 구로제1동,2025090412,37.4902027777777,126.877855555555,5,3,0,0,0,0,1,6,7,4,0,0,0,0,1,4,5,2,0,0,,,,,,
1153053000,서울특별시 구로구 구로제2동,2025090412,37.4886027777777,126.885666666666,5,3,0,0,0,0,1,6,7,4,0,0,0,0,1,4,5,2,0,0,,,,,,
1153054000,서울특별시 구로구 구로제3동,2025090412,37.4830555555555,126.895686111111,5,3,0,0,0,0,1,6,7,4,0,0,0,0,1,4,5,2,0,0,,,,,,
1153055000,서울특별시 구로구 구로제4동,2025090412,37.4888305555555,126.891222222222,5,3,0,0,0,0,1,6,7,4,0,0,0,0,1,4,5,2,0,0,,,,,,
1153056000,서울특별시 구로구 구로제5동,2025090412,37.4972777777777,126.891377777777,5,3,0,0,0,0,1,6,7,4,0,0,0,0,1,4,5,2,0,0,,,,,,
1153059500,서울특별시 구로구 가리봉동,2025090412,37.4779805555555,126.891986111111,5,3,0,0,0,0,1,6,7,4,0,0,0,0,1,4,5,2,0,0,,,,,,
1153072000,서울특별시 구로구 고척제1동,2025090412,37.4976083333333,126.864799999999,5,3,0,0,0,0,1,5,7,4,0,0,0,0,1,4,5,2,0,0,,,,,,
1153073000,서울특별시 구로구 고척제2동,2025090412,37.5037777777777,126.860430555555,5,3,0,0,0,0,1,6,7,4,0,0,0,0,1,4,5,2,0,0,,,,,,
1153074000,서울특별시 구로구 개봉제1동,2025090412,37.4993861111111,126.849263888888,5,3,0,0,0,0,1,5,7,4,0,0,0,0,1,4,5,2,0,0,,,,,,
1153075000,서울특별시 구로구 개봉제2동,2025090412,37.488025,126.858619444444,5,3,0,0,0,0,1,5,7,4,0,0,0,0,1,4,5,2,0,0,,,,,,
1153076000,서울특별시 구로구 개봉제3동,2025090412,37.4831722222222,126.855888888888,5,3,0,0,0,0,1,5,7,4,0,0,0,0,1,4,5,2,0,0,,,,,,
1153077000,서울특별시 구로구 오류제1동,2025090412,37.4942472222222,126.847088888888,5,3,0,0,0,0,1,5,7,4,0,0,0,0,1,4,5,2,0,0,,,,,,
1153078000,서울특별시 구로구 오류제2동,2025090412,37.4859916666666,126.841608333333,5,3,0,0,0,0,1,6,7,4,0,0,0,0,1,4,5,1,0,0,,,,,,
1153079000,서울특별시 구로구 수궁동,2025090412,37.4911055555555,126.833566666666,5,3,0,0,0,0,1,6,7,4,0,0,0,0,1,4,5,1,0,0,,,,,,
1153080000,서울특별시 구로구 항동,2025090412,37.482174,126.8107155,5,3,0,0,0,0,1,6,7,4,0,0,0,0,1,4,5,1,0,0,,,,,,
1154500000,서울특별시 금천구,2025090412,37.4491083333333,126.904197222222,5,3,0,0,0,0,1,6,7,4,0,0,0,0,1,4,5,2,0,0,,,,,,
1154551000,서울특별시 금천구 가산동,2025090412,37.474125,126.893808333333,5,3,0,0,0,0,1,6,7,4,0,0,0,0,1,4,5,2,0,0,,,,,,
1154561000,서울특별시 금천구 독산제1동,2025090412,37.4674583333333,126.8991,5,3,0,0,0,0,1,6,7,4,0,0,0,0,1,4,5,2,0,0,,,,,,
1154562000,서울특별시 금천구 독산제2동,2025090412,37.4632944444444,126.901844444444,5,3,0,0,0,0,1,6,7,4,0,0,0,0,1,4,5,2,0,0,,,,,,
1154563000,서울특별시 금천구 독산제3동,2025090412,37.4737888888888,126.909988888888,5,3,0,0,0,0,1,6,7,4,0,0,0,0,1,4,5,2,0,0,,,,,,
1154564000,서울특별시 금천구 독산제4동,2025090412,37.4646555555555,126.904222222222,5,3,0,0,0,0,1,6,7,4,0,0,0,0,1,4,5,2,0,0,,,,,,
1154567000,서울특별시 금천구 시흥제1동,2025090412,37.4521472222222,126.899419444444,5,3,0,0,0,0,1,6,7,4,0,0,0,0,1,4,5,1,0,0,,,,,,
1154568000,서울특별시 금천구 시흥제2동,2025090412,37.4472916666666,126.918830555555,5,3,0,0,0,0,1,6,7,4,0,0,0,0,1,4,5,2,0,0,,,,,,
1154569000,서울특별시 금천구 시흥제3동,2025090412,37.4375194444444,126.907975,5,3,0,0,0,0,1,6,7,4,0,0,0,0,1,4,5,2,0,0,,,,,,
1154570000,서울특별시 금천구 시흥제4동,2025090412,37.456175,126.908241666666,5,3,0,0,0,0,1,6,7,4,0,0,0,0,1,4,5,2,0,0,,,,,,
1154571000,서울특별시 금천구 시흥제5동,2025090412,37.4495861111111,126.910408333333,5,3,0,0,0,0,1,6,7,4,0,0,0,0,1,4,5,2,0,0,,,,,,
1156000000,서울특별시 영등포구,2025090412,37.5236111111111,126.898341666666,5,3,0,0,0,0,1,6,7,4,0,0,0,0,1,4,5,2,0,0,,,,,,
1156051500,서울특별시 영등포구 영등포본동,2025090412,37.5146826,126.9093046,5,4,0,0,0,0,1,6,7,4,0,0,0,0,1,4,5,2,0,0,,,,,,
1156053500,서울특별시 영등포구 영등포동,2025090412,37.5203985,126.910691,5,4,0,0,0,0,1,5,7,4,0,0,0,0,1,4,5,2,0,0,,,,,,
1156054000,서울특별시 영등포구 여의동,2025090412,37.5148888888888,126.936755555555,5,4,0,0,0,0,1,6,7,4,0,0,0,0,1,4,5,2,0,0,,,,,,
1156055000,서울특별시 영등포구 당산제1동,2025090412,37.5221583333333,126.899522222222,5,3,0,0,0,0,1,6,7,4,0,0,0,0,1,4,5,2,0,0,,,,,,
1156056000,서울특별시 영등포구 당산제2동,2025090412,37.5319388888888,126.904244444444,5,4,0,0,0,0,1,6,7,4,0,0,0,0,1,4,5,2,0,0,,,,,,
1156058500,서울특별시 영등포구 도림동,2025090412,37.509475,126.89595,5,3,0,0,0,0,1,5,7,4,0,0,0,0,1,4,5,2,0,0,,,,,,
1156060500,서울특별시 영등포구 문래동,2025090412,37.5170965,126.8995421,5,4,0,0,0,0,1,6,7,4,0,0,0,0,1,4,5,2,0,0,,,,,,
1156061000,서울특별시 영등포구 양평제1동,2025090412,37.5208472222222,126.890286111111,5,3,0,0,0,0,1,5,7,4,0,0,0,0,1,4,5,2,0,0,,,,,,
1156062000,서울특별시 영등포구 양평제2동,2025090412,37.535,126.898022222222,5,3,0,0,0,0,1,6,7,4,0,0,0,0,1,4,5,2,0,0,,,,,,
1156063000,서울특별시 영등포구 신길제1동,2025090412,37.5081722222222,126.923477777777,5,3,0,0,0,0,1,6,7,4,0,0,0,0,1,4,5,2,0,0,,,,,,
1156065000,서울특별시 영등포구 신길제3동,2025090412,37.5046222222222,126.909919444444,5,3,0,0,0,0,1,6,7,4,0,0,0,0,1,4,5,2,0,0,,,,,,
1156066000,서울특별시 영등포구 신길제4동,2025090412,37.5056722222222,126.913375,5,3,0,0,0,0,1,6,7,4,0,0,0,0,1,4,5,2,0,0,,,,,,
1156067000,서울특별시 영등포구 신길제5동,2025090412,37.4988222222222,126.907344444444,5,3,0,0,0,0,1,6,7,4,0,0,0,0,1,4,5,2,0,0,,,,,,
1156068000,서울특별시 영등포구 신길제6동,2025090412,37.4965638888888,126.911944444444,5,3,0,0,0,0,1,6,7,4,0,0,0,0,1,4,5,2,0,0,,,,,,
1156069000,서울특별시 영등포구 신길제7동,2025090412,37.5036555555555,126.923477777777,5,3,0,0,0,0,1,6,7,4,0,0,0,0,1,4,5,2,0,0,,,,,,
1156070000,서울특별시 영등포구 대림제1동,2025090412,37.4925888888888,126.907963888888,5,3,0,0,0,0,1,6,7,4,0,0,0,0,1,4,5,2,0,0,,,,,,
1156071000,서울특별시 영등포구 대림제2동,2025090412,37.489925,126.900355555555,5,3,0,0,0,0,1,6,7,4,0,0,0,0,1,4,5,2,0,0,,,,,,
1156072000,서울특별시 영등포구 대림제3동,2025090412,37.4954861111111,126.900211111111,5,3,0,0,0,0,1,6,7,4,0,0,0,0,1,4,5,2,0,0,,,,,,
1159000000,서울특별시 동작구,2025090412,37.5096555555555,126.941575,5,3,0,0,0,0,1,6,7,4,0,0,0,0,1,4,5,2,0,0,,,,,,
1159051000,서울특별시 동작구 노량진제1동,2025090412,37.5094805555555,126.944086111111,5,3,0,0,0,0,1,6,7,4,0,0,0,0,1,4,5,2,0,0,,,,,,
1159052000,서울특별시 동작구 노량진제2동,2025090412,37.5057333333333,126.939386111111,5,3,0,0,0,0,1,6,7,4,0,0,0,0,1,4,5,2,0,0,,,,,,
1159053000,서울특별시 동작구 상도제1동,2025090412,37.50405,126.953022222222,5,3,0,0,0,0,1,6,7,4,0,0,0,0,1,4,5,2,0,0,,,,,,
1159054000,서울특별시 동작구 상도제2동,2025090412,37.5026416666666,126.9444,5,3,0,0,0,0,1,6,7,4,0,0,0,0,1,4,5,2,0,0,,,,,,
1159055000,서울특별시 동작구 상도제3동,2025090412,37.4963666666666,126.933388888888,5,3,0,0,0,0,1,6,7,4,0,0,0,0,1,4,5,2,0,0,,,,,,
1159056000,서울특별시 동작구 상도제4동,2025090412,37.4977777777777,126.939875,5,3,0,0,0,0,1,6,7,4,0,0,0,0,1,4,5,2,0,0,,,,,,
1159060500,서울특별시 동작구 흑석동,2025090412,37.5067388888888,126.962611111111,5,3,0,0,0,0,1,6,7,4,0,0,0,0,1,4,2,2,0,0,,,,,,
1159062000,서울특별시 동작구 사당제1동,2025090412,37.4736111111111,126.975733333333,5,3,0,0,0,0,1,5,7,4,0,0,0,0,1,4,2,2,0,0,,,,,,
1159063000,서울특별시 동작구 사당제2동,2025090412,37.4856194444444,126.979508333333,5,3,0,0,0,0,1,6,7,4,0,0,0,0,1,4,2,2,0,0,,,,,,
1159064000,서울특별시 동작구 사당제3동,2025090412,37.483825,126.974086111111,5,3,0,0,0,0,1,6,7,4,0,0,0,0,1,4,2,2,0,0,,,,,,
1159065000,서울특별시 동작구 사당제4동,2025090412,37.4781861111111,126.973722222222,5,3,0,0,0,0,1,6,7,4,0,0,0,0,1,4,2,2,0,0,,,,,,
1159065100,서울특별시 동작구 사당제5동,2025090412,37.4827972222222,126.969108333333,5,3,0,0,0,0,1,6,7,4,0,0,0,0,1,4,2,2,0,0,,,,,,
1159066000,서울특별시 동작구 대방동,2025090412,37.5053305555555,126.928444444444,5,3,0,0,0,0,1,6,7,4,0,0,0,0,1,4,5,2,0,0,,,,,,
1159067000,서울특별시 동작구 신대방제1동,2025090412,37.48615,126.912108333333,5,3,0,0,0,0,1,6,7,4,0,0,0,0,1,4,5,2,0,0,,,,,,
1159068000,서울특별시 동작구 신대방제2동,2025090412,37.4961222222222,126.927975,5,3,0,0,0,0,1,6,7,4,0,0,0,0,1,4,5,2,0,0,,,,,,
1162000000,서울특별시 관악구,2025090412,37.4753861111111,126.953844444444,5,3,0,0,0,0,1,6,7,4,0,0,0,0,1,4,5,2,0,0,,,,,,
1162052500,서울특별시 관악구 보라매동,2025090412,37.4853055555555,126.934886111111,5,3,0,0,0,0,1,6,7,4,0,0,0,0,1,4,5,2,0,0,,,,,,
1162054500,서울특별시 관악구 청림동,2025090412,37.4890388888888,126.960666666666,5,3,0,0,0,0,1,6,7,4,0,0,0,0,1,4,5,2,0,0,,,,,,
1162056500,서울특별시 관악구 성현동,2025090412,37.4896244,126.9481357,5,3,0,0,0,0,1,6,7,4,0,0,0,0,1,4,5,2,0,0,,,,,,
1162057500,서울특별시 관악구 행운동,2025090412,37.4778833333333,126.959033333333,5,3,0,0,0,0,1,6,7,4,0,0,0,0,1,4,5,2,0,0,,,,,,
1162058500,서울특별시 관악구 낙성대동,2025090412,37.4735,126.960488888888,5,3,0,0,0,0,1,5,7,4,0,0,0,0,1,4,2,2,0,0,,,,,,
1162059500,서울특별시 관악구 청룡동,2025090412,37.479151,126.94155,5,3,0,0,0,0,1,6,7,4,0,0,0,0,1,4,5,2,0,0,,,,,,
1162060500,서울특별시 관악구 은천동,2025090412,37.4853086,126.9424278,5,3,0,0,0,0,1,6,7,4,0,0,0,0,1,4,5,2,0,0,,,,,,
1162061500,서울특별시 관악구 중앙동,2025090412,37.4814416666666,126.951755555555,5,3,0,0,0,0,1,6,7,4,0,0,0,0,1,4,5,2,0,0,,,,,,
1162062500,서울특별시 관악구 인헌동,2025090412,37.4723055555555,126.967375,5,3,0,0,0,0,1,5,7,4,0,0,0,0,1,4,5,2,0,0,,,,,,
1162063000,서울특별시 관악구 남현동,2025090412,37.4717888888888,126.979955555555,5,3,0,0,0,0,1,5,7,4,0,0,0,0,1,4,2,2,0,0,,,,,,
1162064500,서울특별시 관악구 서원동,2025090412,37.4797346,126.9313,5,3,0,0,0,0,1,6,7,4,0,0,0,0,1,4,5,2,0,0,,,,,,
1162065500,서울특별시 관악구 신원동,2025090412,37.4787777777777,126.929419444444,5,3,0,0,0,0,1,6,7,4,0,0,0,0,1,4,5,2,0,0,,,,,,
1162066500,서울특별시 관악구 서림동,2025090412,37.4721638888888,126.937055555555,5,3,0,0,0,0,1,5,7,4,0,0,0,0,1,4,5,2,0,0,,,,,,
1162068500,서울특별시 관악구 신사동,2025090412,37.4854118,126.9180796,5,3,0,0,0,0,1,6,7,4,0,0,0,0,1,4,5,2,0,0,,,,,,
1162069500,서울특별시 관악구 신림동,2025090412,37.487426,126.927075,5,3,0,0,0,0,1,6,7,4,0,0,0,0,1,4,5,2,0,0,,,,,,
1162071500,서울특별시 관악구 난향동,2025090412,37.461429,126.918842,5,3,0,0,0,0,1,6,7,4,0,0,0,0,1,4,5,2,0,0,,,,,,
1162072500,서울특별시 관악구 조원동,2025090412,37.4826299,126.9078649,5,3,0,0,0,0,1,6,7,4,0,0,0,0,1,4,5,2,0,0,,,,,,
1162073500,서울특별시 관악구 대학동,2025090412,37.4706145,126.9369907,5,3,0,0,0,0,1,5,7,4,0,0,0,0,1,4,5,2,0,0,,,,,,
1162074500,서울특별시 관악구 삼성동,2025090412,37.470101,126.932963,5,3,0,0,0,0,1,5,7,4,0,0,0,0,1,4,5,2,0,0,,,,,,
1162076500,서울특별시 관악구 미성동,2025090412,37.4761761,126.9155534,5,3,0,0,0,0,1,6,7,4,0,0,0,0,1,4,5,2,0,0,,,,,,
1162077500,서울특별시 관악구 난곡동,2025090412,37.4709634,126.9216507,5,3,0,0,0,0,1,6,7,4,0,0,0,0,1,4,5,2,0,0,,,,,,
1165000000,서울특별시 서초구,2025090412,37.4807861111111,127.034811111111,5,3,0,0,0,0,1,6,7,4,0,0,0,0,1,4,2,2,0,0,,,,,,
1165051000,서울특별시 서초구 서초1동,2025090412,37.486,127.021111111111,5,3,0,0,0,0,1,6,7,4,0,0,0,0,1,4,2,2,0,0,,,,,,
1165052000,서울특별시 서초구 서초2동,2025090412,37.48925,127.026911111111,5,3,0,0,0,0,1,6,7,4,0,0,0,0,1,4,2,2,0,0,,,,,,
1165053000,서울특별시 서초구 서초3동,2025090412,37.4807833333333,127.014566666666,5,3,0,0,0,0,1,6,7,4,0,0,0,0,1,4,2,2,0,0,,,,,,
1165053100,서울특별시 서초구 서초4동,2025090412,37.4998555555555,127.024222222222,5,3,0,0,0,0,1,6,7,4,0,0,0,0,1,4,2,2,0,0,,,,,,
1165054000,서울특별시 서초구 잠원동,2025090412,37.5120888888888,127.016052777777,5,3,0,0,0,0,1,6,7,4,0,0,0,0,1,4,2,2,0,0,,,,,,
1165055000,서울특별시 서초구 반포본동,2025090412,37.49765,126.988133333333,5,3,0,0,0,0,1,6,7,4,0,0,0,0,1,4,2,2,0,0,,,,,,
1165056000,서울특별시 서초구 반포1동,2025090412,37.5033194444444,127.014466666666,5,3,0,0,0,0,1,6,7,4,0,0,0,0,1,4,2,2,0,0,,,,,,
1165057000,서울특별시 서초구 반포2동,2025090412,37.5017833333333,126.996575,5,3,0,0,0,0,1,6,7,4,0,0,0,0,1,4,2,2,0,0,,,,,,
1165058000,서울특별시 서초구 반포3동,2025090412,37.5091722222222,127.007752777777,5,3,0,0,0,0,1,6,7,4,0,0,0,0,1,4,2,2,0,0,,,,,,
1165058100,서울특별시 서초구 반포4동,2025090412,37.4947583333333,127.002441666666,5,3,0,0,0,0,1,6,7,4,0,0,0,0,1,4,2,2,0,0,,,,,,
1165060000,서울특별시 서초구 방배1동,2025090412,37.4805583333333,126.996608333333,5,3,0,0,0,0,1,6,7,4,0,0,0,0,1,4,2,2,0,0,,,,,,
1165061000,서울특별시 서초구 방배2동,2025090412,37.4769666666666,126.987611111111,5,3,0,0,0,0,1,6,7,4,0,0,0,0,1,4,2,2,0,0,,,,,,
1165062000,서울특별시 서초구 방배3동,2025090412,37.4775388888888,127.001133333333,5,3,0,0,0,0,1,6,7,4,0,0,0,0,1,4,2,2,0,0,,,,,,
1165062100,서울특별시 서초구 방배4동,2025090412,37.4868166666666,126.993322222222,5,3,0,0,0,0,1,6,7,4,0,0,0,0,1,4,2,2,0,0,,,,,,
1165065100,서울특별시 서초구 양재1동,2025090412,37.4816361111111,127.038152777777,5,3,0,0,0,0,1,6,7,4,0,0,0,0,1,4,2,2,0,0,,,,,,
1165065200,서울특별시 서초구 양재2동,2025090412,37.4677805555555,127.043144444444,5,3,0,0,0,0,1,5,7,4,0,0,0,0,1,4,2,2,0,0,,,,,,
1165066000,서울특별시 서초구 내곡동,2025090412,37.4591444444444,127.053411111111,5,3,0,0,0,0,1,5,7,4,0,0,0,0,1,4,4,2,0,0,,,,,,
1168000000,서울특별시 강남구,2025090412,37.514575,127.049555555555,5,3,0,0,0,0,1,6,7,4,0,0,0,0,1,4,2,2,0,0,,,,,,
1168051000,서울특별시 강남구 신사동,2025090412,37.5213388888888,127.025022222222,5,3,0,0,0,0,1,6,7,4,0,0,0,0,1,4,2,2,0,0,,,,,,
1168052100,서울특별시 강남구 논현1동,2025090412,37.5087888888888,127.030511111111,5,3,0,0,0,0,1,6,7,4,0,0,0,0,1,4,2,2,0,0,,,,,,
1168053100,서울특별시 강남구 논현2동,2025090412,37.5144361111111,127.039288888888,5,3,0,0,0,0,1,6,7,4,0,0,0,0,1,4,2,2,0,0,,,,,,
1168054500,서울특별시 강남구 압구정동,2025090412,37.530642,127.030713,5,3,0,0,0,0,1,6,7,4,0,0,0,0,1,4,2,2,0,0,,,,,,
1168056500,서울특별시 강남구 청담동,2025090412,37.5251083,127.0493,5,3,0,0,0,0,1,6,7,4,0,0,0,0,1,4,2,2,0,0,,,,,,
1168058000,서울특별시 강남구 삼성1동,2025090412,37.5090416666666,127.057530555555,5,3,0,0,0,0,1,6,7,4,0,0,0,0,1,4,2,2,0,0,,,,,,
1168059000,서울특별시 강남구 삼성2동,2025090412,37.5083888888888,127.048086111111,5,3,0,0,0,0,1,6,7,4,0,0,0,0,1,4,2,2,0,0,,,,,,
1168060000,서울특별시 강남구 대치1동,2025090412,37.4905055555555,127.063855555555,5,3,0,0,0,0,1,6,7,4,0,0,0,0,1,4,2,2,0,0,,,,,,
1168061000,서울특별시 강남구 대치2동,2025090412,37.4971111111111,127.069019444444,5,3,0,0,0,0,1,6,7,4,0,0,0,0,1,4,2,2,0,0,,,,,,
1168063000,서울특별시 강남구 대치4동,2025090412,37.4969638888888,127.059852777777,5,3,0,0,0,0,1,6,7,4,0,0,0,0,1,4,2,2,0,0,,,,,,
1168064000,서울특별시 강남구 역삼1동,2025090412,37.4925833333333,127.035144444444,5,3,0,0,0,0,1,6,7,4,0,0,0,0,1,4,2,2,0,0,,,,,,
1168065000,서울특별시 강남구 역삼2동,2025090412,37.4932472222222,127.048855555555,5,3,0,0,0,0,1,6,7,4,0,0,0,0,1,4,2,2,0,0,,,,,,
1168065500,서울특별시 강남구 도곡1동,2025090412,37.4880666666666,127.040497222222,5,3,0,0,0,0,1,6,7,4,0,0,0,0,1,4,2,2,0,0,,,,,,
1168065600,서울특별시 강남구 도곡2동,2025090412,37.4798638888888,127.0454,5,3,0,0,0,0,1,6,7,4,0,0,0,0,1,4,2,2,0,0,,,,,,
1168066000,서울특별시 강남구 개포1동,2025090412,37.4790972222222,127.059555555555,5,3,0,0,0,0,1,6,7,4,0,0,0,0,1,4,2,2,0,0,,,,,,
1168067000,서울특별시 강남구 개포2동,2025090412,37.485175,127.075741666666,5,3,0,0,0,0,1,5,7,4,0,0,0,0,1,2,4,2,0,0,,,,,,
1168067500,서울특별시 강남구 개포3동,2025090412,37.4921439151835,127.073672992441,5,3,0,0,0,0,1,5,7,4,0,0,0,0,1,2,4,2,0,0,,,,,,
1168069000,서울특별시 강남구 개포4동,2025090412,37.4760277777777,127.053733333333,5,3,0,0,0,0,1,6,7,4,0,0,0,0,1,4,2,2,0,0,,,,,,
1168070000,서울특별시 강남구 세곡동,2025090412,37.4663666666666,127.109363888888,5,3,0,0,0,0,1,5,7,4,0,0,0,0,1,2,4,2,0,0,,,,,,
1168072000,서울특별시 강남구 일원본동,2025090412,37.4805333333333,127.0886,5,3,0,0,0,0,1,5,7,4,0,0,0,0,1,2,4,2,0,0,,,,,,
1168073000,서울특별시 강남구 일원1동,2025090412,37.4890583333333,127.090130555555,5,3,0,0,0,0,1,5,7,4,0,0,0,0,1,2,4,2,0,0,,,,,,
1168075000,서울특별시 강남구 수서동,2025090412,37.4860277777777,127.107,5,3,0,0,0,0,1,5,7,4,0,0,0,0,1,2,4,2,0,0,,,,,,
1171000000,서울특별시 송파구,2025090412,37.5117555555555,127.107930555555,5,3,0,0,0,0,1,5,7,4,0,0,0,0,1,2,2,2,0,0,,,,,,
1171051000,서울특별시 송파구 풍납1동,2025090412,37.5352472222222,127.124244444444,5,3,0,0,0,0,1,5,7,4,0,0,0,0,1,2,2,2,0,0,,,,,,
1171052000,서울특별시 송파구 풍납2동,2025090412,37.52595,127.118863888888,5,3,0,0,0,0,1,5,7,4,0,0,0,0,1,2,2,2,0,0,,,,,,
1171053100,서울특별시 송파구 거여1동,2025090412,37.4941083333333,127.145408333333,5,3,0,0,0,0,1,5,6,4,0,0,0,0,1,2,4,2,0,0,,,,,,
1171053200,서울특별시 송파구 거여2동,2025090412,37.4906861111111,127.149,5,3,0,0,0,0,1,5,6,4,0,0,0,0,1,2,4,2,0,0,,,,,,
1171054000,서울특별시 송파구 마천1동,2025090412,37.4932222222222,127.152088888888,5,3,0,0,0,0,1,5,6,4,0,0,0,0,1,2,4,2,0,0,,,,,,
1171055000,서울특별시 송파구 마천2동,2025090412,37.494075,127.150677777777,5,3,0,0,0,0,1,5,6,4,0,0,0,0,1,2,4,2,0,0,,,,,,
1171056100,서울특별시 송파구 방이1동,2025090412,37.5081472222222,127.126011111111,5,3,0,0,0,0,1,5,6,4,0,0,0,0,1,2,4,2,0,0,,,,,,
1171056200,서울특별시 송파구 방이2동,2025090412,37.5117555555555,127.116533333333,5,3,0,0,0,0,1,5,7,4,0,0,0,0,1,2,2,2,0,0,,,,,,
1171056600,서울특별시 송파구 오륜동,2025090412,37.5125888888888,127.1365,5,3,0,0,0,0,1,5,6,4,0,0,0,0,1,2,2,2,0,0,,,,,,
1171057000,서울특별시 송파구 오금동,2025090412,37.50015,127.130244444444,5,3,0,0,0,0,1,5,6,4,0,0,0,0,1,2,4,2,0,0,,,,,,
1171058000,서울특별시 송파구 송파1동,2025090412,37.5031305555555,127.111819444444,5,3,0,0,0,0,1,5,7,4,0,0,0,0,1,2,4,2,0,0,,,,,,
1171059000,서울특별시 송파구 송파2동,2025090412,37.4994361111111,127.118911111111,5,3,0,0,0,0,1,5,7,4,0,0,0,0,1,2,4,2,0,0,,,,,,
1171060000,서울특별시 송파구 석촌동,2025090412,37.500775,127.105752777777,5,3,0,0,0,0,1,5,7,4,0,0,0,0,1,2,4,2,0,0,,,,,,
1171061000,서울특별시 송파구 삼전동,2025090412,37.4999777777777,127.094641666666,5,3,0,0,0,0,1,5,7,4,0,0,0,0,1,2,4,2,0,0,,,,,,
1171062000,서울특별시 송파구 가락본동,2025090412,37.4927722222222,127.123911111111,5,3,0,0,0,0,1,5,7,4,0,0,0,0,1,2,4,2,0,0,,,,,,
1171063100,서울특별시 송파구 가락1동,2025090412,37.49375,127.107686111111,5,3,0,0,0,0,1,5,7,4,0,0,0,0,1,2,4,2,0,0,,,,,,
1171063200,서울특별시 송파구 가락2동,2025090412,37.4958444444444,127.128641666666,5,3,0,0,0,0,1,5,6,4,0,0,0,0,1,2,4,2,0,0,,,,,,
1171064100,서울특별시 송파구 문정1동,2025090412,37.4871916666666,127.1262,5,3,0,0,0,0,1,5,6,4,0,0,0,0,1,2,4,2,0,0,,,,,,
1171064200,서울특별시 송파구 문정2동,2025090412,37.4870527777777,127.113063888888,5,3,0,0,0,0,1,5,7,4,0,0,0,0,1,2,4,2,0,0,,,,,,
1171064600,서울특별시 송파구 장지동,2025090412,37.4841361111111,127.134533333333,5,3,0,0,0,0,1,5,6,4,0,0,0,0,1,2,4,2,0,0,,,,,,
1171064700,서울특별시 송파구 위례동,2025090412,37.4791657,127.1414918,5,3,0,0,0,0,1,5,6,4,0,0,0,0,1,2,4,2,0,0,,,,,,
1171065000,서울특별시 송파구 잠실본동,2025090412,37.5033555555555,127.086419444444,5,3,0,0,0,0,1,5,7,4,0,0,0,0,1,2,4,2,0,0,,,,,,
1171067000,서울특별시 송파구 잠실2동,2025090412,37.5119138888888,127.089975,5,3,0,0,0,0,1,5,7,4,0,0,0,0,1,2,2,2,0,0,,,,,,
1171068000,서울특별시 송파구 잠실3동,2025090412,37.5044888888888,127.096411111111,5,3,0,0,0,0,1,5,7,4,0,0,0,0,1,2,4,2,0,0,,,,,,
1171069000,서울특별시 송파구 잠실4동,2025090412,37.5164444444444,127.110055555555,5,3,0,0,0,0,1,5,7,4,0,0,0,0,1,2,2,2,0,0,,,,,,
1171071000,서울특별시 송파구 잠실6동,2025090412,37.5153833333333,127.102652777777,5,3,0,0,0,0,1,5,7,4,0,0,0,0,1,2,2,2,0,0,,,,,,
1171072000,서울특별시 송파구 잠실7동,2025090412,37.5058611111111,127.079133333333,5,3,0,0,0,0,1,5,7,4,0,0,0,0,1,2,4,2,0,0,,,,,,
1174000000,서울특별시 강동구,2025090412,37.5273666666666,127.125863888888,5,3,0,0,0,0,1,5,6,4,0,0,0,0,1,2,2,2,0,0,,,,,,
1174051500,서울특별시 강동구 강일동,2025090412,37.5667138888888,127.1804,5,4,0,0,0,0,1,5,6,4,0,0,0,0,1,2,2,2,0,0,,,,,,
1174052500,서울특별시 강동구 상일제1동,2025090412,37.5506,127.1683,5,3,0,0,0,0,1,5,6,4,0,0,0,0,1,2,2,2,0,0,,,,,,
1174052600,서울특별시 강동구 상일제2동,2025090412,37.55,127.1759,5,3,0,0,0,0,1,5,6,4,0,0,0,0,1,2,2,2,0,0,,,,,,
1174053000,서울특별시 강동구 명일제1동,2025090412,37.5469638888888,127.148022222222,5,3,0,0,0,0,1,5,6,4,0,0,0,0,1,2,2,2,0,0,,,,,,
1174054000,서울특별시 강동구 명일제2동,2025090412,37.5435527777777,127.153444444444,5,3,0,0,0,0,1,5,6,4,0,0,0,0,1,2,2,2,0,0,,,,,,
1174055000,서울특별시 강동구 고덕제1동,2025090412,37.5562444444444,127.151019444444,5,4,0,0,0,0,1,5,6,4,0,0,0,0,1,2,2,2,0,0,,,,,,
1174056000,서울특별시 강동구 고덕제2동,2025090412,37.5577138888888,127.166486111111,5,4,0,0,0,0,1,5,6,4,0,0,0,0,1,2,2,2,0,0,,,,,,
1174057000,서울특별시 강동구 암사제1동,2025090412,37.5487166666666,127.134763888888,5,3,0,0,0,0,1,5,6,4,0,0,0,0,1,2,2,2,0,0,,,,,,
1174058000,서울특별시 강동구 암사제2동,2025090412,37.5489611111111,127.129352777777,5,3,0,0,0,0,1,5,6,4,0,0,0,0,1,2,2,2,0,0,,,,,,
1174059000,서울특별시 강동구 암사제3동,2025090412,37.5523722222222,127.140375,5,3,0,0,0,0,1,5,6,4,0,0,0,0,1,2,2,2,0,0,,,,,,
1174060000,서울특별시 강동구 천호제1동,2025090412,37.5423027777777,127.138877777777,5,3,0,0,0,0,1,5,6,4,0,0,0,0,1,2,2,2,0,0,,,,,,
1174061000,서울특별시 강동구 천호제2동,2025090412,37.5397861111111,127.122908333333,5,3,0,0,0,0,1,5,7,4,0,0,0,0,1,2,2,2,0,0,,,,,,
1174062000,서울특별시 강동구 천호제3동,2025090412,37.5369722222222,127.131966666666,5,3,0,0,0,0,1,5,6,4,0,0,0,0,1,2,2,2,0,0,,,,,,
1174064000,서울특별시 강동구 성내제1동,2025090412,37.5278472222222,127.126030555555,5,3,0,0,0,0,1,5,6,4,0,0,0,0,1,2,2,2,0,0,,,,,,
1174065000,서울특별시 강동구 성내제2동,2025090412,37.5296027777777,127.131586111111,5,3,0,0,0,0,1,5,6,4,0,0,0,0,1,2,2,2,0,0,,,,,,
1174066000,서울특별시 강동구 성내제3동,2025090412,37.5233722222222,127.134886111111,5,3,0,0,0,0,1,5,6,4,0,0,0,0,1,2,2,2,0,0,,,,,,
1174068500,서울특별시 강동구 길동,2025090412,37.5392169,127.1461684,5,3,0,0,0,0,1,5,6,4,0,0,0,0,1,2,2,2,0,0,,,,,,
1174069000,서울특별시 강동구 둔촌제1동,2025090412,37.52075,127.138830555555,5,3,0,0,0,0,1,5,6,4,0,0,0,0,1,2,2,2,0,0,,,,,,
1174070000,서울특별시 강동구 둔촌제2동,2025090412,37.53055,127.144019444444,5,3,0,0,0,0,1,5,6,4,0,0,0,0,1,2,2,2,0,0,,,,,,
2600000000,부산광역시,2025090412,35.1770194444444,129.076952777777,9,4,0,0,0,0,1,6,7,4,0,0,0,0,1,5,7,4,0,0,,,,,,
2611000000,부산광역시 중구,2025090412,35.1032166666666,129.034508333333,9,4,0,0,0,0,1,6,7,5,0,0,0,0,1,6,7,4,0,0,,,,,,
2611051000,부산광역시 중구 중앙동,2025090412,35.0981861111111,129.037588888888,9,4,0,0,0,0,1,6,7,5,0,0,0,0,1,6,7,4,0,0,,,,,,
2611052000,부산광역시 중구 동광동,2025090412,35.1019333333333,129.036877777777,9,4,0,0,0,0,1,6,7,5,0,0,0,0,1,6,7,4,0,0,,,,,,
2611053000,부산광역시 중구 대청동,2025090412,35.1011472222222,129.033333333333,9,4,0,0,0,0,1,6,7,5,0,0,0,0,1,6,7,4,0,0,,,,,,
2611054500,부산광역시 중구 보수동,2025090412,35.1007027777777,129.027622222222,9,4,0,0,0,0,1,6,7,5,0,0,0,0,1,6,7,4,0,0,,,,,,
2611056000,부산광역시 중구 부평동,2025090412,35.0972972222222,129.028797222222,9,4,0,0,0,0,1,6,7,5,0,0,0,0,1,6,7,4,0,0,,,,,,
2611057000,부산광역시 중구 광복동,2025090412,35.0968583333333,129.032752777777,9,4,0,0,0,0,1,6,7,5,0,0,0,0,1,6,7,4,0,0,,,,,,
2611058000,부산광역시 중구 남포동,2025090412,35.0943055555555,129.034086111111,9,4,0,0,0,0,1,6,7,5,0,0,0,0,1,6,7,4,0,0,,,,,,
2611059000,부산광역시 중구 영주제1동,2025090412,35.1080472222222,129.037286111111,9,4,0,0,0,0,1,6,7,5,0,0,0,0,1,6,7,4,0,0,,,,,,
2611060000,부산광역시 중구 영주제2동,2025090412,35.1085083333333,129.034033333333,9,4,0,0,0,0,1,6,7,5,0,0,0,0,1,6,7,4,0,0,,,,,,
2614000000,부산광역시 서구,2025090412,35.0948361111111,129.026377777777,9,4,0,0,0,0,1,6,7,5,0,0,0,0,1,6,7,4,0,0,,,,,,
2614051000,부산광역시 서구 동대신제1동,2025090412,35.1065361111111,129.022508333333,9,4,0,0,0,0,1,6,7,5,0,0,0,0,1,6,7,4,0,0,,,,,,
2614052000,부산광역시 서구 동대신제2동,2025090412,35.1098527777777,129.025430555555,9,4,0,0,0,0,1,6,7,5,0,0,0,0,1,6,7,4,0,0,,,,,,
2614053000,부산광역시 서구 동대신제3동,2025090412,35.1113388888888,129.019508333333,9,4,0,0,0,0,1,6,7,5,0,0,0,0,1,6,7,4,0,0,,,,,,
2614054000,부산광역시 서구 서대신제1동,2025090412,35.1080138888888,129.016675,9,4,0,0,0,0,1,6,7,5,0,0,0,0,1,6,7,4,0,0,,,,,,
2614056000,부산광역시 서구 서대신제3동,2025090412,35.1103666666666,129.014188888888,9,4,0,0,0,0,1,6,7,5,0,0,0,0,1,6,7,4,0,0,,,,,,
2614057000,부산광역시 서구 서대신제4동,2025090412,35.1160722222222,129.014833333333,9,4,0,0,0,0,1,6,7,5,0,0,0,0,1,6,7,4,0,0,,,,,,
2614059000,부산광역시 서구 부민동,2025090412,35.1006861111111,129.020752777777,9,4,0,0,0,0,1,6,7,5,0,0,0,0,1,6,7,4,0,0,,,,,,
2614061500,부산광역시 서구 아미동,2025090412,35.0970888888888,129.017686111111,9,4,0,0,0,0,1,6,7,5,0,0,0,0,1,6,7,4,0,0,,,,,,
2614063000,부산광역시 서구 초장동,2025090412,35.0928777777777,129.022563888888,9,4,0,0,0,0,1,6,7,5,0,0,0,0,1,6,7,4,0,0,,,,,,
2614064000,부산광역시 서구 충무동,2025090412,35.0949361111111,129.023897222222,9,4,0,0,0,0,1,6,7,5,0,0,0,0,1,6,7,4,0,0,,,,,,
2614065000,부산광역시 서구 남부민제1동,2025090412,35.0896583333333,129.025563888888,9,4,0,0,0,0,1,6,7,5,0,0,0,0,1,6,7,4,0,0,,,,,,
2614066000,부산광역시 서구 남부민제2동,2025090412,35.08155,129.021863888888,9,4,0,0,0,0,1,6,7,5,0,0,0,0,1,6,7,4,0,0,,,,,,
2614068000,부산광역시 서구 암남동,2025090412,35.0769055555555,129.0236,9,4,0,0,0,0,1,6,7,5,0,0,0,0,1,6,7,5,0,0,,,,,,
2617000000,부산광역시 동구,2025090412,35.1358944444444,129.059175,9,4,0,0,0,0,1,6,7,5,0,0,0,0,1,5,7,4,0,0,,,,,,
2617051000,부산광역시 동구 초량제1동,2025090412,35.1108777777777,129.039188888888,9,4,0,0,0,0,1,6,7,5,0,0,0,0,1,6,7,4,0,0,,,,,,
2617052000,부산광역시 동구 초량제2동,2025090412,35.1134472222222,129.0408,9,4,0,0,0,0,1,6,7,5,0,0,0,0,1,6,7,4,0,0,,,,,,
2617053000,부산광역시 동구 초량제3동,2025090412,35.1181861111111,129.042066666666,9,4,0,0,0,0,1,6,7,5,0,0,0,0,1,6,7,4,0,0,,,,,,
2617055000,부산광역시 동구 초량제6동,2025090412,35.1229083333333,129.036744444444,9,4,0,0,0,0,1,6,7,5,0,0,0,0,1,6,7,4,0,0,,,,,,
2617056000,부산광역시 동구 수정제1동,2025090412,35.122275,129.044533333333,9,4,0,0,0,0,1,6,7,5,0,0,0,0,1,6,7,4,0,0,,,,,,
2617057000,부산광역시 동구 수정제2동,2025090412,35.1252527777777,129.047263888888,9,4,0,0,0,0,1,6,7,4,0,0,0,0,1,5,7,4,0,0,,,,,,
2617059000,부산광역시 동구 수정제4동,2025090412,35.1239972222222,129.042963888888,9,4,0,0,0,0,1,6,7,4,0,0,0,0,1,4,7,4,0,0,,,,,,
2617060000,부산광역시 동구 수정제5동,2025090412,35.1307333333333,129.044688888888,9,4,0,0,0,0,1,6,7,4,0,0,0,0,1,5,7,4,0,0,,,,,,
2617064500,부산광역시 동구 좌천동,2025090412,35.1319861111111,129.052791666667,9,4,0,0,0,0,1,6,7,5,0,0,0,0,1,5,7,4,0,0,,,,,,
2617065000,부산광역시 동구 범일제1동,2025090412,35.1362722222222,129.058308333333,9,4,0,0,0,0,1,6,7,5,0,0,0,0,1,5,7,4,0,0,,,,,,
2617066000,부산광역시 동구 범일제2동,2025090412,35.1318722222222,129.061986111111,9,4,0,0,0,0,1,6,7,5,0,0,0,0,1,5,7,4,0,0,,,,,,
2617068000,부산광역시 동구 범일제5동,2025090412,35.1273055555555,129.056019444444,9,4,0,0,0,0,1,6,7,5,0,0,0,0,1,5,7,4,0,0,,,,,,
2620000000,부산광역시 영도구,2025090412,35.0881166666666,129.070186111111,9,4,0,0,0,0,1,6,7,5,0,0,0,0,1,6,7,4,0,0,,,,,,
2620053000,부산광역시 영도구 남항동,2025090412,35.0867888888888,129.039852777777,9,4,0,0,0,0,1,6,7,5,0,0,0,0,1,6,7,4,0,0,,,,,,
2620054000,부산광역시 영도구 영선제1동,2025090412,35.0871611111111,129.047033333333,9,4,0,0,0,0,1,6,7,5,0,0,0,0,1,6,7,4,0,0,,,,,,
2620055000,부산광역시 영도구 영선제2동,2025090412,35.08385,129.043641666666,9,4,0,0,0,0,1,6,7,5,0,0,0,0,1,6,7,4,0,0,,,,,,
2620058500,부산광역시 영도구 신선동,2025090412,35.0802444444444,129.047455555555,9,4,0,0,0,0,1,6,7,5,0,0,0,0,1,6,7,4,0,0,,,,,,
2620059000,부산광역시 영도구 봉래제1동,2025090412,35.0903916666666,129.046622222222,9,4,0,0,0,0,1,6,7,5,0,0,0,0,1,6,7,4,0,0,,,,,,
2620060500,부산광역시 영도구 봉래제2동,2025090412,35.0911083333333,129.048397222222,9,4,0,0,0,0,1,6,7,5,0,0,0,0,1,6,7,4,0,0,,,,,,
2620063000,부산광역시 영도구 청학제1동,2025090412,35.0938333333333,129.060686111111,9,4,0,0,0,0,1,6,7,5,0,0,0,0,1,6,7,4,0,0,,,,,,
2620064000,부산광역시 영도구 청학제2동,2025090412,35.088825,129.068030555555,9,4,0,0,0,0,1,6,7,5,0,0,0,0,1,6,7,4,0,0,,,,,,
2620065000,부산광역시 영도구 동삼제1동,2025090412,35.0717944444444,129.070708333333,9,3,0,0,0,0,1,6,7,5,0,0,0,0,1,6,7,5,0,0,,,,,,
2620066000,부산광역시 영도구 동삼제2동,2025090412,35.0647416666666,129.082922222222,9,3,0,0,0,0,1,6,7,5,0,0,0,0,1,6,7,5,0,0,,,,,,
2620067000,부산광역시 영도구 동삼제3동,2025090412,35.0815805555555,129.070922222222,9,4,0,0,0,0,1,6,7,5,0,0,0,0,1,6,7,4,0,0,,,,,,
2623000000,부산광역시 부산진구,2025090412,35.1599527777777,129.055319444444,9,4,0,0,0,0,1,6,7,4,0,0,0,0,1,5,7,4,0,0,,,,,,
2623051000,부산광역시 부산진구 부전제1동,2025090412,35.1572583333333,129.060922222222,9,4,0,0,0,0,1,6,7,5,0,0,0,0,1,5,7,4,0,0,,,,,,
2623052000,부산광역시 부산진구 부전제2동,2025090412,35.1495222222222,129.059075,9,4,0,0,0,0,1,6,7,5,0,0,0,0,1,5,7,4,0,0,,,,,,
2623054000,부산광역시 부산진구 연지동,2025090412,35.1697138888888,129.055008333333,9,4,0,0,0,0,1,6,7,4,0,0,0,0,1,5,7,4,0,0,,,,,,
2623055000,부산광역시 부산진구 초읍동,2025090412,35.175625,129.049833333333,9,4,0,0,0,0,1,6,7,4,0,0,0,0,1,5,7,4,0,0,,,,,,
2623056000,부산광역시 부산진구 양정제1동,2025090412,35.1713972222222,129.066655555555,9,4,0,0,0,0,1,6,7,4,0,0,0,0,1,5,7,4,0,0,,,,,,
2623057000,부산광역시 부산진구 양정제2동,2025090412,35.1697805555555,129.077988888888,9,4,0,0,0,0,1,6,7,4,0,0,0,0,1,5,7,4,0,0,,,,,,
2623060000,부산광역시 부산진구 전포제1동,2025090412,35.1512694444444,129.069622222222,9,4,0,0,0,0,1,6,7,5,0,0,0,0,1,5,7,4,0,0,,,,,,
2623061000,부산광역시 부산진구 전포제2동,2025090412,35.1586305555555,129.068444444444,9,4,0,0,0,0,1,6,7,5,0,0,0,0,1,5,7,4,0,0,,,,,,
2623064000,부산광역시 부산진구 부암제1동,2025090412,35.1604611111111,129.051777777777,9,4,0,0,0,0,1,6,7,4,0,0,0,0,1,5,7,4,0,0,,,,,,
2623066000,부산광역시 부산진구 부암제3동,2025090412,35.1659222222222,129.042055555555,9,4,0,0,0,0,1,6,7,4,0,0,0,0,1,5,7,4,0,0,,,,,,
2623067000,부산광역시 부산진구 당감제1동,2025090412,35.1597,129.042366666666,9,4,0,0,0,0,1,6,7,4,0,0,0,0,1,5,7,4,0,0,,,,,,
2623068000,부산광역시 부산진구 당감제2동,2025090412,35.1548888888888,129.050277777777,9,4,0,0,0,0,1,6,7,4,0,0,0,0,1,5,7,4,0,0,,,,,,
2623070000,부산광역시 부산진구 당감제4동,2025090412,35.1649138888888,129.038797222222,9,4,0,0,0,0,1,6,7,4,0,0,0,0,1,5,7,4,0,0,,,,,,
2623071000,부산광역시 부산진구 가야제1동,2025090412,35.1519111111111,129.044052777777,9,4,0,0,0,0,1,6,7,4,0,0,0,0,1,5,7,4,0,0,,,,,,
2623072000,부산광역시 부산진구 가야제2동,2025090412,35.1466805555555,129.031288888888,9,4,0,0,0,0,1,6,7,4,0,0,0,0,1,5,7,4,0,0,,,,,,
2623074000,부산광역시 부산진구 개금제1동,2025090412,35.1495666666666,129.024175,9,4,0,0,0,0,1,6,7,4,0,0,0,0,1,5,7,4,0,0,,,,,,
2623075000,부산광역시 부산진구 개금제2동,2025090412,35.1417055555555,129.021688888888,9,4,0,0,0,0,1,6,7,4,0,0,0,0,1,5,7,4,0,0,,,,,,
2623076000,부산광역시 부산진구 개금제3동,2025090412,35.1526861111111,129.024222222222,9,4,0,0,0,0,1,6,7,4,0,0,0,0,1,5,7,4,0,0,,,,,,
2623077000,부산광역시 부산진구 범천제1동,2025090412,35.14385,129.0633,9,4,0,0,0,0,1,6,7,5,0,0,0,0,1,5,7,4,0,0,,,,,,
2623078000,부산광역시 부산진구 범천제2동,2025090412,35.1432777777777,129.058397222222,9,4,0,0,0,0,1,6,7,5,0,0,0,0,1,5,7,4,0,0,,,,,,
2626000000,부산광역시 동래구,2025090412,35.2018722222222,129.085855555555,9,4,0,0,0,0,1,6,7,4,0,0,0,0,1,5,7,4,0,0,,,,,,
2626051000,부산광역시 동래구 수민동,2025090412,35.192975,129.093388888888,9,4,0,0,0,0,1,6,7,4,0,0,0,0,1,5,7,4,0,0,,,,,,
2626052000,부산광역시 동래구 복산동,2025090412,35.2027083333333,129.088375,9,4,0,0,0,0,1,6,7,4,0,0,0,0,1,5,7,4,0,0,,,,,,
2626054500,부산광역시 동래구 명륜동,2025090412,35.2124914,129.081561,9,4,0,0,0,0,1,6,7,4,0,0,0,0,1,5,7,4,0,0,,,,,,
2626055000,부산광역시 동래구 온천제1동,2025090412,35.2169666666666,129.082386111111,9,4,0,0,0,0,1,6,7,4,0,0,0,0,1,5,7,4,0,0,,,,,,
2626056000,부산광역시 동래구 온천제2동,2025090412,35.2048833333333,129.075252777777,9,4,0,0,0,0,1,6,7,4,0,0,0,0,1,5,7,4,0,0,,,,,,
2626057000,부산광역시 동래구 온천제3동,2025090412,35.2018666666666,129.068552777777,9,4,0,0,0,0,1,6,7,4,0,0,0,0,1,5,7,4,0,0,,,,,,
2626058000,부산광역시 동래구 사직제1동,2025090412,35.1959333333333,129.064344444444,9,4,0,0,0,0,1,6,7,4,0,0,0,0,1,5,7,4,0,0,,,,,,
2626059000,부산광역시 동래구 사직제2동,2025090412,35.1971749999999,129.059166666666,9,4,0,0,0,0,1,6,7,4,0,0,0,0,1,5,7,4,0,0,,,,,,
2626060000,부산광역시 동래구 사직제3동,2025090412,35.1963888888888,129.071722222222,9,4,0,0,0,0,1,6,7,4,0,0,0,0,1,5,7,4,0,0,,,,,,
2626074000,부산광역시 동래구 안락제1동,2025090412,35.1940472222222,129.100911111111,9,4,0,0,0,0,1,6,7,4,0,0,0,0,1,5,7,4,0,0,,,,,,
2626075000,부산광역시 동래구 안락제2동,2025090412,35.1946444444444,129.112311111111,9,4,0,0,0,0,1,6,7,4,0,0,0,0,1,5,7,4,0,0,,,,,,
2626076100,부산광역시 동래구 명장제1동,2025090412,35.2015805555555,129.106499999999,9,4,0,0,0,0,1,6,7,4,0,0,0,0,1,5,7,4,0,0,,,,,,
2626076200,부산광역시 동래구 명장제2동,2025090412,35.2048666666666,129.104655555555,9,4,0,0,0,0,1,6,7,4,0,0,0,0,1,5,7,4,0,0,,,,,,
2629000000,부산광역시 남구,2025090412,35.1334083333333,129.0865,9,4,0,0,0,0,1,6,7,5,0,0,0,0,1,5,7,4,0,0,,,,,,
2629051000,부산광역시 남구 대연제1동,2025090412,35.1314638888888,129.095719444444,9,4,0,0,0,0,1,6,7,5,0,0,0,0,1,5,7,4,0,0,,,,,,
2629053000,부산광역시 남구 대연제3동,2025090412,35.1316361111111,129.102577777777,9,4,0,0,0,0,1,6,7,5,0,0,0,0,1,5,7,4,0,0,,,,,,
2629054000,부산광역시 남구 대연제4동,2025090412,35.1267111111111,129.093619444444,9,4,0,0,0,0,1,6,7,5,0,0,0,0,1,5,7,4,0,0,,,,,,
2629055000,부산광역시 남구 대연제5동,2025090412,35.1353694444444,129.092488888888,9,4,0,0,0,0,1,6,7,5,0,0,0,0,1,5,7,4,0,0,,,,,,
2629056000,부산광역시 남구 대연제6동,2025090412,35.1318666666666,129.085841666666,9,4,0,0,0,0,1,6,7,5,0,0,0,0,1,5,7,4,0,0,,,,,,
2629057000,부산광역시 남구 용호제1동,2025090412,35.1177138888888,129.111297222222,9,3,0,0,0,0,1,6,9,5,0,0,0,0,1,6,7,5,0,0,,,,,,
2629058000,부산광역시 남구 용호제2동,2025090412,35.11175,129.115686111111,9,3,0,0,0,0,1,6,9,5,0,0,0,0,1,6,7,5,0,0,,,,,,
2629059000,부산광역시 남구 용호제3동,2025090412,35.1179222222222,129.115063888888,9,3,0,0,0,0,1,6,9,5,0,0,0,0,1,6,7,5,0,0,,,,,,
2629060000,부산광역시 남구 용호제4동,2025090412,35.1101444444444,129.112663888888,9,3,0,0,0,0,1,6,9,5,0,0,0,0,1,6,7,5,0,0,,,,,,
2629061000,부산광역시 남구 용당동,2025090412,35.1144111111111,129.097455555555,9,4,0,0,0,0,1,6,7,5,0,0,0,0,1,6,7,4,0,0,,,,,,
2629062000,부산광역시 남구 감만제1동,2025090412,35.1137888888888,129.082888888888,9,4,0,0,0,0,1,6,7,5,0,0,0,0,1,6,7,4,0,0,,,,,,
2629063000,부산광역시 남구 감만제2동,2025090412,35.1194583333333,129.086777777777,9,4,0,0,0,0,1,6,7,5,0,0,0,0,1,6,7,4,0,0,,,,,,
2629064500,부산광역시 남구 우암동,2025090412,35.12499999,129.0758507,9,4,0,0,0,0,1,6,7,5,0,0,0,0,1,5,7,4,0,0,,,,,,
2629068000,부산광역시 남구 문현제1동,2025090412,35.1393944444444,129.073577777777,9,4,0,0,0,0,1,6,7,5,0,0,0,0,1,5,7,4,0,0,,,,,,
2629069000,부산광역시 남구 문현제2동,2025090412,35.1422222222222,129.070997222222,9,4,0,0,0,0,1,6,7,5,0,0,0,0,1,5,7,4,0,0,,,,,,
2629070000,부산광역시 남구 문현제3동,2025090412,35.1351222222222,129.073919444444,9,4,0,0,0,0,1,6,7,5,0,0,0,0,1,5,7,4,0,0,,,,,,
2629071000,부산광역시 남구 문현제4동,2025090412,35.1330305555555,129.0712,9,4,0,0,0,0,1,6,7,5,0,0,0,0,1,5,7,4,0,0,,,,,,
2632000000,부산광역시 북구,2025090412,35.1941805555555,128.992474999999,7,4,0,0,0,0,1,6,7,4,0,0,0,0,1,5,7,4,0,0,,,,,,
2632051000,부산광역시 북구 구포제1동,2025090412,35.2033694444444,129.003411111111,9,4,0,0,0,0,1,6,7,4,0,0,0,0,1,5,7,4,0,0,,,,,,
2632052000,부산광역시 북구 구포제2동,2025090412,35.1996361111111,129.000244444444,7,4,0,0,0,0,1,6,7,4,0,0,0,0,1,5,7,4,0,0,,,,,,
2632052100,부산광역시 북구 구포제3동,2025090412,35.1917583333333,129.011044444444,9,4,0,0,0,0,1,6,7,4,0,0,0,0,1,5,7,4,0,0,,,,,,
2632053000,부산광역시 북구 금곡동,2025090412,35.2470055555555,129.015088888888,9,4,0,0,0,0,1,6,7,4,0,0,0,0,1,5,7,4,0,0,,,,,,
2632054100,부산광역시 북구 화명제1동,2025090412,35.2216944444444,129.012466666666,9,4,0,0,0,0,1,6,7,4,0,0,0,0,1,5,7,4,0,0,,,,,,
2632054200,부산광역시 북구 화명제2동,2025090412,35.240525,129.022022222222,9,4,0,0,0,0,1,6,7,4,0,0,0,0,1,5,7,4,0,0,,,,,,
2632054300,부산광역시 북구 화명제3동,2025090412,35.2287722222222,129.012333333333,9,4,0,0,0,0,1,6,7,4,0,0,0,0,1,5,7,4,0,0,,,,,,
2632055000,부산광역시 북구 덕천제1동,2025090412,35.2093888888888,129.019019444444,9,4,0,0,0,0,1,6,7,4,0,0,0,0,1,5,7,4,0,0,,,,,,
2632056000,부산광역시 북구 덕천제2동,2025090412,35.2092666666666,129.010244444444,9,4,0,0,0,0,1,6,7,4,0,0,0,0,1,5,7,4,0,0,,,,,,
2632056100,부산광역시 북구 덕천제3동,2025090412,35.2068194444444,129.019697222222,9,4,0,0,0,0,1,6,7,4,0,0,0,0,1,5,7,4,0,0,,,,,,
2632057100,부산광역시 북구 만덕제1동,2025090412,35.2103666666666,129.038519444444,9,4,0,0,0,0,1,6,7,4,0,0,0,0,1,5,7,4,0,0,,,,,,
2632057200,부산광역시 북구 만덕제2동,2025090412,35.2071194444444,129.039466666666,9,4,0,0,0,0,1,6,7,4,0,0,0,0,1,5,7,4,0,0,,,,,,
2632057300,부산광역시 북구 만덕제3동,2025090412,35.2083083333333,129.031397222222,9,4,0,0,0,0,1,6,7,4,0,0,0,0,1,5,7,4,0,0,,,,,,
2635000000,부산광역시 해운대구,2025090412,35.1600194444444,129.165808333333,9,4,0,0,0,0,1,6,7,5,0,0,0,0,1,6,7,4,0,0,,,,,,
2635051000,부산광역시 해운대구 우제1동,2025090412,35.1598111111111,129.160286111111,9,4,0,0,0,0,1,6,7,5,0,0,0,0,1,6,7,4,0,0,,,,,,
2635052000,부산광역시 해운대구 우제2동,2025090412,35.1681555555555,129.142211111111,9,4,0,0,0,0,1,6,7,5,0,0,0,0,1,4,7,4,0,0,,,,,,
2635052500,부산광역시 해운대구 우제3동,2025090412,35.1592915,129.1424022,9,4,0,0,0,0,1,6,7,5,0,0,0,0,1,6,7,4,0,0,,,,,,
2635053000,부산광역시 해운대구 중제1동,2025090412,35.1594583333333,129.166477777777,9,4,0,0,0,0,1,6,7,5,0,0,0,0,1,6,7,4,0,0,,,,,,
2635054000,부산광역시 해운대구 중제2동,2025090412,35.1587972222222,129.182108333333,9,3,0,0,0,0,1,6,9,5,0,0,0,0,1,6,7,4,0,0,,,,,,
2635055100,부산광역시 해운대구 좌제1동,2025090412,35.1678222222222,129.176552777777,9,4,0,0,0,0,1,6,9,5,0,0,0,0,1,6,7,4,0,0,,,,,,
2635055200,부산광역시 해운대구 좌제2동,2025090412,35.1660611111111,129.184919444444,9,4,0,0,0,0,1,6,9,5,0,0,0,0,1,6,7,4,0,0,,,,,,
2635055300,부산광역시 해운대구 좌제3동,2025090412,35.1692638888888,129.168986111111,9,4,0,0,0,0,1,6,9,5,0,0,0,0,1,6,7,4,0,0,,,,,,
2635055400,부산광역시 해운대구 좌제4동,2025090412,35.1748666666666,129.178477777777,9,4,0,0,0,0,1,6,9,5,0,0,0,0,1,6,7,4,0,0,,,,,,
2635056000,부산광역시 해운대구 송정동,2025090412,35.1805611111111,129.205897222222,9,4,0,0,0,0,1,6,9,5,0,0,0,0,1,6,7,4,0,0,,,,,,
2635057000,부산광역시 해운대구 반여제1동,2025090412,35.1980555555555,129.121188888888,9,4,0,0,0,0,1,6,7,5,0,0,0,0,1,5,7,4,0,0,,,,,,
2635058000,부산광역시 해운대구 반여제2동,2025090412,35.1928305555555,129.132352777777,9,4,0,0,0,0,1,6,7,5,0,0,0,0,1,5,7,4,0,0,,,,,,
2635059000,부산광역시 해운대구 반여제3동,2025090412,35.1980055555555,129.135699999999,9,4,0,0,0,0,1,6,7,5,0,0,0,0,1,5,7,4,0,0,,,,,,
2635059500,부산광역시 해운대구 반여제4동,2025090412,35.2061027777777,129.119344444444,9,4,0,0,0,0,1,6,7,5,0,0,0,0,1,5,7,4,0,0,,,,,,
2635061000,부산광역시 해운대구 반송제1동,2025090412,35.2220527777777,129.150008333333,9,4,0,0,0,0,1,6,7,4,0,0,0,0,1,4,7,4,0,0,,,,,,
2635062000,부산광역시 해운대구 반송제2동,2025090412,35.2257638888888,129.162697222222,9,4,0,0,0,0,1,6,7,4,0,0,0,0,1,4,7,4,0,0,,,,,,
2635065000,부산광역시 해운대구 재송제1동,2025090412,35.1808638888888,129.125644444444,9,4,0,0,0,0,1,6,7,5,0,0,0,0,1,4,7,4,0,0,,,,,,
2635066000,부산광역시 해운대구 재송제2동,2025090412,35.18655,129.127719444444,9,4,0,0,0,0,1,6,7,5,0,0,0,0,1,4,7,4,0,0,,,,,,
2638000000,부산광역시 사하구,2025090412,35.1014277777777,128.977041666666,9,4,0,0,0,0,1,6,7,4,0,0,0,0,1,5,7,4,0,0,,,,,,
2638051000,부산광역시 사하구 괴정제1동,2025090412,35.0965027777777,128.991622222222,9,4,0,0,0,0,1,6,7,4,0,0,0,0,1,5,7,4,0,0,,,,,,
2638052000,부산광역시 사하구 괴정제2동,2025090412,35.1004305555555,129.006275,9,4,0,0,0,0,1,6,7,5,0,0,0,0,1,6,7,4,0,0,,,,,,
2638053000,부산광역시 사하구 괴정제3동,2025090412,35.0972111111111,129.000422222222,9,4,0,0,0,0,1,6,7,5,0,0,0,0,1,6,7,4,0,0,,,,,,
2638054000,부산광역시 사하구 괴정제4동,2025090412,35.0960166666666,128.9854,9,4,0,0,0,0,1,6,7,4,0,0,0,0,1,5,7,4,0,0,,,,,,
2638055000,부산광역시 사하구 당리동,2025090412,35.0998444444444,128.978930555555,9,4,0,0,0,0,1,6,7,4,0,0,0,0,1,5,7,4,0,0,,,,,,
2638056100,부산광역시 사하구 하단제1동,2025090412,35.1008333333333,128.966533333333,9,4,0,0,0,0,1,6,7,4,0,0,0,0,1,5,7,4,0,0,,,,,,
2638056200,부산광역시 사하구 하단제2동,2025090412,35.1114333333333,128.962686111111,9,4,0,0,0,0,1,6,7,4,0,0,0,0,1,5,7,4,0,0,,,,,,
2638057100,부산광역시 사하구 신평제1동,2025090412,35.0869138888888,128.976575,9,4,0,0,0,0,1,6,7,4,0,0,0,0,1,5,7,4,0,0,,,,,,
2638057200,부산광역시 사하구 신평제2동,2025090412,35.0915333333333,128.961633333333,9,4,0,0,0,0,1,6,7,4,0,0,0,0,1,5,7,4,0,0,,,,,,
2638058000,부산광역시 사하구 장림제1동,2025090412,35.0798194444444,128.969141666666,9,4,0,0,0,0,1,6,7,5,0,0,0,0,1,6,7,4,0,0,,,,,,
2638059000,부산광역시 사하구 장림제2동,2025090412,35.0747277777777,128.974844444444,9,4,0,0,0,0,1,6,7,5,0,0,0,0,1,6,7,4,0,0,,,,,,
2638060100,부산광역시 사하구 다대제1동,2025090412,35.0561027777777,128.973577777777,9,4,0,0,0,0,1,6,7,5,0,0,0,0,1,6,7,4,0,0,,,,,,
2638060200,부산광역시 사하구 다대제2동,2025090412,35.0603222222222,128.984433333333,9,4,0,0,0,0,1,6,7,5,0,0,0,0,1,6,7,4,0,0,,,,,,
2638061000,부산광역시 사하구 구평동,2025090412,35.0788194444444,128.990041666666,9,4,0,0,0,0,1,6,7,5,0,0,0,0,1,6,7,4,0,0,,,,,,
2638062000,부산광역시 사하구 감천제1동,2025090412,35.0849055555555,129.006911111111,9,4,0,0,0,0,1,6,7,5,0,0,0,0,1,6,7,4,0,0,,,,,,
2638063000,부산광역시 사하구 감천제2동,2025090412,35.091525,129.0116,9,4,0,0,0,0,1,6,7,5,0,0,0,0,1,6,7,4,0,0,,,,,,
2641000000,부산광역시 금정구,2025090412,35.2400777777777,129.094319444444,9,4,0,0,0,0,1,6,7,4,0,0,0,0,1,4,7,4,0,0,,,,,,
2641051000,부산광역시 금정구 서제1동,2025090412,35.2152611111111,129.101397222222,9,4,0,0,0,0,1,6,7,4,0,0,0,0,1,5,7,4,0,0,,,,,,
2641052000,부산광역시 금정구 서제2동,2025090412,35.2097805555555,129.106933333333,9,4,0,0,0,0,1,6,7,4,0,0,0,0,1,5,7,4,0,0,,,,,,
2641053000,부산광역시 금정구 서제3동,2025090412,35.212375,129.109730555555,9,4,0,0,0,0,1,6,7,4,0,0,0,0,1,5,7,4,0,0,,,,,,
2641055500,부산광역시 금정구 금사회동동,2025090412,35.2172361111111,129.113375,9,4,0,0,0,0,1,6,7,4,0,0,0,0,1,5,7,4,0,0,,,,,,
2641057000,부산광역시 금정구 부곡제1동,2025090412,35.22135,129.0944,9,4,0,0,0,0,1,6,7,4,0,0,0,0,1,5,7,4,0,0,,,,,,
2641058000,부산광역시 금정구 부곡제2동,2025090412,35.2267277777777,129.095,9,4,0,0,0,0,1,6,7,4,0,0,0,0,1,4,7,4,0,0,,,,,,
2641059000,부산광역시 금정구 부곡제3동,2025090412,35.2374055555555,129.096133333333,9,4,0,0,0,0,1,6,7,4,0,0,0,0,1,4,7,4,0,0,,,,,,
2641059100,부산광역시 금정구 부곡제4동,2025090412,35.2168138888888,129.090875,9,4,0,0,0,0,1,6,7,4,0,0,0,0,1,5,7,4,0,0,,,,,,
2641060000,부산광역시 금정구 장전제1동,2025090412,35.2346666666666,129.087211111111,9,4,0,0,0,0,1,6,7,4,0,0,0,0,1,4,7,4,0,0,,,,,,
2641061000,부산광역시 금정구 장전제2동,2025090412,35.2225305555555,129.084377777777,9,4,0,0,0,0,1,6,7,4,0,0,0,0,1,5,7,4,0,0,,,,,,
2641063500,부산광역시 금정구 선두구동,2025090412,35.2952083333333,129.115597222222,7,5,0,0,0,0,1,6,7,4,0,0,0,0,1,4,7,4,0,0,,,,,,
2641066500,부산광역시 금정구 청룡노포동,2025090412,35.27205,129.092055555555,7,5,0,0,0,0,1,6,7,4,0,0,0,0,1,5,7,4,0,0,,,,,,
2641067000,부산광역시 금정구 남산동,2025090412,35.2685555555555,129.094622222222,7,5,0,0,0,0,1,6,7,4,0,0,0,0,1,4,7,4,0,0,,,,,,
2641068000,부산광역시 금정구 구서제1동,2025090412,35.2419916666666,129.089230555555,9,4,0,0,0,0,1,6,7,4,0,0,0,0,1,4,7,4,0,0,,,,,,
2641069000,부산광역시 금정구 구서제2동,2025090412,35.2520833333333,129.092888888888,9,4,0,0,0,0,1,6,7,4,0,0,0,0,1,4,7,4,0,0,,,,,,
2641070000,부산광역시 금정구 금성동,2025090412,35.2472527777777,129.058341666666,9,4,0,0,0,0,1,6,7,4,0,0,0,0,1,5,7,4,0,0,,,,,,
2644000000,부산광역시 강서구,2025090412,35.2091638888888,128.982908333333,7,4,0,0,0,0,1,6,7,4,0,0,0,0,1,5,7,4,0,0,,,,,,
2644051000,부산광역시 강서구 대저1동,2025090412,35.2113944444444,128.982855555555,7,4,0,0,0,0,1,6,7,4,0,0,0,0,1,5,7,4,0,0,,,,,,
2644052000,부산광역시 강서구 대저2동,2025090412,35.1753944444444,128.9587,7,4,0,0,0,0,1,6,7,4,0,0,0,0,1,5,7,4,0,0,,,,,,
2644053000,부산광역시 강서구 강동동,2025090412,35.2114638888888,128.937508333333,9,5,0,0,0,0,1,6,7,4,0,0,0,0,1,5,7,4,0,0,,,,,,
2644053500,부산광역시 강서구 명지1동,2025090412,35.108091,128.926502,7,4,0,0,0,0,1,6,7,4,0,0,0,0,1,5,7,4,0,0,,,,,,
2644054500,부산광역시 강서구 명지2동,2025090412,35.084587,128.899758,7,4,0,0,0,0,1,6,7,4,0,0,0,0,1,5,7,4,0,0,,,,,,
2644055000,부산광역시 강서구 가락동,2025090412,35.1933166666666,128.904075,9,5,0,0,0,0,1,6,7,4,0,0,0,0,1,4,7,4,0,0,,,,,,
2644056000,부산광역시 강서구 녹산동,2025090412,35.1234638888888,128.860808333333,9,5,0,0,0,0,1,6,7,4,0,0,0,0,1,4,7,4,0,0,,,,,,
2644058000,부산광역시 강서구 가덕도동,2025090412,35.0526166666667,128.814033333333,9,5,0,0,0,0,1,6,7,4,0,0,0,0,1,5,7,4,0,0,,,,,,
2644059000,부산광역시 강서구 신호동,2025090412,35.085443537101,128.879107082157,9,5,0,0,0,0,1,6,7,4,0,0,0,0,1,4,7,4,0,0,,,,,,
2647000000,부산광역시 연제구,2025090412,35.1731861111111,129.082075,9,4,0,0,0,0,1,6,7,4,0,0,0,0,1,5,7,4,0,0,,,,,,
2647061000,부산광역시 연제구 거제제1동,2025090412,35.1917194444444,129.083022222222,9,4,0,0,0,0,1,6,7,4,0,0,0,0,1,5,7,4,0,0,,,,,,
2647062000,부산광역시 연제구 거제제2동,2025090412,35.1845722222222,129.072541666666,9,4,0,0,0,0,1,6,7,4,0,0,0,0,1,5,7,4,0,0,,,,,,
2647063000,부산광역시 연제구 거제제3동,2025090412,35.1810333333333,129.075308333333,9,4,0,0,0,0,1,6,7,4,0,0,0,0,1,5,7,4,0,0,,,,,,
2647064000,부산광역시 연제구 거제제4동,2025090412,35.1761305555555,129.070022222222,9,4,0,0,0,0,1,6,7,4,0,0,0,0,1,5,7,4,0,0,,,,,,
2647065000,부산광역시 연제구 연산제1동,2025090412,35.1858777777777,129.093844444444,9,4,0,0,0,0,1,6,7,4,0,0,0,0,1,5,7,4,0,0,,,,,,
2647066000,부산광역시 연제구 연산제2동,2025090412,35.1768333333333,129.081575,9,4,0,0,0,0,1,6,7,4,0,0,0,0,1,5,7,4,0,0,,,,,,
2647067000,부산광역시 연제구 연산제3동,2025090412,35.1702694444444,129.096511111111,9,4,0,0,0,0,1,6,7,4,0,0,0,0,1,5,7,4,0,0,,,,,,
2647068000,부산광역시 연제구 연산제4동,2025090412,35.1832166666666,129.087155555555,9,4,0,0,0,0,1,6,7,4,0,0,0,0,1,5,7,4,0,0,,,,,,
2647069000,부산광역시 연제구 연산제5동,2025090412,35.1814194444444,129.078355555555,9,4,0,0,0,0,1,6,7,4,0,0,0,0,1,5,7,4,0,0,,,,,,
2647070000,부산광역시 연제구 연산제6동,2025090412,35.1757722222222,129.087941666666,9,4,0,0,0,0,1,6,7,4,0,0,0,0,1,5,7,4,0,0,,,,,,
2647072000,부산광역시 연제구 연산제8동,2025090412,35.1840333333333,129.103333333333,9,4,0,0,0,0,1,6,7,4,0,0,0,0,1,5,7,4,0,0,,,,,,
2647073000,부산광역시 연제구 연산제9동,2025090412,35.1855472222222,129.107197222222,9,4,0,0,0,0,1,6,7,4,0,0,0,0,1,5,7,4,0,0,,,,,,
2650000000,부산광역시 수영구,2025090412,35.1424666666666,129.115375,9,4,0,0,0,0,1,6,7,5,0,0,0,0,1,6,7,4,0,0,,,,,,
2650066000,부산광역시 수영구 남천제1동,2025090412,35.139575,129.112597222222,9,4,0,0,0,0,1,6,7,5,0,0,0,0,1,6,7,4,0,0,,,,,,
2650067000,부산광역시 수영구 남천제2동,2025090412,35.1407527777777,129.116986111111,9,4,0,0,0,0,1,6,7,5,0,0,0,0,1,6,7,4,0,0,,,,,,
2650073000,부산광역시 수영구 수영동,2025090412,35.1673583333333,129.118288888888,9,4,0,0,0,0,1,6,7,5,0,0,0,0,1,5,7,4,0,0,,,,,,
2650074000,부산광역시 수영구 망미제1동,2025090412,35.1713555555555,129.103241666666,9,4,0,0,0,0,1,6,7,4,0,0,0,0,1,5,7,4,0,0,,,,,,
2650075000,부산광역시 수영구 망미제2동,2025090412,35.1721527777777,129.117541666666,9,4,0,0,0,0,1,6,7,5,0,0,0,0,1,5,7,4,0,0,,,,,,
2650076000,부산광역시 수영구 광안제1동,2025090412,35.1598666666666,129.114730555555,9,4,0,0,0,0,1,6,7,5,0,0,0,0,1,6,7,4,0,0,,,,,,
2650077000,부산광역시 수영구 광안제2동,2025090412,35.1506777777777,129.114866666666,9,4,0,0,0,0,1,6,7,5,0,0,0,0,1,6,7,4,0,0,,,,,,
2650078000,부산광역시 수영구 광안제3동,2025090412,35.1648222222222,129.115855555555,9,4,0,0,0,0,1,6,7,5,0,0,0,0,1,6,7,4,0,0,,,,,,
2650079000,부산광역시 수영구 광안제4동,2025090412,35.1519666666666,129.113666666666,9,4,0,0,0,0,1,6,7,5,0,0,0,0,1,6,7,4,0,0,,,,,,
2650080000,부산광역시 수영구 민락동,2025090412,35.1541666666666,129.127677777777,9,4,0,0,0,0,1,6,7,5,0,0,0,0,1,6,7,4,0,0,,,,,,
2653000000,부산광역시 사상구,2025090412,35.1494666666666,128.993333333333,7,4,0,0,0,0,1,6,7,4,0,0,0,0,1,5,7,4,0,0,,,,,,
2653058000,부산광역시 사상구 삼락동,2025090412,35.1738944444444,128.979966666666,7,4,0,0,0,0,1,6,7,4,0,0,0,0,1,5,7,4,0,0,,,,,,
2653059100,부산광역시 사상구 모라제1동,2025090412,35.1845361111111,128.989688888888,7,4,0,0,0,0,1,6,7,4,0,0,0,0,1,5,7,4,0,0,,,,,,
2653059300,부산광역시 사상구 모라제3동,2025090412,35.1815583333333,128.998333333333,7,4,0,0,0,0,1,6,7,4,0,0,0,0,1,5,7,4,0,0,,,,,,
2653060000,부산광역시 사상구 덕포제1동,2025090412,35.1672833333333,128.985530555555,7,4,0,0,0,0,1,6,7,4,0,0,0,0,1,5,7,4,0,0,,,,,,
2653061000,부산광역시 사상구 덕포제2동,2025090412,35.1713805555555,128.985177777777,7,4,0,0,0,0,1,6,7,4,0,0,0,0,1,5,7,4,0,0,,,,,,
2653062000,부산광역시 사상구 괘법동,2025090412,35.1606722222222,128.989444444444,7,4,0,0,0,0,1,6,7,4,0,0,0,0,1,5,7,4,0,0,,,,,,
2653064500,부산광역시 사상구 감전동,2025090412,35.1512333333333,128.981708333333,7,4,0,0,0,0,1,6,7,4,0,0,0,0,1,5,7,4,0,0,,,,,,
2653065000,부산광역시 사상구 주례제1동,2025090412,35.1486194444444,129.000144444444,9,4,0,0,0,0,1,6,7,4,0,0,0,0,1,5,7,4,0,0,,,,,,
2653066000,부산광역시 사상구 주례제2동,2025090412,35.1469888888888,129.012733333333,9,4,0,0,0,0,1,6,7,4,0,0,0,0,1,5,7,4,0,0,,,,,,
2653066100,부산광역시 사상구 주례제3동,2025090412,35.1442888888888,129.003722222222,9,4,0,0,0,0,1,6,7,4,0,0,0,0,1,5,7,4,0,0,,,,,,
2653067000,부산광역시 사상구 학장동,2025090412,35.1409916666666,128.989677777777,7,4,0,0,0,0,1,6,7,4,0,0,0,0,1,5,7,4,0,0,,,,,,
2653068000,부산광역시 사상구 엄궁동,2025090412,35.1256,128.974444444444,7,4,0,0,0,0,1,6,7,4,0,0,0,0,1,5,7,4,0,0,,,,,,
2671000000,부산광역시 기장군,2025090412,35.24135,129.224475,9,4,0,0,0,0,1,6,9,5,0,0,0,0,1,4,7,4,0,0,,,,,,
2671025000,부산광역시 기장군 기장읍,2025090412,35.2356027777777,129.218177777777,9,4,0,0,0,0,1,6,9,5,0,0,0,0,1,4,7,4,0,0,,,,,,
2671025300,부산광역시 기장군 장안읍,2025090412,35.3107027777777,129.246288888888,7,4,0,0,0,0,1,6,9,5,0,0,0,0,1,4,7,4,0,0,,,,,,
2671025600,부산광역시 기장군 정관읍,2025090412,35.322375,129.182677777777,7,4,0,0,0,0,1,6,9,4,0,0,0,0,1,4,7,4,0,0,,,,,,
2671025900,부산광역시 기장군 일광읍,2025090412,35.2639371829939,129.23228251585,9,4,0,0,0,0,1,6,9,5,0,0,0,0,1,4,7,4,0,0,,,,,,
2671033000,부산광역시 기장군 철마면,2025090412,35.2721972222222,129.152022222222,9,4,0,0,0,0,1,6,7,4,0,0,0,0,1,4,7,4,0,0,,,,,,
2700000000,대구광역시,2025090412,35.8685416666666,128.603552777777,9,4,0,0,0,0,1,6,7,4,0,0,0,0,1,6,7,4,0,0,,,,,,
2711000000,대구광역시 중구,2025090412,35.8662861111111,128.608397222222,9,4,0,0,0,0,1,6,7,4,0,0,0,0,1,6,7,4,0,0,,,,,,
2711051700,대구광역시 중구 동인동,2025090412,35.86790482,128.609131,7,4,0,0,0,0,1,6,7,4,0,0,0,0,1,6,7,4,0,0,,,,,,
2711054500,대구광역시 중구 삼덕동,2025090412,35.862575,128.611166666666,9,4,0,0,0,0,1,6,7,4,0,0,0,0,1,6,7,4,0,0,,,,,,
2711056500,대구광역시 중구 성내1동,2025090412,35.86625,128.600355555555,9,4,0,0,0,0,1,6,7,4,0,0,0,0,1,6,7,4,0,0,,,,,,
2711057500,대구광역시 중구 성내2동,2025090412,35.8653472222222,128.592622222222,9,4,0,0,0,0,1,6,7,4,0,0,0,0,1,6,7,4,0,0,,,,,,
2711058500,대구광역시 중구 성내3동,2025090412,35.8696111111111,128.587941666666,9,4,0,0,0,0,1,6,7,4,0,0,0,0,1,6,7,4,0,0,,,,,,
2711059500,대구광역시 중구 대신동,2025090412,35.8632027777777,128.579444444444,9,4,0,0,0,0,1,6,7,4,0,0,0,0,1,6,7,4,0,0,,,,,,
2711064000,대구광역시 중구 남산1동,2025090412,35.8563944444444,128.592644444444,9,4,0,0,0,0,1,6,7,4,0,0,0,0,1,6,7,4,0,0,,,,,,
2711065000,대구광역시 중구 남산2동,2025090412,35.8610611111111,128.591755555555,9,4,0,0,0,0,1,6,7,4,0,0,0,0,1,6,7,4,0,0,,,,,,
2711066000,대구광역시 중구 남산3동,2025090412,35.8565333333333,128.587197222222,9,4,0,0,0,0,1,6,7,4,0,0,0,0,1,6,7,4,0,0,,,,,,
2711067000,대구광역시 중구 남산4동,2025090412,35.8552388888888,128.582719444444,9,4,0,0,0,0,1,6,7,4,0,0,0,0,1,6,7,4,0,0,,,,,,
2711068000,대구광역시 중구 대봉1동,2025090412,35.8586722222222,128.606575,9,4,0,0,0,0,1,6,7,4,0,0,0,0,1,6,7,4,0,0,,,,,,
2711069000,대구광역시 중구 대봉2동,2025090412,35.8552055555555,128.601952777777,9,4,0,0,0,0,1,6,7,4,0,0,0,0,1,6,7,4,0,0,,,,,,
2714000000,대구광역시 동구,2025090412,35.8836166666666,128.637711111111,9,4,0,0,0,0,1,6,7,4,0,0,0,0,1,4,7,4,0,0,,,,,,
2714051000,대구광역시 동구 신암1동,2025090412,35.8812777777777,128.618552777777,7,4,0,0,0,0,1,6,7,4,0,0,0,0,1,6,7,4,0,0,,,,,,
2714052000,대구광역시 동구 신암2동,2025090412,35.8764277777777,128.616533333333,7,4,0,0,0,0,1,6,7,4,0,0,0,0,1,6,7,4,0,0,,,,,,
2714053000,대구광역시 동구 신암3동,2025090412,35.8766277777777,128.625375,7,4,0,0,0,0,1,6,7,4,0,0,0,0,1,6,7,4,0,0,,,,,,
2714054000,대구광역시 동구 신암4동,2025090412,35.8820972222222,128.631511111111,7,4,0,0,0,0,1,6,7,4,0,0,0,0,1,6,7,4,0,0,,,,,,
2714054100,대구광역시 동구 신암5동,2025090412,35.886725,128.635244444444,7,4,0,0,0,0,1,6,7,4,0,0,0,0,1,6,7,4,0,0,,,,,,
2714055500,대구광역시 동구 신천1.2동,2025090412,35.8671194444444,128.616797222222,9,4,0,0,0,0,1,6,7,4,0,0,0,0,1,6,7,4,0,0,,,,,,
2714057000,대구광역시 동구 신천3동,2025090412,35.8722666666666,128.625897222222,7,4,0,0,0,0,1,6,7,4,0,0,0,0,1,6,7,4,0,0,,,,,,
2714058000,대구광역시 동구 신천4동,2025090412,35.8687861111111,128.631486111111,9,4,0,0,0,0,1,6,7,4,0,0,0,0,1,6,7,4,0,0,,,,,,
2714059000,대구광역시 동구 효목1동,2025090412,35.8781555555555,128.647466666666,9,4,0,0,0,0,1,6,7,4,0,0,0,0,1,4,7,4,0,0,,,,,,
2714060000,대구광역시 동구 효목2동,2025090412,35.8746361111111,128.640422222222,9,4,0,0,0,0,1,6,7,4,0,0,0,0,1,4,7,4,0,0,,,,,,
2714061500,대구광역시 동구 도평동,2025090412,35.9079305555555,128.655986111111,9,4,0,0,0,0,1,6,7,4,0,0,0,0,1,4,7,4,0,0,,,,,,
2714062000,대구광역시 동구 불로.봉무동,2025090412,35.9072833333333,128.641622222222,9,4,0,0,0,0,1,6,7,4,0,0,0,0,1,4,7,4,0,0,,,,,,
2714064000,대구광역시 동구 지저동,2025090412,35.8907305555555,128.640455555555,9,4,0,0,0,0,1,6,7,4,0,0,0,0,1,4,7,4,0,0,,,,,,
2714065500,대구광역시 동구 동촌동,2025090412,35.8838888888888,128.6519,9,4,0,0,0,0,1,6,7,4,0,0,0,0,1,4,7,4,0,0,,,,,,
2714067000,대구광역시 동구 방촌동,2025090412,35.8770833333333,128.667475,9,4,0,0,0,0,1,6,7,4,0,0,0,0,1,4,7,4,0,0,,,,,,
2714068500,대구광역시 동구 해안동,2025090412,35.8921916666666,128.684330555555,9,4,0,0,0,0,1,6,7,4,0,0,0,0,1,4,7,4,0,0,,,,,,
2714072000,대구광역시 동구 안심1동,2025090412,35.8673833333333,128.704330555555,9,4,0,0,0,0,1,6,7,4,0,0,0,0,1,4,7,4,0,0,,,,,,
2714073000,대구광역시 동구 안심2동,2025090412,35.8724361111111,128.689263888888,9,4,0,0,0,0,1,6,7,4,0,0,0,0,1,4,7,4,0,0,,,,,,
2714074200,대구광역시 동구 안심3동,2025090412,35.8678684,128.7224295,9,3,0,0,0,0,1,6,7,4,0,0,0,0,1,4,7,4,0,0,,,,,,
2714074700,대구광역시 동구 안심4동,2025090412,35.870105,128.711046,9,3,0,0,0,0,1,6,7,4,0,0,0,0,1,4,7,4,0,0,,,,,,
2714075500,대구광역시 동구 혁신동,2025090412,35.8796992,128.7109768,9,3,0,0,0,0,1,6,7,4,0,0,0,0,1,4,7,4,0,0,,,,,,
2714076000,대구광역시 동구 공산동,2025090412,35.9372222222222,128.646466666666,8,4,0,0,0,0,1,6,7,4,0,0,0,0,1,4,7,3,0,0,,,,,,
2717000000,대구광역시 서구,2025090412,35.8687944444444,128.561411111111,9,4,0,0,0,0,1,6,7,4,0,0,0,0,1,6,7,4,0,0,,,,,,
2717051000,대구광역시 서구 내당1동,2025090412,35.857675,128.562963888888,9,4,0,0,0,0,1,6,7,4,0,0,0,0,1,6,7,4,0,0,,,,,,
2717052500,대구광역시 서구 내당2.3동,2025090412,35.8642833333333,128.576688888888,9,4,0,0,0,0,1,6,7,4,0,0,0,0,1,6,7,4,0,0,,,,,,
2717054000,대구광역시 서구 내당4동,2025090412,35.8577666666666,128.553808333333,9,4,0,0,0,0,1,6,7,4,0,0,0,0,1,6,7,4,0,0,,,,,,
2717055000,대구광역시 서구 비산1동,2025090412,35.8781916666666,128.571241666666,7,3,0,0,0,0,1,6,7,4,0,0,0,0,1,6,7,4,0,0,,,,,,
2717056500,대구광역시 서구 비산2.3동,2025090412,35.8727222222222,128.576975,7,3,0,0,0,0,1,6,7,4,0,0,0,0,1,6,7,4,0,0,,,,,,
2717058000,대구광역시 서구 비산4동,2025090412,35.8667833333333,128.576297222222,9,4,0,0,0,0,1,6,7,4,0,0,0,0,1,6,7,4,0,0,,,,,,
2717059000,대구광역시 서구 비산5동,2025090412,35.8833777777777,128.571844444444,7,3,0,0,0,0,1,6,7,4,0,0,0,0,1,6,7,4,0,0,,,,,,
2717060000,대구광역시 서구 비산6동,2025090412,35.8733333333333,128.571330555555,7,3,0,0,0,0,1,6,7,4,0,0,0,0,1,6,7,4,0,0,,,,,,
2717061000,대구광역시 서구 비산7동,2025090412,35.8850361111111,128.555741666666,7,3,0,0,0,0,1,6,7,4,0,0,0,0,1,6,7,4,0,0,,,,,,
2717062000,대구광역시 서구 평리1동,2025090412,35.8726055555555,128.565488888888,7,3,0,0,0,0,1,6,7,4,0,0,0,0,1,6,7,4,0,0,,,,,,
2717063000,대구광역시 서구 평리2동,2025090412,35.8682638888888,128.565963888888,9,4,0,0,0,0,1,6,7,4,0,0,0,0,1,6,7,4,0,0,,,,,,
2717064000,대구광역시 서구 평리3동,2025090412,35.8728833333333,128.563519444444,7,3,0,0,0,0,1,6,7,4,0,0,0,0,1,6,7,4,0,0,,,,,,
2717065000,대구광역시 서구 평리4동,2025090412,35.8643444444444,128.558888888888,9,4,0,0,0,0,1,6,7,4,0,0,0,0,1,6,7,4,0,0,,,,,,
2717066000,대구광역시 서구 평리5동,2025090412,35.8708,128.550955555555,9,4,0,0,0,0,1,6,7,4,0,0,0,0,1,6,7,4,0,0,,,,,,
2717066100,대구광역시 서구 평리6동,2025090412,35.8722416666666,128.550333333333,7,3,0,0,0,0,1,6,7,4,0,0,0,0,1,6,7,4,0,0,,,,,,
2717067500,대구광역시 서구 상중이동,2025090412,35.8649833333333,128.546477777777,9,4,0,0,0,0,1,6,7,4,0,0,0,0,1,6,7,4,0,0,,,,,,
2717069500,대구광역시 서구 원대동,2025090412,35.8837861111111,128.576622222222,7,3,0,0,0,0,1,6,7,4,0,0,0,0,1,6,7,4,0,0,,,,,,
2720000000,대구광역시 남구,2025090412,35.8429777777777,128.5998,9,4,0,0,0,0,1,6,7,4,0,0,0,0,1,6,7,4,0,0,,,,,,
2720051500,대구광역시 남구 이천동,2025090412,35.8507138888888,128.601666666666,9,4,0,0,0,0,1,6,7,4,0,0,0,0,1,6,7,4,0,0,,,,,,
2720053000,대구광역시 남구 봉덕1동,2025090412,35.8425694444444,128.600111111111,9,4,0,0,0,0,1,6,7,4,0,0,0,0,1,6,7,4,0,0,,,,,,
2720054000,대구광역시 남구 봉덕2동,2025090412,35.8408555555555,128.603288888888,9,4,0,0,0,0,1,6,7,4,0,0,0,0,1,6,7,4,0,0,,,,,,
2720055000,대구광역시 남구 봉덕3동,2025090412,35.8386944444444,128.600463888888,9,4,0,0,0,0,1,6,7,4,0,0,0,0,1,6,7,4,0,0,,,,,,
2720056000,대구광역시 남구 대명1동,2025090412,35.8372805555555,128.579122222222,9,4,0,0,0,0,1,6,7,4,0,0,0,0,1,6,7,4,0,0,,,,,,
2720057100,대구광역시 남구 대명2동,2025090412,35.8523055555555,128.588877777777,9,4,0,0,0,0,1,6,7,4,0,0,0,0,1,6,7,4,0,0,,,,,,
2720058600,대구광역시 남구 대명3동,2025090412,35.8493638888888,128.581322222222,9,4,0,0,0,0,1,6,7,4,0,0,0,0,1,6,7,4,0,0,,,,,,
2720059000,대구광역시 남구 대명4동,2025090412,35.8449527777777,128.574555555555,9,4,0,0,0,0,1,6,7,4,0,0,0,0,1,6,7,4,0,0,,,,,,
2720060000,대구광역시 남구 대명5동,2025090412,35.8402611111111,128.589988888888,9,4,0,0,0,0,1,6,7,4,0,0,0,0,1,6,7,4,0,0,,,,,,
2720061000,대구광역시 남구 대명6동,2025090412,35.8320916666666,128.568044444444,9,4,0,0,0,0,1,6,7,4,0,0,0,0,1,6,7,4,0,0,,,,,,
2720064000,대구광역시 남구 대명9동,2025090412,35.8342722222222,128.581397222222,9,4,0,0,0,0,1,6,7,4,0,0,0,0,1,6,7,4,0,0,,,,,,
2720065000,대구광역시 남구 대명10동,2025090412,35.83705,128.571188888888,9,4,0,0,0,0,1,6,7,4,0,0,0,0,1,6,7,4,0,0,,,,,,
2720066000,대구광역시 남구 대명11동,2025090412,35.8331638888888,128.562652777777,9,4,0,0,0,0,1,6,7,4,0,0,0,0,1,6,7,4,0,0,,,,,,
2723000000,대구광역시 북구,2025090412,35.8827,128.585022222222,7,4,0,0,0,0,1,6,7,4,0,0,0,0,1,6,7,4,0,0,,,,,,
2723051000,대구광역시 북구 고성동,2025090412,35.87895,128.585822222222,7,4,0,0,0,0,1,6,7,4,0,0,0,0,1,6,7,4,0,0,,,,,,
2723052600,대구광역시 북구 칠성동,2025090412,35.8762111111111,128.602108333333,7,4,0,0,0,0,1,6,7,4,0,0,0,0,1,6,7,4,0,0,,,,,,
2723055000,대구광역시 북구 침산1동,2025090412,35.887375,128.583388888888,7,4,0,0,0,0,1,6,7,4,0,0,0,0,1,6,7,4,0,0,,,,,,
2723056000,대구광역시 북구 침산2동,2025090412,35.8842722222222,128.599175,7,4,0,0,0,0,1,6,7,4,0,0,0,0,1,6,7,4,0,0,,,,,,
2723057000,대구광역시 북구 침산3동,2025090412,35.8891444444444,128.591552777777,7,4,0,0,0,0,1,6,7,4,0,0,0,0,1,6,7,4,0,0,,,,,,
2723061000,대구광역시 북구 산격1동,2025090412,35.8896527777777,128.596911111111,7,4,0,0,0,0,1,6,7,4,0,0,0,0,1,6,7,4,0,0,,,,,,
2723062000,대구광역시 북구 산격2동,2025090412,35.8987111111111,128.611486111111,7,4,0,0,0,0,1,6,7,4,0,0,0,0,1,6,7,4,0,0,,,,,,
2723063000,대구광역시 북구 산격3동,2025090412,35.8905305555555,128.610497222222,7,4,0,0,0,0,1,6,7,4,0,0,0,0,1,6,7,4,0,0,,,,,,
2723063100,대구광역시 북구 산격4동,2025090412,35.8893055555555,128.606419444444,7,4,0,0,0,0,1,6,7,4,0,0,0,0,1,6,7,4,0,0,,,,,,
2723064500,대구광역시 북구 대현동,2025090412,35.88218385,128.6058302,7,4,0,0,0,0,1,6,7,4,0,0,0,0,1,6,7,4,0,0,,,,,,
2723067100,대구광역시 북구 복현1동,2025090412,35.8907388888888,128.620752777777,7,4,0,0,0,0,1,6,7,4,0,0,0,0,1,6,7,4,0,0,,,,,,
2723067200,대구광역시 북구 복현2동,2025090412,35.8924361111111,128.627663888888,7,4,0,0,0,0,1,6,7,4,0,0,0,0,1,6,7,4,0,0,,,,,,
2723068000,대구광역시 북구 검단동,2025090412,35.9104555555555,128.6294,7,4,0,0,0,0,1,6,7,4,0,0,0,0,1,6,7,4,0,0,,,,,,
2723069500,대구광역시 북구 무태조야동,2025090412,35.9182944444444,128.5994,9,3,0,0,0,0,1,6,7,4,0,0,0,0,1,4,7,3,0,0,,,,,,
2723071500,대구광역시 북구 관문동,2025090412,35.8986722222222,128.544377777777,7,3,0,0,0,0,1,6,7,4,0,0,0,0,1,6,7,4,0,0,,,,,,
2723072500,대구광역시 북구 태전1동,2025090412,35.9207222222222,128.545799999999,9,3,0,0,0,0,1,6,7,4,0,0,0,0,1,6,7,4,0,0,,,,,,
2723073500,대구광역시 북구 태전2동,2025090412,35.9185305555555,128.551011111111,9,3,0,0,0,0,1,6,7,4,0,0,0,0,1,6,7,4,0,0,,,,,,
2723074500,대구광역시 북구 구암동,2025090412,35.9373694444444,128.571641666666,9,3,0,0,0,0,1,6,7,4,0,0,0,0,1,6,7,4,0,0,,,,,,
2723075000,대구광역시 북구 관음동,2025090412,35.9413722222222,128.549630555555,9,3,0,0,0,0,1,6,7,4,0,0,0,0,1,6,7,4,0,0,,,,,,
2723077000,대구광역시 북구 읍내동,2025090412,35.9426166666666,128.553077777777,9,3,0,0,0,0,1,6,7,4,0,0,0,0,1,6,7,4,0,0,,,,,,
2723078000,대구광역시 북구 동천동,2025090412,35.9401222222222,128.557733333333,9,3,0,0,0,0,1,6,7,4,0,0,0,0,1,6,7,4,0,0,,,,,,
2723079000,대구광역시 북구 노원동,2025090412,35.8901321,128.5762125,7,4,0,0,0,0,1,6,7,4,0,0,0,0,1,6,7,4,0,0,,,,,,
2723080000,대구광역시 북구 국우동,2025090412,35.9480283,128.5754397,9,3,0,0,0,0,1,6,7,4,0,0,0,0,1,6,7,4,0,0,,,,,,
2726000000,대구광역시 수성구,2025090412,35.8552083333333,128.632866666666,9,4,0,0,0,0,1,6,7,4,0,0,0,0,1,6,7,4,0,0,,,,,,
2726051000,대구광역시 수성구 범어1동,2025090412,35.8525,128.624277777777,9,4,0,0,0,0,1,6,7,4,0,0,0,0,1,6,7,4,0,0,,,,,,
2726052000,대구광역시 수성구 범어2동,2025090412,35.8571138888888,128.633530555555,9,4,0,0,0,0,1,6,7,4,0,0,0,0,1,6,7,4,0,0,,,,,,
2726053000,대구광역시 수성구 범어3동,2025090412,35.8631638888888,128.620088888888,9,4,0,0,0,0,1,6,7,4,0,0,0,0,1,6,7,4,0,0,,,,,,
2726054000,대구광역시 수성구 범어4동,2025090412,35.8551472222222,128.643477777777,9,3,0,0,0,0,1,6,7,4,0,0,0,0,1,4,7,4,0,0,,,,,,
2726055000,대구광역시 수성구 만촌1동,2025090412,35.8699138888888,128.649108333333,9,4,0,0,0,0,1,6,7,4,0,0,0,0,1,4,7,4,0,0,,,,,,
2726056000,대구광역시 수성구 만촌2동,2025090412,35.8568972222222,128.649419444444,9,3,0,0,0,0,1,6,7,4,0,0,0,0,1,4,7,4,0,0,,,,,,
2726056100,대구광역시 수성구 만촌3동,2025090412,35.8525055555555,128.652719444444,9,3,0,0,0,0,1,6,7,4,0,0,0,0,1,4,7,4,0,0,,,,,,
2726057000,대구광역시 수성구 수성1가동,2025090412,35.8533944444444,128.6129,9,4,0,0,0,0,1,6,7,4,0,0,0,0,1,6,7,4,0,0,,,,,,
2726058000,대구광역시 수성구 수성2.3가동,2025090412,35.8527861111111,128.621344444444,9,4,0,0,0,0,1,6,7,4,0,0,0,0,1,6,7,4,0,0,,,,,,
2726059000,대구광역시 수성구 수성4가동,2025090412,35.8596833333333,128.618863888888,9,4,0,0,0,0,1,6,7,4,0,0,0,0,1,6,7,4,0,0,,,,,,
2726060100,대구광역시 수성구 황금1동,2025090412,35.8409611111111,128.640422222222,9,3,0,0,0,0,1,6,7,4,0,0,0,0,1,4,7,4,0,0,,,,,,
2726060200,대구광역시 수성구 황금2동,2025090412,35.8385555555555,128.627441666666,9,4,0,0,0,0,1,6,7,4,0,0,0,0,1,6,7,4,0,0,,,,,,
2726061000,대구광역시 수성구 중동,2025090412,35.8444027777777,128.617222222222,9,4,0,0,0,0,1,6,7,4,0,0,0,0,1,6,7,4,0,0,,,,,,
2726062000,대구광역시 수성구 상동,2025090412,35.8291583333333,128.617622222222,9,4,0,0,0,0,1,6,7,4,0,0,0,0,1,6,7,4,0,0,,,,,,
2726063000,대구광역시 수성구 파동,2025090412,35.8124444444444,128.617311111111,9,4,0,0,0,0,1,6,7,4,0,0,0,0,1,6,7,4,0,0,,,,,,
2726064000,대구광역시 수성구 두산동,2025090412,35.82635,128.622808333333,9,4,0,0,0,0,1,6,7,4,0,0,0,0,1,6,7,4,0,0,,,,,,
2726065100,대구광역시 수성구 지산1동,2025090412,35.8218888888888,128.639352777777,9,4,0,0,0,0,1,6,7,4,0,0,0,0,1,6,7,4,0,0,,,,,,
2726065200,대구광역시 수성구 지산2동,2025090412,35.8201388888888,128.630252777777,9,4,0,0,0,0,1,6,7,4,0,0,0,0,1,6,7,4,0,0,,,,,,
2726066100,대구광역시 수성구 범물1동,2025090412,35.8148222222222,128.648186111111,9,4,0,0,0,0,1,6,7,4,0,0,0,0,1,6,7,4,0,0,,,,,,
2726066200,대구광역시 수성구 범물2동,2025090412,35.8146194444444,128.645677777777,9,4,0,0,0,0,1,6,7,4,0,0,0,0,1,6,7,4,0,0,,,,,,
2726067000,대구광역시 수성구 고산1동,2025090412,35.8341416666666,128.714641666666,9,4,0,0,0,0,1,6,7,4,0,0,0,0,1,4,7,4,0,0,,,,,,
2726068000,대구광역시 수성구 고산2동,2025090412,35.8403472222222,128.697344444444,9,4,0,0,0,0,1,6,7,4,0,0,0,0,1,4,7,4,0,0,,,,,,
2726069000,대구광역시 수성구 고산3동,2025090412,35.8412722222222,128.708911111111,9,4,0,0,0,0,1,6,7,4,0,0,0,0,1,4,7,4,0,0,,,,,,
2729000000,대구광역시 달서구,2025090412,35.8269277777777,128.535063888888,9,4,0,0,0,0,1,6,7,4,0,0,0,0,1,6,7,4,0,0,,,,,,
2729051500,대구광역시 달서구 성당동,2025090412,35.84294152,128.549565,9,4,0,0,0,0,1,6,7,4,0,0,0,0,1,6,7,4,0,0,,,,,,
2729053500,대구광역시 달서구 두류1.2동,2025090412,35.85569344,128.572198,9,4,0,0,0,0,1,6,7,4,0,0,0,0,1,6,7,4,0,0,,,,,,
2729055000,대구광역시 달서구 두류3동,2025090412,35.8507138888888,128.557644444444,9,4,0,0,0,0,1,6,7,4,0,0,0,0,1,6,7,4,0,0,,,,,,
2729055500,대구광역시 달서구 감삼동,2025090412,35.8480694444444,128.544377777777,9,4,0,0,0,0,1,6,7,4,0,0,0,0,1,6,7,4,0,0,,,,,,
2729056300,대구광역시 달서구 죽전동,2025090412,35.8528388888888,128.542,9,4,0,0,0,0,1,6,7,4,0,0,0,0,1,6,7,4,0,0,,,,,,
2729056800,대구광역시 달서구 장기동,2025090412,35.8403916666666,128.532177777777,9,4,0,0,0,0,1,6,7,4,0,0,0,0,1,6,7,4,0,0,,,,,,
2729057100,대구광역시 달서구 용산1동,2025090412,35.8537166666666,128.533544444444,9,4,0,0,0,0,1,6,7,4,0,0,0,0,1,6,7,4,0,0,,,,,,
2729057200,대구광역시 달서구 용산2동,2025090412,35.8554388888888,128.525152777777,9,4,0,0,0,0,1,6,7,4,0,0,0,0,1,6,7,4,0,0,,,,,,
2729057600,대구광역시 달서구 이곡1동,2025090412,35.8487,128.5128,7,4,0,0,0,0,1,6,7,4,0,0,0,0,1,6,7,4,0,0,,,,,,
2729057700,대구광역시 달서구 이곡2동,2025090412,35.852825,128.503097222222,7,4,0,0,0,0,1,6,7,4,0,0,0,0,1,6,7,4,0,0,,,,,,
2729058500,대구광역시 달서구 신당동,2025090412,35.8560333333333,128.501044444444,7,4,0,0,0,0,1,6,7,4,0,0,0,0,1,6,7,4,0,0,,,,,,
2729059000,대구광역시 달서구 본리동,2025090412,35.8391277777777,128.539852777777,9,4,0,0,0,0,1,6,7,4,0,0,0,0,1,6,7,4,0,0,,,,,,
2729060100,대구광역시 달서구 월성1동,2025090412,35.8166499999999,128.525177777777,9,4,0,0,0,0,1,6,7,4,0,0,0,0,1,6,7,4,0,0,,,,,,
2729060200,대구광역시 달서구 월성2동,2025090412,35.8279555555555,128.530497222222,9,4,0,0,0,0,1,6,7,4,0,0,0,0,1,6,7,4,0,0,,,,,,
2729061500,대구광역시 달서구 진천동,2025090412,35.8122,128.526675,9,4,0,0,0,0,1,6,7,4,0,0,0,0,1,6,7,4,0,0,,,,,,
2729061700,대구광역시 달서구 유천동,2025090412,35.8172711258048,128.514012692477,7,4,0,0,0,0,1,6,7,4,0,0,0,0,1,6,7,4,0,0,,,,,,
2729062400,대구광역시 달서구 상인1동,2025090412,35.8112555555555,128.547197222222,9,4,0,0,0,0,1,6,7,4,0,0,0,0,1,6,7,4,0,0,,,,,,
2729062500,대구광역시 달서구 상인2동,2025090412,35.8095416666666,128.538519444444,9,4,0,0,0,0,1,6,7,4,0,0,0,0,1,6,7,4,0,0,,,,,,
2729062600,대구광역시 달서구 상인3동,2025090412,35.8070888888888,128.552419444444,9,4,0,0,0,0,1,6,7,4,0,0,0,0,1,6,7,4,0,0,,,,,,
2729062800,대구광역시 달서구 도원동,2025090412,35.8044666666666,128.5344,9,4,0,0,0,0,1,6,7,4,0,0,0,0,1,6,7,4,0,0,,,,,,
2729063000,대구광역시 달서구 송현1동,2025090412,35.8263805555555,128.555619444444,9,4,0,0,0,0,1,6,7,4,0,0,0,0,1,6,7,4,0,0,,,,,,
2729064000,대구광역시 달서구 송현2동,2025090412,35.8298361111111,128.547819444444,9,4,0,0,0,0,1,6,7,4,0,0,0,0,1,6,7,4,0,0,,,,,,
2729065000,대구광역시 달서구 본동,2025090412,35.8314861111111,128.543288888888,9,4,0,0,0,0,1,6,7,4,0,0,0,0,1,6,7,4,0,0,,,,,,
2771000000,대구광역시 달성군,2025090412,35.7716805555555,128.433274999999,5,4,0,0,0,0,1,6,7,4,0,0,0,0,1,6,7,4,0,0,,,,,,
2771025000,대구광역시 달성군 화원읍,2025090412,35.8011166666666,128.503055555555,7,4,0,0,0,0,1,6,7,4,0,0,0,0,1,6,7,4,0,0,,,,,,
2771025300,대구광역시 달성군 논공읍,2025090412,35.7711,128.422555555555,5,4,0,0,0,0,1,6,7,4,0,0,0,0,1,6,7,4,0,0,,,,,,
2771025600,대구광역시 달성군 다사읍,2025090412,35.8588333333333,128.456175,7,3,0,0,0,0,1,6,7,4,0,0,0,0,1,6,7,4,0,0,,,,,,
2771025900,대구광역시 달성군 유가읍,2025090412,35.693876,128.459773,7,4,0,0,0,0,1,6,7,4,0,0,0,0,1,6,7,4,0,0,,,,,,
2771026200,대구광역시 달성군 옥포읍,2025090412,35.7866416666666,128.465977777777,7,4,0,0,0,0,1,6,7,4,0,0,0,0,1,6,7,4,0,0,,,,,,
2771026500,대구광역시 달성군 현풍읍,2025090412,35.6943138888888,128.449786111111,5,5,0,0,0,0,1,6,7,4,0,0,0,0,1,6,7,4,0,0,,,,,,
2771031000,대구광역시 달성군 가창면,2025090412,35.7998305555555,128.624688888888,9,4,0,0,0,0,1,6,7,4,0,0,0,0,1,6,7,4,0,0,,,,,,
2771033000,대구광역시 달성군 하빈면,2025090412,35.8979444444444,128.447711111111,7,3,0,0,0,0,1,6,7,4,0,0,0,0,1,6,7,4,0,0,,,,,,
2771038000,대구광역시 달성군 구지면,2025090412,35.6557638888888,128.415666666666,5,4,0,0,0,0,1,6,7,4,0,0,0,0,1,6,7,4,0,0,,,,,,
2772000000,대구광역시 군위군,2025090412,36.2399972222222,128.575077777777,7,2,0,0,0,0,1,6,7,4,0,0,0,0,1,4,7,3,0,0,,,,,,
2772025000,대구광역시 군위군 군위읍,2025090412,36.2369194444444,128.571019444444,7,2,0,0,0,0,1,6,7,4,0,0,0,0,1,4,7,3,0,0,,,,,,
2772031000,대구광역시 군위군 소보면,2025090412,36.2519055555555,128.477622222222,8,3,0,0,0,0,1,6,7,4,0,0,0,0,1,4,7,3,0,0,,,,,,
2772032000,대구광역시 군위군 효령면,2025090412,36.1538777777777,128.587677777777,8,2,0,0,0,0,1,6,7,4,0,0,0,0,1,4,7,3,0,0,,,,,,
2772033000,대구광역시 군위군 부계면,2025090412,36.0979083333333,128.666452777777,8,3,0,0,0,0,1,6,7,4,0,0,0,0,1,4,7,3,0,0,,,,,,
2772034000,대구광역시 군위군 우보면,2025090412,36.1920361111111,128.664041666666,8,2,0,0,0,0,1,6,7,4,0,0,0,0,1,4,5,3,0,0,,,,,,
2772035000,대구광역시 군위군 의흥면,2025090412,36.172875,128.717408333333,7,3,0,0,0,0,1,6,7,4,0,0,0,0,1,4,7,3,0,0,,,,,,
2772036000,대구광역시 군위군 산성면,2025090412,36.1201444444444,128.697197222222,7,3,0,0,0,0,1,6,7,4,0,0,0,0,1,4,7,3,0,0,,,,,,
2772037000,대구광역시 군위군 삼국유사면,2025090412,36.1180083333333,128.791486111111,8,3,0,0,0,0,1,6,7,4,0,0,0,0,1,4,7,3,0,0,,,,,,
2800000000,인천광역시,2025090412,37.4532333333333,126.707352777777,5,4,0,0,0,0,1,5,7,4,0,0,0,0,1,4,5,3,0,0,,,,,,
2811000000,인천광역시 중구,2025090412,37.4709333333333,126.623566666666,5,3,0,0,0,0,1,5,7,4,0,0,0,0,1,4,5,3,0,0,,,,,,
2811052000,인천광역시 중구 연안동,2025090412,37.4504194444444,126.6066,5,3,0,0,0,0,1,5,7,5,0,0,0,0,1,4,5,3,0,0,,,,,,
2811053000,인천광역시 중구 신포동,2025090412,37.4675555555555,126.627155555555,5,3,0,0,0,0,1,5,7,4,0,0,0,0,1,4,5,3,0,0,,,,,,
2811054000,인천광역시 중구 신흥동,2025090412,37.4648722222222,126.636152777777,5,3,0,0,0,0,1,5,7,4,0,0,0,0,1,4,5,3,0,0,,,,,,
2811056000,인천광역시 중구 도원동,2025090412,37.4653055555555,126.639975,5,3,0,0,0,0,1,5,7,4,0,0,0,0,1,4,5,3,0,0,,,,,,
2811057000,인천광역시 중구 율목동,2025090412,37.4664611111111,126.637955555555,5,3,0,0,0,0,1,5,7,4,0,0,0,0,1,4,5,3,0,0,,,,,,
2811058500,인천광역시 중구 동인천동,2025090412,37.4740472222222,126.631111111111,5,3,0,0,0,0,1,5,7,4,0,0,0,0,1,4,5,3,0,0,,,,,,
2811061500,인천광역시 중구 개항동,2025090412,37.4725555555555,126.620686111111,5,3,0,0,0,0,1,5,7,4,0,0,0,0,1,4,5,3,0,0,,,,,,
2811062000,인천광역시 중구 영종동,2025090412,37.4907472222222,126.532997222222,5,3,0,0,0,0,1,5,7,5,0,0,0,0,1,4,5,3,0,0,,,,,,
2811062200,인천광역시 중구 영종1동,2025090412,37.489325,126.554234,5,3,0,0,0,0,1,5,7,5,0,0,0,0,1,4,5,3,0,0,,,,,,
2811062300,인천광역시 중구 영종2동,2025090412,37.49928373,126.5687266,5,3,0,0,0,0,1,5,7,5,0,0,0,0,1,4,5,3,0,0,,,,,,
2811062800,인천광역시 중구 운서동,2025090412,37.49339138,126.4884015,5,3,0,0,0,0,1,5,8,5,0,0,0,0,1,4,5,3,0,0,,,,,,
2811063000,인천광역시 중구 용유동,2025090412,37.4410694444444,126.404475,5,3,0,0,0,0,1,5,8,5,0,0,0,0,1,4,5,3,0,0,,,,,,
2814000000,인천광역시 동구,2025090412,37.4710361111111,126.645366666666,5,3,0,0,0,0,1,5,7,4,0,0,0,0,1,4,5,3,0,0,,,,,,
2814051000,인천광역시 동구 만석동,2025090412,37.4804444444444,126.627530555555,5,3,0,0,0,0,1,5,7,4,0,0,0,0,1,4,5,3,0,0,,,,,,
2814052500,인천광역시 동구 화수1.화평동,2025090412,37.4787361111111,126.631952777777,5,3,0,0,0,0,1,5,7,4,0,0,0,0,1,4,5,3,0,0,,,,,,
2814053000,인천광역시 동구 화수2동,2025090412,37.4815805555555,126.632222222222,5,3,0,0,0,0,1,5,7,4,0,0,0,0,1,4,5,3,0,0,,,,,,
2814055500,인천광역시 동구 송현1.2동,2025090412,37.4733638888888,126.639188888888,5,3,0,0,0,0,1,5,7,4,0,0,0,0,1,4,5,3,0,0,,,,,,
2814057000,인천광역시 동구 송현3동,2025090412,37.4795166666666,126.644722222222,5,3,0,0,0,0,1,5,7,4,0,0,0,0,1,4,5,3,0,0,,,,,,
2814058000,인천광역시 동구 송림1동,2025090412,37.4734833333333,126.642333333333,5,3,0,0,0,0,1,5,7,4,0,0,0,0,1,4,5,3,0,0,,,,,,
2814059000,인천광역시 동구 송림2동,2025090412,37.473025,126.644730555555,5,3,0,0,0,0,1,5,7,4,0,0,0,0,1,4,5,3,0,0,,,,,,
2814060500,인천광역시 동구 송림3.5동,2025090412,37.4701166666666,126.6486,5,3,0,0,0,0,1,5,7,4,0,0,0,0,1,4,5,3,0,0,,,,,,
2814061000,인천광역시 동구 송림4동,2025090412,37.4754611111111,126.652022222222,5,3,0,0,0,0,1,6,7,4,0,0,0,0,1,4,5,3,0,0,,,,,,
2814063000,인천광역시 동구 송림6동,2025090412,37.4745527777777,126.650030555555,5,3,0,0,0,0,1,5,7,4,0,0,0,0,1,4,5,3,0,0,,,,,,
2814064000,인천광역시 동구 금창동,2025090412,37.4697777777777,126.641944444444,5,3,0,0,0,0,1,5,7,4,0,0,0,0,1,4,5,3,0,0,,,,,,
2817700000,인천광역시 미추홀구,2025090412,37.4606805555555,126.652686111111,5,3,0,0,0,0,1,5,7,4,0,0,0,0,1,4,5,3,0,0,,,,,,
2817751000,인천광역시 미추홀구 숭의2동,2025090412,37.4602527777777,126.649311111111,5,3,0,0,0,0,1,5,7,4,0,0,0,0,1,4,5,3,0,0,,,,,,
2817752000,인천광역시 미추홀구 숭의1.3동,2025090412,37.4672428,126.6471814,5,3,0,0,0,0,1,5,7,4,0,0,0,0,1,4,5,3,0,0,,,,,,
2817753000,인천광역시 미추홀구 숭의4동,2025090412,37.4620444444444,126.661241666666,5,3,0,0,0,0,1,6,7,4,0,0,0,0,1,4,5,3,0,0,,,,,,
2817754000,인천광역시 미추홀구 용현1.4동,2025090412,37.4562382,126.6599204,5,3,0,0,0,0,1,6,7,4,0,0,0,0,1,4,5,3,0,0,,,,,,
2817755000,인천광역시 미추홀구 용현2동,2025090412,37.4523222222222,126.647530555555,5,3,0,0,0,0,1,5,7,4,0,0,0,0,1,4,5,3,0,0,,,,,,
2817756000,인천광역시 미추홀구 용현3동,2025090412,37.4539083333333,126.653966666666,5,3,0,0,0,0,1,6,7,4,0,0,0,0,1,4,5,3,0,0,,,,,,
2817757000,인천광역시 미추홀구 용현5동,2025090412,37.4497138888888,126.642419444444,5,3,0,0,0,0,1,5,7,4,0,0,0,0,1,4,5,3,0,0,,,,,,
2817758000,인천광역시 미추홀구 학익1동,2025090412,37.4370833333333,126.666233333333,5,3,0,0,0,0,1,6,7,4,0,0,0,0,1,4,5,3,0,0,,,,,,
2817759000,인천광역시 미추홀구 학익2동,2025090412,37.4437694444444,126.669508333333,5,4,0,0,0,0,1,5,7,4,0,0,0,0,1,4,5,3,0,0,,,,,,
2817760000,인천광역시 미추홀구 도화1동,2025090412,37.4581,126.675897222222,5,4,0,0,0,0,1,5,7,4,0,0,0,0,1,4,5,3,0,0,,,,,,
2817761000,인천광역시 미추홀구 도화2.3동,2025090412,37.4675264,126.6647547,5,3,0,0,0,0,1,5,7,4,0,0,0,0,1,4,5,3,0,0,,,,,,
2817762000,인천광역시 미추홀구 주안1동,2025090412,37.4609833333333,126.6787,5,4,0,0,0,0,1,5,7,4,0,0,0,0,1,4,5,3,0,0,,,,,,
2817763000,인천광역시 미추홀구 주안2동,2025090412,37.4519138888888,126.674752777777,5,4,0,0,0,0,1,5,7,4,0,0,0,0,1,4,5,3,0,0,,,,,,
2817764000,인천광역시 미추홀구 주안3동,2025090412,37.4420861111111,126.676111111111,5,4,0,0,0,0,1,5,7,4,0,0,0,0,1,4,5,3,0,0,,,,,,
2817765000,인천광역시 미추홀구 주안4동,2025090412,37.4522944444444,126.692366666666,5,4,0,0,0,0,1,5,7,4,0,0,0,0,1,4,5,3,0,0,,,,,,
2817766000,인천광역시 미추홀구 주안5동,2025090412,37.4630694444444,126.689108333333,5,4,0,0,0,0,1,5,7,4,0,0,0,0,1,4,5,3,0,0,,,,,,
2817767000,인천광역시 미추홀구 주안6동,2025090412,37.4596583333333,126.6915,5,4,0,0,0,0,1,5,7,4,0,0,0,0,1,4,5,3,0,0,,,,,,
2817768000,인천광역시 미추홀구 주안7동,2025090412,37.4456444444444,126.679711111111,5,4,0,0,0,0,1,5,7,4,0,0,0,0,1,4,5,3,0,0,,,,,,
2817769000,인천광역시 미추홀구 주안8동,2025090412,37.446825,126.691419444444,5,4,0,0,0,0,1,5,7,4,0,0,0,0,1,4,5,3,0,0,,,,,,
2817770000,인천광역시 미추홀구 관교동,2025090412,37.4414166666666,126.698911111111,5,4,0,0,0,0,1,5,7,4,0,0,0,0,1,4,5,3,0,0,,,,,,
2817771000,인천광역시 미추홀구 문학동,2025090412,37.4348805555555,126.687097222222,5,4,0,0,0,0,1,5,7,4,0,0,0,0,1,4,5,3,0,0,,,,,,
2818500000,인천광역시 연수구,2025090412,37.4071222222222,126.680441666666,5,3,0,0,0,0,1,5,7,4,0,0,0,0,1,4,5,3,0,0,,,,,,
2818563000,인천광역시 연수구 옥련1동,2025090412,37.4245333333333,126.657141666666,5,3,0,0,0,0,1,5,7,4,0,0,0,0,1,4,5,3,0,0,,,,,,
2818564000,인천광역시 연수구 옥련2동,2025090412,37.4235,126.650286111111,5,3,0,0,0,0,1,5,7,4,0,0,0,0,1,4,5,3,0,0,,,,,,
2818575000,인천광역시 연수구 선학동,2025090412,37.4196916666666,126.703430555555,5,3,0,0,0,0,1,5,7,4,0,0,0,0,1,4,5,3,0,0,,,,,,
2818576100,인천광역시 연수구 연수1동,2025090412,37.4193805555555,126.683708333333,5,3,0,0,0,0,1,5,7,4,0,0,0,0,1,4,5,3,0,0,,,,,,
2818576200,인천광역시 연수구 연수2동,2025090412,37.4088722222222,126.683977777777,5,3,0,0,0,0,1,5,7,4,0,0,0,0,1,4,5,3,0,0,,,,,,
2818576300,인천광역시 연수구 연수3동,2025090412,37.4165999999999,126.694155555555,5,3,0,0,0,0,1,5,7,4,0,0,0,0,1,4,5,3,0,0,,,,,,
2818576600,인천광역시 연수구 청학동,2025090412,37.4222,126.668219444444,5,4,0,0,0,0,1,5,7,4,0,0,0,0,1,4,5,3,0,0,,,,,,
2818578000,인천광역시 연수구 동춘1동,2025090412,37.40685,126.672908333333,5,3,0,0,0,0,1,5,7,4,0,0,0,0,1,4,5,3,0,0,,,,,,
2818579000,인천광역시 연수구 동춘2동,2025090412,37.3999166666666,126.671363888888,5,3,0,0,0,0,1,5,7,4,0,0,0,0,1,4,5,3,0,0,,,,,,
2818579500,인천광역시 연수구 동춘3동,2025090412,37.405625,126.680366666666,5,3,0,0,0,0,1,5,7,4,0,0,0,0,1,4,5,3,0,0,,,,,,
2818582000,인천광역시 연수구 송도1동,2025090412,37.39105764,126.652082,5,3,0,0,0,0,1,5,7,4,0,0,0,0,1,4,5,3,0,0,,,,,,
2818583000,인천광역시 연수구 송도2동,2025090412,37.40328,126.641639,5,3,0,0,0,0,1,5,7,4,0,0,0,0,1,4,5,3,0,0,,,,,,
2818584000,인천광역시 연수구 송도3동,2025090412,37.3816722222222,126.663366666667,5,3,0,0,0,0,1,5,7,4,0,0,0,0,1,4,5,3,0,0,,,,,,
2818585000,인천광역시 연수구 송도4동,2025090412,37.388109,126.634928,5,3,0,0,0,0,1,5,7,4,0,0,0,0,1,4,5,3,0,0,,,,,,
2818586000,인천광역시 연수구 송도5동,2025090412,37.413941,126.623231,5,3,0,0,0,0,1,5,7,4,0,0,0,0,1,4,5,3,0,0,,,,,,
2820000000,인천광역시 남동구,2025090412,37.4445194444444,126.733797222222,5,3,0,0,0,0,1,5,7,4,0,0,0,0,1,4,5,1,0,0,,,,,,
2820051000,인천광역시 남동구 구월1동,2025090412,37.4496027777777,126.713675,5,4,0,0,0,0,1,5,7,4,0,0,0,0,1,4,5,3,0,0,,,,,,
2820052000,인천광역시 남동구 구월2동,2025090412,37.4532638888888,126.715422222222,5,4,0,0,0,0,1,5,7,4,0,0,0,0,1,4,5,3,0,0,,,,,,
2820052100,인천광역시 남동구 구월3동,2025090412,37.4499083333333,126.699033333333,5,4,0,0,0,0,1,5,7,4,0,0,0,0,1,4,5,3,0,0,,,,,,
2820052200,인천광역시 남동구 구월4동,2025090412,37.4468055555555,126.726208333333,5,3,0,0,0,0,1,5,7,4,0,0,0,0,1,4,5,1,0,0,,,,,,
2820053000,인천광역시 남동구 간석1동,2025090412,37.4558277777777,126.707366666666,5,4,0,0,0,0,1,5,7,4,0,0,0,0,1,4,5,3,0,0,,,,,,
2820054000,인천광역시 남동구 간석2동,2025090412,37.4589,126.711066666666,5,4,0,0,0,0,1,5,7,4,0,0,0,0,1,4,5,3,0,0,,,,,,
2820055000,인천광역시 남동구 간석3동,2025090412,37.4633638888888,126.7166,5,4,0,0,0,0,1,5,7,4,0,0,0,0,1,4,5,3,0,0,,,,,,
2820055100,인천광역시 남동구 간석4동,2025090412,37.4637888888888,126.7028,5,4,0,0,0,0,1,5,7,4,0,0,0,0,1,4,5,3,0,0,,,,,,
2820056000,인천광역시 남동구 만수1동,2025090412,37.4459944444444,126.734133333333,5,3,0,0,0,0,1,5,7,4,0,0,0,0,1,4,5,1,0,0,,,,,,
2820057000,인천광역시 남동구 만수2동,2025090412,37.4564166666666,126.732922222222,5,3,0,0,0,0,1,5,7,4,0,0,0,0,1,4,5,1,0,0,,,,,,
2820058000,인천광역시 남동구 만수3동,2025090412,37.4591611111111,126.725177777777,5,4,0,0,0,0,1,5,7,4,0,0,0,0,1,4,5,3,0,0,,,,,,
2820058100,인천광역시 남동구 만수4동,2025090412,37.4566972222222,126.737711111111,5,3,0,0,0,0,1,5,7,4,0,0,0,0,1,4,5,1,0,0,,,,,,
2820058200,인천광역시 남동구 만수5동,2025090412,37.4552083333333,126.7299,5,3,0,0,0,0,1,5,7,4,0,0,0,0,1,4,5,1,0,0,,,,,,
2820058300,인천광역시 남동구 만수6동,2025090412,37.4409138888888,126.739752777777,5,3,0,0,0,0,1,5,7,4,0,0,0,0,1,4,5,1,0,0,,,,,,
2820065000,인천광역시 남동구 장수서창동,2025090412,37.4330833333333,126.749452777777,5,3,0,0,0,0,1,5,7,4,0,0,0,0,1,4,5,1,0,0,,,,,,
2820065500,인천광역시 남동구 서창2동,2025090412,37.4240149,126.7521618,5,3,0,0,0,0,1,5,7,4,0,0,0,0,1,4,5,1,0,0,,,,,,
2820066000,인천광역시 남동구 남촌도림동,2025090412,37.4293777777777,126.717286111111,5,4,0,0,0,0,1,5,7,4,0,0,0,0,1,4,5,3,0,0,,,,,,
2820069000,인천광역시 남동구 논현1동,2025090412,37.40568978,126.7293199,5,3,0,0,0,0,1,5,6,4,0,0,0,0,1,4,5,1,0,0,,,,,,
2820070000,인천광역시 남동구 논현2동,2025090412,37.40422435,126.7163943,5,3,0,0,0,0,1,5,7,4,0,0,0,0,1,4,5,3,0,0,,,,,,
2820071000,인천광역시 남동구 논현고잔동,2025090412,37.4014527777777,126.718341666666,5,3,0,0,0,0,1,5,7,4,0,0,0,0,1,4,5,3,0,0,,,,,,
2823700000,인천광역시 부평구,2025090412,37.5042666666666,126.7241,5,3,0,0,0,0,1,5,7,4,0,0,0,0,1,4,5,1,0,0,,,,,,
2823751000,인천광역시 부평구 부평1동,2025090412,37.4914333333333,126.722108333333,5,3,0,0,0,0,1,5,7,4,0,0,0,0,1,4,5,1,0,0,,,,,,
2823752000,인천광역시 부평구 부평2동,2025090412,37.4840888888888,126.720041666666,5,3,0,0,0,0,1,6,7,4,0,0,0,0,1,4,5,1,0,0,,,,,,
2823753000,인천광역시 부평구 부평3동,2025090412,37.4832388888888,126.710286111111,5,3,0,0,0,0,1,6,7,4,0,0,0,0,1,4,5,1,0,0,,,,,,
2823754000,인천광역시 부평구 부평4동,2025090412,37.4980416666666,126.727,5,3,0,0,0,0,1,5,7,4,0,0,0,0,1,4,5,1,0,0,,,,,,
2823755000,인천광역시 부평구 부평5동,2025090412,37.490825,126.730475,5,3,0,0,0,0,1,5,7,4,0,0,0,0,1,4,5,1,0,0,,,,,,
2823756000,인천광역시 부평구 부평6동,2025090412,37.4836305555555,126.726533333333,5,3,0,0,0,0,1,6,7,4,0,0,0,0,1,4,5,1,0,0,,,,,,
2823757000,인천광역시 부평구 산곡1동,2025090412,37.5041416666666,126.702319444444,5,3,0,0,0,0,1,5,7,4,0,0,0,0,1,4,5,1,0,0,,,,,,
2823758000,인천광역시 부평구 산곡2동,2025090412,37.50305,126.710708333333,5,3,0,0,0,0,1,5,7,4,0,0,0,0,1,4,5,1,0,0,,,,,,
2823758100,인천광역시 부평구 산곡3동,2025090412,37.4879527777777,126.711511111111,5,3,0,0,0,0,1,5,7,4,0,0,0,0,1,4,5,1,0,0,,,,,,
2823758200,인천광역시 부평구 산곡4동,2025090412,37.499075,126.713544444444,5,3,0,0,0,0,1,5,7,4,0,0,0,0,1,4,5,1,0,0,,,,,,
2823759100,인천광역시 부평구 청천1동,2025090412,37.5139277777777,126.703897222222,5,3,0,0,0,0,1,5,7,4,0,0,0,0,1,4,5,1,0,0,,,,,,
2823759200,인천광역시 부평구 청천2동,2025090412,37.5120611111111,126.706533333333,5,3,0,0,0,0,1,5,7,4,0,0,0,0,1,4,5,1,0,0,,,,,,
2823764100,인천광역시 부평구 갈산1동,2025090412,37.5148111111111,126.729344444444,5,4,0,0,0,0,1,5,7,4,0,0,0,0,1,4,5,1,0,0,,,,,,
2823764200,인천광역시 부평구 갈산2동,2025090412,37.5079555555555,126.727930555555,5,3,0,0,0,0,1,5,7,4,0,0,0,0,1,4,5,1,0,0,,,,,,
2823764600,인천광역시 부평구 삼산1동,2025090412,37.5156277777777,126.739777777777,5,4,0,0,0,0,1,5,7,4,0,0,0,0,1,4,5,1,0,0,,,,,,
2823764800,인천광역시 부평구 삼산2동,2025090412,37.5089722222222,126.738486111111,5,3,0,0,0,0,1,5,7,4,0,0,0,0,1,4,5,1,0,0,,,,,,
2823765000,인천광역시 부평구 부개1동,2025090412,37.4827,126.739108333333,5,3,0,0,0,0,1,6,7,4,0,0,0,0,1,4,5,1,0,0,,,,,,
2823766000,인천광역시 부평구 부개2동,2025090412,37.492,126.739222222222,5,3,0,0,0,0,1,5,7,4,0,0,0,0,1,4,5,1,0,0,,,,,,
2823766100,인천광역시 부평구 부개3동,2025090412,37.5015638888888,126.737,5,3,0,0,0,0,1,5,7,4,0,0,0,0,1,4,5,1,0,0,,,,,,
2823767000,인천광역시 부평구 일신동,2025090412,37.4815666666666,126.748977777777,5,3,0,0,0,0,1,5,7,4,0,0,0,0,1,4,5,1,0,0,,,,,,
2823768000,인천광역시 부평구 십정1동,2025090412,37.4729722222222,126.6982,5,3,0,0,0,0,1,5,7,4,0,0,0,0,1,4,5,1,0,0,,,,,,
2823769000,인천광역시 부평구 십정2동,2025090412,37.471,126.710130555555,5,3,0,0,0,0,1,5,7,4,0,0,0,0,1,4,5,1,0,0,,,,,,
2824500000,인천광역시 계양구,2025090412,37.5347916666666,126.739752777777,5,4,0,0,0,0,1,5,7,4,0,0,0,0,1,4,5,1,0,0,,,,,,
2824560100,인천광역시 계양구 효성1동,2025090412,37.5296055555555,126.714222222222,5,3,0,0,0,0,1,5,7,4,0,0,0,0,1,4,5,1,0,0,,,,,,
2824560200,인천광역시 계양구 효성2동,2025090412,37.5222333333333,126.711863888888,5,3,0,0,0,0,1,5,7,4,0,0,0,0,1,4,5,1,0,0,,,,,,
2824561100,인천광역시 계양구 계산1동,2025090412,37.5401083333333,126.726575,5,3,0,0,0,0,1,5,7,4,0,0,0,0,1,4,5,1,0,0,,,,,,
2824561200,인천광역시 계양구 계산2동,2025090412,37.5446222222222,126.729263888888,5,4,0,0,0,0,1,5,7,4,0,0,0,0,1,4,5,1,0,0,,,,,,
2824561300,인천광역시 계양구 계산3동,2025090412,37.5339277777777,126.731133333333,5,4,0,0,0,0,1,5,7,4,0,0,0,0,1,4,5,1,0,0,,,,,,
2824561400,인천광역시 계양구 계산4동,2025090412,37.5317833333333,126.743897222222,5,4,0,0,0,0,1,5,7,4,0,0,0,0,1,4,5,1,0,0,,,,,,
2824562100,인천광역시 계양구 작전1동,2025090412,37.5279194444444,126.731886111111,5,4,0,0,0,0,1,5,7,4,0,0,0,0,1,4,5,1,0,0,,,,,,
2824562200,인천광역시 계양구 작전2동,2025090412,37.5300888888888,126.726066666666,5,3,0,0,0,0,1,5,7,4,0,0,0,0,1,4,5,1,0,0,,,,,,
2824564000,인천광역시 계양구 작전서운동,2025090412,37.5252388888888,126.738552777777,5,4,0,0,0,0,1,5,7,4,0,0,0,0,1,4,5,1,0,0,,,,,,
2824571000,인천광역시 계양구 계양1동,2025090412,37.5741027777777,126.736241666666,5,3,0,0,0,0,1,5,7,4,0,0,0,0,1,4,5,1,0,0,,,,,,
2824572000,인천광역시 계양구 계양2동,2025090412,37.5409555555555,126.739166666666,5,4,0,0,0,0,1,5,7,4,0,0,0,0,1,4,5,1,0,0,,,,,,
2824573000,인천광역시 계양구 계양3동,2025090412,37.5591666666667,126.7604,5,3,0,0,0,0,1,5,7,4,0,0,0,0,1,4,5,1,0,0,,,,,,
2826000000,인천광역시 서구,2025090412,37.5426916666666,126.6782,5,3,0,0,0,0,1,5,7,4,0,0,0,0,1,4,5,1,0,0,,,,,,
2826051500,인천광역시 서구 검암경서동,2025090412,37.5616611111111,126.675708333333,5,3,0,0,0,0,1,5,7,4,0,0,0,0,1,4,5,1,0,0,,,,,,
2826053000,인천광역시 서구 연희동,2025090412,37.546225,126.680266666666,5,3,0,0,0,0,1,5,7,4,0,0,0,0,1,4,5,1,0,0,,,,,,
2826053600,인천광역시 서구 청라1동,2025090412,37.53197235,126.653834,5,3,0,0,0,0,1,5,7,4,0,0,0,0,1,4,5,3,0,0,,,,,,
2826053700,인천광역시 서구 청라2동,2025090412,37.53196667,126.6410139,5,3,0,0,0,0,1,5,7,4,0,0,0,0,1,4,5,3,0,0,,,,,,
2826053900,인천광역시 서구 청라3동,2025090412,37.5246933,126.6295261,5,3,0,0,0,0,1,5,7,4,0,0,0,0,1,4,5,3,0,0,,,,,,
2826054200,인천광역시 서구 가정1동,2025090412,37.5204472222222,126.676533333333,5,3,0,0,0,0,1,5,7,4,0,0,0,0,1,4,5,1,0,0,,,,,,
2826054300,인천광역시 서구 가정2동,2025090412,37.5235527777777,126.679833333333,5,3,0,0,0,0,1,5,7,4,0,0,0,0,1,4,5,1,0,0,,,,,,
2826054400,인천광역시 서구 가정3동,2025090412,37.5127194444444,126.679919444444,5,3,0,0,0,0,1,6,7,4,0,0,0,0,1,4,5,1,0,0,,,,,,
2826055000,인천광역시 서구 석남1동,2025090412,37.5083555555555,126.676797222222,5,3,0,0,0,0,1,5,7,4,0,0,0,0,1,4,5,1,0,0,,,,,,
2826056000,인천광역시 서구 석남2동,2025090412,37.4998111111111,126.676697222222,5,3,0,0,0,0,1,5,7,4,0,0,0,0,1,4,5,1,0,0,,,,,,
2826056100,인천광역시 서구 석남3동,2025090412,37.5054194444444,126.680375,5,3,0,0,0,0,1,6,7,4,0,0,0,0,1,4,5,1,0,0,,,,,,
2826057500,인천광역시 서구 신현원창동,2025090412,37.5117972222222,126.674352777777,5,3,0,0,0,0,1,5,7,4,0,0,0,0,1,4,5,1,0,0,,,,,,
2826058000,인천광역시 서구 가좌1동,2025090412,37.4911138888888,126.675097222222,5,3,0,0,0,0,1,5,7,4,0,0,0,0,1,4,5,1,0,0,,,,,,
2826059000,인천광역시 서구 가좌2동,2025090412,37.48805,126.686952777777,5,3,0,0,0,0,1,5,7,4,0,0,0,0,1,4,5,1,0,0,,,,,,
2826060000,인천광역시 서구 가좌3동,2025090412,37.4896527777777,126.681877777777,5,3,0,0,0,0,1,5,7,4,0,0,0,0,1,4,5,1,0,0,,,,,,
2826061000,인천광역시 서구 가좌4동,2025090412,37.4846222222222,126.685686111111,5,3,0,0,0,0,1,5,7,4,0,0,0,0,1,4,5,1,0,0,,,,,,
2826068000,인천광역시 서구 검단동,2025090412,37.5993805555555,126.663375,5,3,0,0,0,0,1,5,6,4,0,0,0,0,1,4,5,3,0,0,,,,,,
2826069000,인천광역시 서구 불로대곡동,2025090412,37.6143611111111,126.690977777777,5,4,0,0,0,0,1,5,6,4,0,0,0,0,1,3,5,3,0,0,,,,,,
2826070000,인천광역시 서구 원당동,2025090412,37.5911138888888,126.699844444444,5,3,0,0,0,0,1,5,6,4,0,0,0,0,1,4,5,1,0,0,,,,,,
2826071000,인천광역시 서구 당하동,2025090412,37.5911722222222,126.677311111111,5,3,0,0,0,0,1,5,6,4,0,0,0,0,1,4,5,1,0,0,,,,,,
2826072000,인천광역시 서구 오류왕길동,2025090412,37.597691,126.637152,5,3,0,0,0,0,1,5,6,4,0,0,0,0,1,4,5,3,0,0,,,,,,
2826073000,인천광역시 서구 마전동,2025090412,37.5929616,126.6613294,5,3,0,0,0,0,1,5,6,4,0,0,0,0,1,4,5,3,0,0,,,,,,
2826074000,인천광역시 서구 아라동,2025090412,37.594,126.7156,5,3,0,0,0,0,1,5,6,4,0,0,0,0,1,4,5,1,0,0,,,,,,
2871000000,인천광역시 강화군,2025090412,37.7438583333333,126.49,5,3,0,0,0,0,1,5,7,5,0,0,0,0,0,1,2,3,0,0,,,,,,
2871025000,인천광역시 강화군 강화읍,2025090412,37.7455416666666,126.485597222222,5,3,0,0,0,0,1,5,7,5,0,0,0,0,0,1,5,3,0,0,,,,,,
2871031000,인천광역시 강화군 선원면,2025090412,37.7105055555555,126.486886111111,5,3,0,0,0,0,1,5,7,5,0,0,0,0,0,1,2,3,0,0,,,,,,
2871032000,인천광역시 강화군 불은면,2025090412,37.6838555555555,126.482419444444,5,3,0,0,0,0,1,5,7,5,0,0,0,0,1,1,5,3,0,0,,,,,,
2871033000,인천광역시 강화군 길상면,2025090412,37.637825,126.493166666666,5,3,0,0,0,0,1,5,7,5,0,0,0,0,1,1,5,3,0,0,,,,,,
2871034000,인천광역시 강화군 화도면,2025090412,37.6289083333333,126.422277777777,5,3,0,0,0,0,1,5,7,5,0,0,0,0,1,1,5,1,0,0,,,,,,
2871035000,인천광역시 강화군 양도면,2025090412,37.6599861111111,126.424155555555,5,3,0,0,0,0,1,5,7,5,0,0,0,0,1,1,4,3,0,0,,,,,,
2871036000,인천광역시 강화군 내가면,2025090412,37.7166,126.391886111111,5,3,0,0,0,0,1,5,7,5,0,0,0,0,0,1,5,3,0,0,,,,,,
2871037000,인천광역시 강화군 하점면,2025090412,37.7719388888888,126.413641666666,5,3,0,0,0,0,1,5,7,5,0,0,0,0,0,1,5,3,0,0,,,,,,
2871038000,인천광역시 강화군 양사면,2025090412,37.795825,126.410219444444,5,3,0,0,0,0,1,5,7,5,0,0,0,0,0,3,5,3,0,0,,,,,,
2871039000,인천광역시 강화군 송해면,2025090412,37.761775,126.465441666666,5,3,0,0,0,0,1,5,7,5,0,0,0,0,0,1,5,3,0,0,,,,,,
2871040000,인천광역시 강화군 교동면,2025090412,37.7774416666666,126.282611111111,5,3,0,0,0,0,1,5,7,5,0,0,0,0,0,3,5,1,0,0,,,,,,
2871041000,인천광역시 강화군 삼산면,2025090412,37.7006805555555,126.322875,5,3,0,0,0,0,1,5,7,5,0,0,0,0,0,1,5,1,0,0,,,,,,
2871042000,인천광역시 강화군 서도면,2025090412,37.6475805555555,126.242108333333,5,3,0,0,0,0,1,5,8,5,0,0,0,0,1,3,5,1,0,0,,,,,,
2872000000,인천광역시 옹진군,2025090412,37.4437249999999,126.638888888888,5,3,0,0,0,0,1,5,7,4,0,0,0,0,1,4,5,3,0,0,,,,,,
2872031000,인천광역시 옹진군 북도면,2025090412,37.529675,126.429133333333,5,3,0,0,0,0,1,5,8,5,0,0,0,0,1,4,5,3,0,0,,,,,,
2872033000,인천광역시 옹진군 백령면,2025090412,37.9741764,124.7186911,5,3,0,0,0,0,1,5,7,5,0,0,0,0,1,4,2,1,0,0,,,,,,
2872034000,인천광역시 옹진군 대청면,2025090412,37.8256,124.7141,5,3,0,0,0,0,1,5,8,5,0,0,0,0,1,3,2,2,0,0,,,,,,
2872035000,인천광역시 옹진군 덕적면,2025090412,37.2235805555555,126.148888888888,5,3,0,0,0,0,1,7,8,5,0,0,0,0,1,4,5,4,0,0,,,,,,
2872036000,인천광역시 옹진군 영흥면,2025090412,37.2529388888888,126.485911111111,5,3,0,0,0,0,1,7,8,5,0,0,0,0,1,4,5,3,0,0,,,,,,
2872037000,인천광역시 옹진군 자월면,2025090412,37.24825,126.313219444444,5,3,0,0,0,0,1,7,8,5,0,0,0,0,1,4,5,3,0,0,,,,,,
2872038000,인천광역시 옹진군 연평면,2025090412,37.6623888888888,125.704108333333,5,3,0,0,0,0,1,5,8,5,0,0,0,0,0,4,5,2,0,0,,,,,,
2900000000,광주광역시,2025090412,35.1569749999999,126.853363888888,9,5,0,0,0,0,1,6,7,1,0,0,0,0,1,5,5,3,0,0,,,,,,
2911000000,광주광역시 동구,2025090412,35.1431,126.925177777777,9,4,0,0,0,0,1,6,7,1,0,0,0,0,1,4,2,3,0,0,,,,,,
2911052500,광주광역시 동구 충장동,2025090412,35.1462861111111,126.919377777777,9,4,0,0,0,0,1,6,7,1,0,0,0,0,1,4,2,3,0,0,,,,,,
2911054500,광주광역시 동구 동명동,2025090412,35.1481138888888,126.927244444444,9,4,0,0,0,0,1,6,7,1,0,0,0,0,1,4,2,3,0,0,,,,,,
2911056000,광주광역시 동구 계림1동,2025090412,35.1554527777777,126.921641666666,9,4,0,0,0,0,1,6,7,1,0,0,0,0,1,4,2,3,0,0,,,,,,
2911057000,광주광역시 동구 계림2동,2025090412,35.1550527777777,126.925441666666,9,4,0,0,0,0,1,6,7,1,0,0,0,0,1,4,2,3,0,0,,,,,,
2911059000,광주광역시 동구 산수1동,2025090412,35.1542555555555,126.932777777777,9,4,0,0,0,0,1,6,7,1,0,0,0,0,1,4,2,3,0,0,,,,,,
2911060000,광주광역시 동구 산수2동,2025090412,35.1515111111111,126.9382,9,4,0,0,0,0,1,6,7,1,0,0,0,0,1,4,2,3,0,0,,,,,,
2911062000,광주광역시 동구 지산1동,2025090412,35.1458861111111,126.934833333333,9,4,0,0,0,0,1,6,7,1,0,0,0,0,1,4,2,3,0,0,,,,,,
2911063000,광주광역시 동구 지산2동,2025090412,35.1449055555555,126.936575,9,4,0,0,0,0,1,6,7,1,0,0,0,0,1,4,2,3,0,0,,,,,,
2911065500,광주광역시 동구 서남동,2025090412,35.1418583333333,126.925219444444,9,4,0,0,0,0,1,6,7,1,0,0,0,0,1,4,2,3,0,0,,,,,,
2911068500,광주광역시 동구 학동,2025090412,35.1313722222222,126.926263888888,9,4,0,0,0,0,1,6,7,1,0,0,0,0,1,4,2,3,0,0,,,,,,
2911071000,광주광역시 동구 학운동,2025090412,35.1293888888888,126.935611111111,9,4,0,0,0,0,1,6,7,1,0,0,0,0,1,4,2,3,0,0,,,,,,
2911073000,광주광역시 동구 지원1동,2025090412,35.1160555555555,126.933022222222,9,5,0,0,0,0,1,6,7,1,0,0,0,0,1,4,2,3,0,0,,,,,,
2911074000,광주광역시 동구 지원2동,2025090412,35.1174388888888,126.934852777777,9,5,0,0,0,0,1,6,7,1,0,0,0,0,1,4,2,3,0,0,,,,,,
2914000000,광주광역시 서구,2025090412,35.1494833333333,126.893411111111,9,4,0,0,0,0,1,6,7,1,0,0,0,0,1,4,2,3,0,0,,,,,,
2914057500,광주광역시 서구 양동,2025090412,35.1517277777777,126.902908333333,9,4,0,0,0,0,1,6,7,1,0,0,0,0,1,4,2,3,0,0,,,,,,
2914059000,광주광역시 서구 양3동,2025090412,35.1543138888888,126.896222222222,9,4,0,0,0,0,1,6,7,1,0,0,0,0,1,4,2,3,0,0,,,,,,
2914065000,광주광역시 서구 농성1동,2025090412,35.1536111111111,126.891777777777,9,4,0,0,0,0,1,6,7,1,0,0,0,0,1,4,2,3,0,0,,,,,,
2914066000,광주광역시 서구 농성2동,2025090412,35.1473111111111,126.892311111111,9,4,0,0,0,0,1,6,7,1,0,0,0,0,1,4,2,3,0,0,,,,,,
2914073000,광주광역시 서구 광천동,2025090412,35.1613388888888,126.882375,9,4,0,0,0,0,1,6,7,1,0,0,0,0,1,4,2,3,0,0,,,,,,
2914074000,광주광역시 서구 유덕동,2025090412,35.1622444444444,126.854019444444,9,5,0,0,0,0,1,6,7,1,0,0,0,0,1,4,5,3,0,0,,,,,,
2914074500,광주광역시 서구 치평동,2025090412,35.1469916666666,126.845177777777,9,5,0,0,0,0,1,6,7,1,0,0,0,0,1,5,5,3,0,0,,,,,,
2914075100,광주광역시 서구 상무1동,2025090412,35.1506833333333,126.869452777777,9,4,0,0,0,0,1,6,7,1,0,0,0,0,1,5,2,3,0,0,,,,,,
2914075200,광주광역시 서구 상무2동,2025090412,35.1434111111111,126.868444444444,9,5,0,0,0,0,1,6,7,1,0,0,0,0,1,5,5,3,0,0,,,,,,
2914076000,광주광역시 서구 화정1동,2025090412,35.1531138888888,126.879799999999,9,4,0,0,0,0,1,6,7,1,0,0,0,0,1,4,2,3,0,0,,,,,,
2914077000,광주광역시 서구 화정2동,2025090412,35.1425222222222,126.884444444444,9,4,0,0,0,0,1,6,7,1,0,0,0,0,1,4,2,3,0,0,,,,,,
2914078000,광주광역시 서구 화정3동,2025090412,35.1404138888888,126.878952777777,9,4,0,0,0,0,1,6,7,1,0,0,0,0,1,4,2,3,0,0,,,,,,
2914079000,광주광역시 서구 화정4동,2025090412,35.1387972222222,126.875955555555,9,4,0,0,0,0,1,6,7,1,0,0,0,0,1,4,2,3,0,0,,,,,,
2914080000,광주광역시 서구 서창동,2025090412,35.1114361111111,126.832286111111,9,5,0,0,0,0,1,6,7,1,0,0,0,0,1,4,2,3,0,0,,,,,,
2914082100,광주광역시 서구 금호1동,2025090412,35.1320833333333,126.859188888888,9,5,0,0,0,0,1,6,7,1,0,0,0,0,1,5,5,3,0,0,,,,,,
2914082400,광주광역시 서구 금호2동,2025090412,35.1290888888888,126.860911111111,9,5,0,0,0,0,1,6,7,1,0,0,0,0,1,5,5,3,0,0,,,,,,
2914083000,광주광역시 서구 풍암동,2025090412,35.121725,126.880686111111,8,4,0,0,0,0,1,6,7,1,0,0,0,0,1,4,2,3,0,0,,,,,,
2914084000,광주광역시 서구 동천동,2025090412,35.17129,126.864704,9,5,0,0,0,0,1,6,7,1,0,0,0,0,1,3,5,3,0,0,,,,,,
2915500000,광주광역시 남구,2025090412,35.1190361111111,126.910144444444,8,5,0,0,0,0,1,6,7,1,0,0,0,0,1,4,2,3,0,0,,,,,,
2915551000,광주광역시 남구 양림동,2025090412,35.1338416666666,126.917733333333,9,4,0,0,0,0,1,6,7,1,0,0,0,0,1,4,2,3,0,0,,,,,,
2915552000,광주광역시 남구 방림1동,2025090412,35.1312805555555,126.920355555555,9,4,0,0,0,0,1,6,7,1,0,0,0,0,1,4,2,3,0,0,,,,,,
2915553000,광주광역시 남구 방림2동,2025090412,35.1288638888888,126.924066666666,9,4,0,0,0,0,1,6,7,1,0,0,0,0,1,4,2,3,0,0,,,,,,
2915553700,광주광역시 남구 봉선1동,2025090412,35.1274777777777,126.913063888888,9,4,0,0,0,0,1,6,7,1,0,0,0,0,1,4,2,3,0,0,,,,,,
2915553800,광주광역시 남구 봉선2동,2025090412,35.1204444444444,126.915833333333,8,5,0,0,0,0,1,6,7,1,0,0,0,0,1,4,2,3,0,0,,,,,,
2915554500,광주광역시 남구 사직동,2025090412,35.1427138888888,126.909955555555,9,4,0,0,0,0,1,6,7,1,0,0,0,0,1,4,2,3,0,0,,,,,,
2915560500,광주광역시 남구 월산동,2025090412,35.144475,126.904688888888,9,4,0,0,0,0,1,6,7,1,0,0,0,0,1,4,2,3,0,0,,,,,,
2915563000,광주광역시 남구 월산4동,2025090412,35.1436166666666,126.892908333333,9,4,0,0,0,0,1,6,7,1,0,0,0,0,1,4,2,3,0,0,,,,,,
2915564000,광주광역시 남구 월산5동,2025090412,35.1370916666666,126.894597222222,9,4,0,0,0,0,1,6,7,1,0,0,0,0,1,4,2,3,0,0,,,,,,
2915567000,광주광역시 남구 백운1동,2025090412,35.135175,126.905977777777,9,4,0,0,0,0,1,6,7,1,0,0,0,0,1,4,2,3,0,0,,,,,,
2915568000,광주광역시 남구 백운2동,2025090412,35.1330222222222,126.904386111111,9,4,0,0,0,0,1,6,7,1,0,0,0,0,1,4,2,3,0,0,,,,,,
2915569000,광주광역시 남구 주월1동,2025090412,35.1289111111111,126.895488888888,9,4,0,0,0,0,1,6,7,1,0,0,0,0,1,4,2,3,0,0,,,,,,
2915570000,광주광역시 남구 주월2동,2025090412,35.1315972222222,126.896208333333,9,4,0,0,0,0,1,6,7,1,0,0,0,0,1,4,2,3,0,0,,,,,,
2915570500,광주광역시 남구 진월동,2025090412,35.1124569948764,126.898566431855,8,5,0,0,0,0,1,6,7,1,0,0,0,0,1,4,2,3,0,0,,,,,,
2915571000,광주광역시 남구 효덕동,2025090412,35.1093638888888,126.900644444444,8,5,0,0,0,0,1,6,7,1,0,0,0,0,1,4,2,3,0,0,,,,,,
2915572000,광주광역시 남구 송암동,2025090412,35.108425,126.879288888888,8,5,0,0,0,0,1,6,7,1,0,0,0,0,1,4,2,3,0,0,,,,,,
2915573000,광주광역시 남구 대촌동,2025090412,35.0782555555555,126.836066666666,9,5,0,0,0,0,1,6,7,1,0,0,0,0,1,4,2,3,0,0,,,,,,
2917000000,광주광역시 북구,2025090412,35.1711249999999,126.914122222222,9,5,0,0,0,0,1,6,7,1,0,0,0,0,1,3,2,3,0,0,,,,,,
2917051000,광주광역시 북구 중흥1동,2025090412,35.1585722222222,126.916011111111,9,4,0,0,0,0,1,6,7,1,0,0,0,0,1,4,2,3,0,0,,,,,,
2917053500,광주광역시 북구 중흥동,2025090412,35.16937875,126.9140941,9,5,0,0,0,0,1,6,7,1,0,0,0,0,1,3,2,3,0,0,,,,,,
2917055500,광주광역시 북구 중앙동,2025090412,35.154375,126.908252777777,9,4,0,0,0,0,1,6,7,1,0,0,0,0,1,4,2,3,0,0,,,,,,
2917057000,광주광역시 북구 임동,2025090412,35.1627694444444,126.896330555555,9,4,0,0,0,0,1,6,7,1,0,0,0,0,1,4,2,3,0,0,,,,,,
2917058000,광주광역시 북구 신안동,2025090412,35.164375,126.900752777777,9,4,0,0,0,0,1,6,7,1,0,0,0,0,1,4,2,3,0,0,,,,,,
2917059000,광주광역시 북구 용봉동,2025090412,35.1773055555555,126.903308333333,9,5,0,0,0,0,1,6,7,1,0,0,0,0,1,3,2,3,0,0,,,,,,
2917060100,광주광역시 북구 운암1동,2025090412,35.1717888888888,126.876477777777,8,5,0,0,0,0,1,6,7,1,0,0,0,0,1,3,2,3,0,0,,,,,,
2917060200,광주광역시 북구 운암2동,2025090412,35.1709722222222,126.884752777777,9,5,0,0,0,0,1,6,7,1,0,0,0,0,1,3,2,3,0,0,,,,,,
2917060300,광주광역시 북구 운암3동,2025090412,35.1796749999999,126.876430555555,9,5,0,0,0,0,1,6,7,1,0,0,0,0,1,3,2,3,0,0,,,,,,
2917061500,광주광역시 북구 동림동,2025090412,35.1838805555555,126.868599999999,9,5,0,0,0,0,1,6,7,1,0,0,0,0,1,3,5,3,0,0,,,,,,
2917062000,광주광역시 북구 우산동,2025090412,35.1672416666666,126.923022222222,9,5,0,0,0,0,1,6,7,1,0,0,0,0,1,3,2,3,0,0,,,,,,
2917063500,광주광역시 북구 풍향동,2025090412,35.1614416666666,126.925130555555,9,4,0,0,0,0,1,6,7,1,0,0,0,0,1,4,2,3,0,0,,,,,,
2917065000,광주광역시 북구 문화동,2025090412,35.1784388888888,126.938919444444,9,4,0,0,0,0,1,6,7,1,0,0,0,0,1,4,2,3,0,0,,,,,,
2917065600,광주광역시 북구 문흥1동,2025090412,35.1836944444444,126.9237,9,5,0,0,0,0,1,6,7,1,0,0,0,0,1,3,2,3,0,0,,,,,,
2917065700,광주광역시 북구 문흥2동,2025090412,35.1812194444444,126.924019444444,9,5,0,0,0,0,1,6,7,1,0,0,0,0,1,3,2,3,0,0,,,,,,
2917066100,광주광역시 북구 두암1동,2025090412,35.1679611111111,126.930986111111,9,4,0,0,0,0,1,6,7,1,0,0,0,0,1,4,2,3,0,0,,,,,,
2917066200,광주광역시 북구 두암2동,2025090412,35.1710416666666,126.934075,9,4,0,0,0,0,1,6,7,1,0,0,0,0,1,4,2,3,0,0,,,,,,
2917066300,광주광역시 북구 두암3동,2025090412,35.1599527777777,126.936830555555,9,4,0,0,0,0,1,6,7,1,0,0,0,0,1,4,2,3,0,0,,,,,,
2917066600,광주광역시 북구 삼각동,2025090412,35.1962083333333,126.9016,9,5,0,0,0,0,1,6,7,1,0,0,0,0,1,3,2,3,0,0,,,,,,
2917066900,광주광역시 북구 일곡동,2025090412,35.2029555555555,126.899466666666,9,5,0,0,0,0,1,6,7,1,0,0,0,0,1,3,2,3,0,0,,,,,,
2917067300,광주광역시 북구 매곡동,2025090412,35.186425,126.894188888888,9,5,0,0,0,0,1,6,7,1,0,0,0,0,1,3,2,3,0,0,,,,,,
2917067600,광주광역시 북구 오치1동,2025090412,35.1861194444444,126.91,9,5,0,0,0,0,1,6,7,1,0,0,0,0,1,3,2,3,0,0,,,,,,
2917067700,광주광역시 북구 오치2동,2025090412,35.1870138888888,126.902622222222,9,5,0,0,0,0,1,6,7,1,0,0,0,0,1,3,2,3,0,0,,,,,,
2917068500,광주광역시 북구 석곡동,2025090412,35.2119194444444,126.952041666666,8,4,0,0,0,0,1,6,7,1,0,0,0,0,1,4,2,3,0,0,,,,,,
2917069500,광주광역시 북구 건국동,2025090412,35.21985,126.8837,7,4,0,0,0,0,1,6,7,1,0,0,0,0,1,3,5,4,0,0,,,,,,
2917069600,광주광역시 북구 양산동,2025090412,35.20917073,126.879628,7,4,0,0,0,0,1,6,7,1,0,0,0,0,1,3,5,4,0,0,,,,,,
2917069700,광주광역시 북구 신용동,2025090412,35.2064889,126.8629158,9,5,0,0,0,0,1,6,7,1,0,0,0,0,1,3,5,3,0,0,,,,,,
2920000000,광주광역시 광산구,2025090412,35.1364277777777,126.795788888888,9,5,0,0,0,0,1,6,7,1,0,0,0,0,1,3,5,4,0,0,,,,,,
2920051500,광주광역시 광산구 송정1동,2025090412,35.1377222222222,126.8008,9,5,0,0,0,0,1,6,7,1,0,0,0,0,1,3,5,4,0,0,,,,,,
2920052500,광주광역시 광산구 송정2동,2025090412,35.1359777777777,126.796708333333,9,5,0,0,0,0,1,6,7,1,0,0,0,0,1,3,5,4,0,0,,,,,,
2920054000,광주광역시 광산구 도산동,2025090412,35.1263111111111,126.7936,9,5,0,0,0,0,1,6,7,1,0,0,0,0,1,3,5,4,0,0,,,,,,
2920055000,광주광역시 광산구 신흥동,2025090412,35.1421027777777,126.802744444444,9,5,0,0,0,0,1,6,7,1,0,0,0,0,1,3,5,4,0,0,,,,,,
2920056500,광주광역시 광산구 어룡동,2025090412,35.1394416666666,126.797197222222,9,5,0,0,0,0,1,6,7,1,0,0,0,0,1,3,5,4,0,0,,,,,,
2920058000,광주광역시 광산구 우산동,2025090412,35.1547416666666,126.811533333333,9,5,0,0,0,0,1,6,7,1,0,0,0,0,1,3,5,4,0,0,,,,,,
2920060000,광주광역시 광산구 월곡1동,2025090412,35.1688111111111,126.811933333333,9,5,0,0,0,0,1,6,7,1,0,0,0,0,1,3,5,3,0,0,,,,,,
2920061000,광주광역시 광산구 월곡2동,2025090412,35.1713027777777,126.809866666666,9,5,0,0,0,0,1,6,7,1,0,0,0,0,1,3,5,3,0,0,,,,,,
2920062000,광주광역시 광산구 비아동,2025090412,35.2189638888888,126.826419444444,7,4,0,0,0,0,1,6,7,1,0,0,0,0,1,4,5,3,0,0,,,,,,
2920062400,광주광역시 광산구 첨단1동,2025090412,35.2165277777777,126.844244444444,7,4,0,0,0,0,1,6,7,1,0,0,0,0,1,4,5,3,0,0,,,,,,
2920062600,광주광역시 광산구 첨단2동,2025090412,35.2132472222222,126.845475,7,4,0,0,0,0,1,6,7,1,0,0,0,0,1,4,5,3,0,0,,,,,,
2920063000,광주광역시 광산구 신가동,2025090412,35.1785111111111,126.829641666666,9,5,0,0,0,0,1,6,7,1,0,0,0,0,1,3,5,3,0,0,,,,,,
2920063500,광주광역시 광산구 운남동,2025090412,35.1703472222222,126.823855555555,9,5,0,0,0,0,1,6,7,1,0,0,0,0,1,3,5,3,0,0,,,,,,
2920063700,광주광역시 광산구 수완동,2025090412,35.1971,126.825751,9,5,0,0,0,0,1,6,7,1,0,0,0,0,1,3,5,3,0,0,,,,,,
2920064000,광주광역시 광산구 하남동,2025090412,35.181875,126.796086111111,9,5,0,0,0,0,1,6,7,1,0,0,0,0,1,3,5,3,0,0,,,,,,
2920065000,광주광역시 광산구 임곡동,2025090412,35.2165638888888,126.746811111111,6,2,0,0,0,0,1,6,7,1,0,0,0,0,1,3,5,3,0,0,,,,,,
2920066000,광주광역시 광산구 동곡동,2025090412,35.0956083333333,126.774133333333,8,5,0,0,0,0,1,6,7,1,0,0,0,0,1,3,5,4,0,0,,,,,,
2920067000,광주광역시 광산구 평동,2025090412,35.1216722222222,126.762333333333,8,5,0,0,0,0,1,6,7,1,0,0,0,0,1,3,5,4,0,0,,,,,,
2920068000,광주광역시 광산구 삼도동,2025090412,35.1591166666666,126.699608333333,7,2,0,0,0,0,1,6,7,1,0,0,0,0,1,4,5,3,0,0,,,,,,
2920069000,광주광역시 광산구 본량동,2025090412,35.1776972222222,126.730875,9,5,0,0,0,0,1,6,7,1,0,0,0,0,1,3,5,3,0,0,,,,,,
2920070000,광주광역시 광산구 신창동,2025090412,35.195582,126.8407192,9,5,0,0,0,0,1,6,7,1,0,0,0,0,1,3,5,3,0,0,,,,,,
3000000000,대전광역시,2025090412,36.3471194444444,127.386566666666,4,3,0,0,0,0,1,6,7,1,0,0,0,0,1,4,2,2,0,0,,,,,,
3011000000,대전광역시 동구,2025090412,36.3241333333333,127.434852777777,4,3,0,0,0,0,1,6,7,1,0,0,0,0,1,4,2,3,0,0,,,,,,
3011051500,대전광역시 동구 중앙동,2025090412,36.3289194444444,127.4311,4,3,0,0,0,0,1,6,7,1,0,0,0,0,1,4,2,3,0,0,,,,,,
3011053000,대전광역시 동구 효동,2025090412,36.3140805555555,127.443863888888,4,3,0,0,0,0,1,6,7,1,0,0,0,0,1,4,2,3,0,0,,,,,,
3011054500,대전광역시 동구 신인동,2025090412,36.323425,127.437938,4,3,0,0,0,0,1,6,7,1,0,0,0,0,1,4,2,3,0,0,,,,,,
3011055100,대전광역시 동구 판암1동,2025090412,36.3144027777777,127.459852777777,4,3,0,0,0,0,1,6,7,4,0,0,0,0,1,4,2,2,0,0,,,,,,
3011055200,대전광역시 동구 판암2동,2025090412,36.3174611111111,127.459508333333,4,3,0,0,0,0,1,6,7,4,0,0,0,0,1,4,2,2,0,0,,,,,,
3011056000,대전광역시 동구 용운동,2025090412,36.3251583333333,127.4636,4,3,0,0,0,0,1,6,7,4,0,0,0,0,1,4,2,2,0,0,,,,,,
3011058500,대전광역시 동구 대동,2025090412,36.3254166666666,127.447866666666,4,3,0,0,0,0,1,6,7,1,0,0,0,0,1,4,2,3,0,0,,,,,,
3011059000,대전광역시 동구 자양동,2025090412,36.3324611111111,127.451241666666,4,3,0,0,0,0,1,6,7,1,0,0,0,0,1,4,2,3,0,0,,,,,,
3011062000,대전광역시 동구 가양1동,2025090412,36.3440888888888,127.443577777777,4,3,0,0,0,0,1,6,7,1,0,0,0,0,1,4,2,3,0,0,,,,,,
3011063000,대전광역시 동구 가양2동,2025090412,36.3461111111111,127.449508333333,4,3,0,0,0,0,1,6,7,1,0,0,0,0,1,4,2,3,0,0,,,,,,
3011064000,대전광역시 동구 용전동,2025090412,36.3551055555555,127.434411111111,4,3,0,0,0,0,1,6,7,4,0,0,0,0,1,4,2,3,0,0,,,,,,
3011066500,대전광역시 동구 성남동,2025090412,36.3445416,127.4374361,4,3,0,0,0,0,1,6,7,1,0,0,0,0,1,4,2,3,0,0,,,,,,
3011067000,대전광역시 동구 홍도동,2025090412,36.3440361111111,127.425455555555,4,3,0,0,0,0,1,6,7,1,0,0,0,0,1,4,2,3,0,0,,,,,,
3011069500,대전광역시 동구 삼성동,2025090412,36.3405954,127.4221987,4,3,0,0,0,0,1,6,7,1,0,0,0,0,1,4,2,3,0,0,,,,,,
3011072500,대전광역시 동구 대청동,2025090412,36.3406472222222,127.494730555555,4,3,0,0,0,0,1,6,7,4,0,0,0,0,1,4,2,2,0,0,,,,,,
3011074000,대전광역시 동구 산내동,2025090412,36.278625,127.469975,4,3,0,0,0,0,1,6,7,4,0,0,0,0,1,4,2,1,0,0,,,,,,
3014000000,대전광역시 중구,2025090412,36.3226305555555,127.423111111111,4,3,0,0,0,0,1,6,7,1,0,0,0,0,1,4,2,3,0,0,,,,,,
3014053500,대전광역시 중구 은행선화동,2025090412,36.3248444444444,127.4204,4,3,0,0,0,0,1,6,7,1,0,0,0,0,1,4,2,3,0,0,,,,,,
3014055000,대전광역시 중구 목동,2025090412,36.33145,127.414622222222,4,3,0,0,0,0,1,6,7,1,0,0,0,0,1,4,2,3,0,0,,,,,,
3014056000,대전광역시 중구 중촌동,2025090412,36.33890382,127.412426,4,3,0,0,0,0,1,6,7,1,0,0,0,0,1,4,2,3,0,0,,,,,,
3014057500,대전광역시 중구 대흥동,2025090412,36.3173972222222,127.428030555555,4,3,0,0,0,0,1,6,7,1,0,0,0,0,1,4,2,3,0,0,,,,,,
3014060500,대전광역시 중구 문창동,2025090412,36.3132722222222,127.440055555555,4,3,0,0,0,0,1,6,7,1,0,0,0,0,1,4,2,3,0,0,,,,,,
3014062000,대전광역시 중구 석교동,2025090412,36.3067277777777,127.444533333333,4,3,0,0,0,0,1,6,7,1,0,0,0,0,1,4,2,2,0,0,,,,,,
3014063000,대전광역시 중구 대사동,2025090412,36.3147138888888,127.426975,4,3,0,0,0,0,1,6,7,1,0,0,0,0,1,4,2,3,0,0,,,,,,
3014064000,대전광역시 중구 부사동,2025090412,36.3112722222222,127.435822222222,4,3,0,0,0,0,1,6,7,1,0,0,0,0,1,4,2,3,0,0,,,,,,
3014065500,대전광역시 중구 용두동,2025090412,36.3225694444444,127.412475,4,3,0,0,0,0,1,6,7,1,0,0,0,0,1,4,2,3,0,0,,,,,,
3014067000,대전광역시 중구 오류동,2025090412,36.3226,127.405922222222,4,3,0,0,0,0,1,6,7,1,0,0,0,0,1,4,2,3,0,0,,,,,,
3014068000,대전광역시 중구 태평1동,2025090412,36.3232305555555,127.399166666666,4,3,0,0,0,0,1,6,7,1,0,0,0,0,1,4,2,3,0,0,,,,,,
3014069000,대전광역시 중구 태평2동,2025090412,36.318325,127.395,4,3,0,0,0,0,1,6,7,1,0,0,0,0,1,4,2,2,0,0,,,,,,
3014070000,대전광역시 중구 유천1동,2025090412,36.3121361111111,127.397366666666,4,3,0,0,0,0,1,6,7,1,0,0,0,0,1,4,2,2,0,0,,,,,,
3014071000,대전광역시 중구 유천2동,2025090412,36.3124833333333,127.401330555555,4,3,0,0,0,0,1,6,7,1,0,0,0,0,1,4,2,3,0,0,,,,,,
3014072000,대전광역시 중구 문화1동,2025090412,36.3124277777777,127.408641666666,4,3,0,0,0,0,1,6,7,1,0,0,0,0,1,4,2,3,0,0,,,,,,
3014073000,대전광역시 중구 문화2동,2025090412,36.3047888888888,127.401344444444,4,3,0,0,0,0,1,6,7,1,0,0,0,0,1,4,2,2,0,0,,,,,,
3014074000,대전광역시 중구 산성동,2025090412,36.3024361111111,127.388219444444,4,3,0,0,0,0,1,6,7,1,0,0,0,0,1,4,2,2,0,0,,,,,,
3017000000,대전광역시 서구,2025090412,36.3524833333333,127.385775,4,3,0,0,0,0,1,6,7,1,0,0,0,0,1,4,2,2,0,0,,,,,,
3017051000,대전광역시 서구 복수동,2025090412,36.3038333333333,127.375977777777,4,3,0,0,0,0,1,6,7,1,0,0,0,0,1,4,2,2,0,0,,,,,,
3017052000,대전광역시 서구 도마1동,2025090412,36.3130638888888,127.383186111111,4,3,0,0,0,0,1,6,7,1,0,0,0,0,1,4,2,2,0,0,,,,,,
3017053000,대전광역시 서구 도마2동,2025090412,36.3098305555555,127.375708333333,4,3,0,0,0,0,1,6,7,1,0,0,0,0,1,4,2,2,0,0,,,,,,
3017053500,대전광역시 서구 정림동,2025090412,36.3015472222222,127.368863888888,4,3,0,0,0,0,1,6,7,1,0,0,0,0,1,4,2,2,0,0,,,,,,
3017054000,대전광역시 서구 변동,2025090412,36.3229166666666,127.388888888888,4,3,0,0,0,0,1,6,7,1,0,0,0,0,1,4,2,2,0,0,,,,,,
3017055000,대전광역시 서구 용문동,2025090412,36.3336944444444,127.396388888888,4,3,0,0,0,0,1,6,7,1,0,0,0,0,1,4,2,2,0,0,,,,,,
3017055500,대전광역시 서구 탄방동,2025090412,36.3436694444444,127.397263888888,4,3,0,0,0,0,1,6,7,1,0,0,0,0,1,4,2,2,0,0,,,,,,
3017056000,대전광역시 서구 괴정동,2025090412,36.3342583333333,127.384141666666,4,3,0,0,0,0,1,6,7,1,0,0,0,0,1,4,2,2,0,0,,,,,,
3017057000,대전광역시 서구 가장동,2025090412,36.32715,127.387352777777,4,3,0,0,0,0,1,6,7,1,0,0,0,0,1,4,2,2,0,0,,,,,,
3017057500,대전광역시 서구 내동,2025090412,36.3292583333333,127.379508333333,4,3,0,0,0,0,1,6,7,1,0,0,0,0,1,4,2,2,0,0,,,,,,
3017058100,대전광역시 서구 갈마1동,2025090412,36.3497444444444,127.369975,4,3,0,0,0,0,1,6,7,1,0,0,0,0,1,4,2,2,0,0,,,,,,
3017058200,대전광역시 서구 갈마2동,2025090412,36.3437555555555,127.377022222222,4,3,0,0,0,0,1,6,7,1,0,0,0,0,1,4,2,2,0,0,,,,,,
3017058600,대전광역시 서구 월평1동,2025090412,36.3517583333333,127.359730555555,4,3,0,0,0,0,1,6,7,1,0,0,0,0,1,4,2,2,0,0,,,,,,
3017058700,대전광역시 서구 월평2동,2025090412,36.3606305555555,127.376233333333,4,3,0,0,0,0,1,6,7,1,0,0,0,0,1,4,2,3,0,0,,,,,,
3017058800,대전광역시 서구 월평3동,2025090412,36.3573611111111,127.369,4,3,0,0,0,0,1,6,7,1,0,0,0,0,1,4,2,3,0,0,,,,,,
3017059000,대전광역시 서구 가수원동,2025090412,36.3006166666666,127.351411111111,4,3,0,0,0,0,1,6,7,1,0,0,0,0,1,4,2,2,0,0,,,,,,
3017059300,대전광역시 서구 도안동,2025090412,36.3236179406995,127.346732378171,4,3,0,0,0,0,1,6,7,1,0,0,0,0,1,4,2,2,0,0,,,,,,
3017059600,대전광역시 서구 관저1동,2025090412,36.3009111111111,127.3394,4,3,0,0,0,0,1,7,7,1,0,0,0,0,1,4,2,1,0,0,,,,,,
3017059700,대전광역시 서구 관저2동,2025090412,36.2962111111111,127.337222222222,4,3,0,0,0,0,1,7,7,1,0,0,0,0,1,4,2,1,0,0,,,,,,
3017060000,대전광역시 서구 기성동,2025090412,36.2529305555555,127.343763888888,4,3,0,0,0,0,1,6,7,1,0,0,0,0,1,6,2,2,0,0,,,,,,
3017063000,대전광역시 서구 둔산1동,2025090412,36.3495194444444,127.387941666666,4,3,0,0,0,0,1,6,7,1,0,0,0,0,1,4,2,2,0,0,,,,,,
3017065000,대전광역시 서구 만년동,2025090412,36.3646277777777,127.377130555555,4,3,0,0,0,0,1,6,7,1,0,0,0,0,1,4,2,3,0,0,,,,,,
3020000000,대전광역시 유성구,2025090412,36.3593666666666,127.358341666666,4,3,0,0,0,0,1,6,7,1,0,0,0,0,1,4,2,3,0,0,,,,,,
3020052000,대전광역시 유성구 진잠동,2025090412,36.29685,127.318599999999,4,3,0,0,0,0,1,7,7,1,0,0,0,0,1,4,2,1,0,0,,,,,,
3020052600,대전광역시 유성구 학하동,2025090412,36.3411396869139,127.30872977332,4,3,0,0,0,0,1,7,7,1,0,0,0,0,1,4,2,1,0,0,,,,,,
3020053000,대전광역시 유성구 온천1동,2025090412,36.3502555555555,127.341111111111,4,3,0,0,0,0,1,7,7,1,0,0,0,0,1,4,2,1,0,0,,,,,,
3020054600,대전광역시 유성구 노은1동,2025090412,36.3653305555555,127.320555555555,4,3,0,0,0,0,1,7,7,1,0,0,0,0,1,4,2,3,0,0,,,,,,
3020054700,대전광역시 유성구 노은2동,2025090412,36.3885805555555,127.313911111111,4,3,0,0,0,0,1,7,7,1,0,0,0,0,1,4,2,3,0,0,,,,,,
3020054800,대전광역시 유성구 노은3동,2025090412,36.386791,127.307896,4,3,0,0,0,0,1,7,7,1,0,0,0,0,1,4,2,3,0,0,,,,,,
3020055000,대전광역시 유성구 신성동,2025090412,36.38625,127.349533333333,4,3,0,0,0,0,1,6,7,1,0,0,0,0,1,4,2,3,0,0,,,,,,
3020057000,대전광역시 유성구 전민동,2025090412,36.3970277777777,127.402530555555,4,3,0,0,0,0,1,6,7,4,0,0,0,0,1,4,2,3,0,0,,,,,,
3020058000,대전광역시 유성구 구즉동,2025090412,36.4374694444444,127.385922222222,4,3,0,0,0,0,1,6,7,4,0,0,0,0,1,4,2,3,0,0,,,,,,
3020060000,대전광역시 유성구 관평동,2025090412,36.42316994,127.3887774,4,3,0,0,0,0,1,6,7,4,0,0,0,0,1,4,2,3,0,0,,,,,,
3023000000,대전광역시 대덕구,2025090412,36.3437944444444,127.417686111111,4,3,0,0,0,0,1,6,7,1,0,0,0,0,1,4,2,3,0,0,,,,,,
3023051000,대전광역시 대덕구 오정동,2025090412,36.3508333333333,127.411975,4,3,0,0,0,0,1,6,7,1,0,0,0,0,1,4,2,3,0,0,,,,,,
3023052000,대전광역시 대덕구 대화동,2025090412,36.36345,127.413463888888,4,3,0,0,0,0,1,6,7,4,0,0,0,0,1,4,2,3,0,0,,,,,,
3023053300,대전광역시 대덕구 비래동,2025090412,36.3520138888888,127.452022222222,4,3,0,0,0,0,1,6,7,1,0,0,0,0,1,4,2,3,0,0,,,,,,
3023054300,대전광역시 대덕구 송촌동,2025090412,36.3627222222222,127.442033333333,4,3,0,0,0,0,1,6,7,4,0,0,0,0,1,4,2,3,0,0,,,,,,
3023054600,대전광역시 대덕구 중리동,2025090412,36.3577222222222,127.428552777777,4,3,0,0,0,0,1,6,7,4,0,0,0,0,1,4,2,3,0,0,,,,,,
3023055000,대전광역시 대덕구 신탄진동,2025090412,36.4487888888888,127.431208333333,4,3,0,0,0,0,1,6,7,4,0,0,0,0,1,4,2,3,0,0,,,,,,
3023056000,대전광역시 대덕구 석봉동,2025090412,36.4451944444444,127.427875,4,3,0,0,0,0,1,6,7,4,0,0,0,0,1,4,2,3,0,0,,,,,,
3023058000,대전광역시 대덕구 목상동,2025090412,36.445575,127.414330555555,4,3,0,0,0,0,1,6,7,4,0,0,0,0,1,4,2,3,0,0,,,,,,
3023061000,대전광역시 대덕구 법2동,2025090412,36.3643194444444,127.432908333333,4,3,0,0,0,0,1,6,7,4,0,0,0,0,1,4,2,3,0,0,,,,,,
3100000000,울산광역시,2025090412,35.5354083333333,129.313688888888,7,5,0,0,0,0,1,6,9,4,0,0,0,0,1,5,5,4,0,0,,,,,,
3111052000,울산광역시 중구 반구1동,2025090412,35.5533861111111,129.343911111111,7,5,0,0,0,0,1,6,9,4,0,0,0,0,1,5,5,4,0,0,,,,,,
3111055500,울산광역시 중구 복산동,2025090412,35.56579338,129.3342518,7,5,0,0,0,0,1,6,9,4,0,0,0,0,1,5,5,4,0,0,,,,,,
3111058500,울산광역시 중구 중앙동,2025090412,35.557542,129.32405,7,5,0,0,0,0,1,6,9,4,0,0,0,0,1,5,5,4,0,0,,,,,,
3111059000,울산광역시 중구 우정동,2025090412,35.5517361111111,129.314641666666,7,5,0,0,0,0,1,6,9,4,0,0,0,0,1,5,5,4,0,0,,,,,,
3111062000,울산광역시 중구 병영1동,2025090412,35.5670111111111,129.348855555555,7,5,0,0,0,0,1,6,9,4,0,0,0,0,1,5,5,4,0,0,,,,,,
3111063000,울산광역시 중구 병영2동,2025090412,35.57635,129.348275,9,4,0,0,0,0,1,6,9,4,0,0,0,0,1,4,5,4,0,0,,,,,,
3111064000,울산광역시 중구 약사동,2025090412,35.5673916666666,129.339541666666,7,5,0,0,0,0,1,6,9,4,0,0,0,0,1,5,5,4,0,0,,,,,,
3111065000,울산광역시 중구 성안동,2025090412,35.5743416666667,129.309697222222,9,4,0,0,0,0,1,6,9,4,0,0,0,0,1,5,5,4,0,0,,,,,,
3114051000,울산광역시 남구 신정1동,2025090412,35.5382916666666,129.308844444444,7,5,0,0,0,0,1,6,9,4,0,0,0,0,1,5,5,4,0,0,,,,,,
3114052000,울산광역시 남구 신정2동,2025090412,35.5316111111111,129.310177777777,7,5,0,0,0,0,1,6,9,4,0,0,0,0,1,5,5,4,0,0,,,,,,
3114054000,울산광역시 남구 신정4동,2025090412,35.5262805555555,129.316777777777,7,4,0,0,0,0,1,6,9,4,0,0,0,0,1,5,5,4,0,0,,,,,,
3114055000,울산광역시 남구 신정5동,2025090412,35.54185,129.323722222222,7,5,0,0,0,0,1,6,9,4,0,0,0,0,1,5,5,4,0,0,,,,,,
3114056000,울산광역시 남구 달동,2025090412,35.5333944444444,129.318844444444,7,5,0,0,0,0,1,6,9,4,0,0,0,0,1,5,5,4,0,0,,,,,,
3114057000,울산광역시 남구 삼산동,2025090412,35.5413888888888,129.334155555555,7,5,0,0,0,0,1,6,9,4,0,0,0,0,1,5,5,4,0,0,,,,,,
3114058500,울산광역시 남구 삼호동,2025090412,35.5469444444444,129.268275,7,4,0,0,0,0,1,6,9,4,0,0,0,0,1,4,5,4,0,0,,,,,,
3114059500,울산광역시 남구 무거동,2025090412,35.5479222222222,129.263011111111,7,4,0,0,0,0,1,6,9,4,0,0,0,0,1,4,5,4,0,0,,,,,,
3114060000,울산광역시 남구 옥동,2025090412,35.5322444444444,129.296166666666,7,4,0,0,0,0,1,6,9,4,0,0,0,0,1,5,5,4,0,0,,,,,,
3114062500,울산광역시 남구 대현동,2025090412,35.5235083333333,129.329122222222,7,4,0,0,0,0,1,6,9,4,0,0,0,0,1,5,5,4,0,0,,,,,,
3114063500,울산광역시 남구 수암동,2025090412,35.5213583333333,129.320666666666,7,4,0,0,0,0,1,6,9,4,0,0,0,0,1,5,5,4,0,0,,,,,,
3114064000,울산광역시 남구 선암동,2025090412,35.5098611111111,129.3375,7,4,0,0,0,0,1,6,9,4,0,0,0,0,1,5,5,4,0,0,,,,,,
3117000000,울산광역시 동구,2025090412,35.5018888888888,129.418952777777,8,4,0,0,0,0,1,6,9,5,0,0,0,0,1,4,7,4,0,0,,,,,,
3117051000,울산광역시 동구 방어동,2025090412,35.482975,129.426411111111,8,4,0,0,0,0,1,6,9,5,0,0,0,0,1,4,7,4,0,0,,,,,,
3117052000,울산광역시 동구 일산동,2025090412,35.4950305555555,129.428544444444,8,4,0,0,0,0,1,6,9,5,0,0,0,0,1,4,7,4,0,0,,,,,,
3117054000,울산광역시 동구 대송동,2025090412,35.5001361111111,129.420644444444,8,4,0,0,0,0,1,6,9,5,0,0,0,0,1,4,7,4,0,0,,,,,,
3117055000,울산광역시 동구 전하1동,2025090412,35.5137583333333,129.430875,8,4,0,0,0,0,1,6,9,5,0,0,0,0,1,4,7,4,0,0,,,,,,
3117056000,울산광역시 동구 전하2동,2025090412,35.5063027777777,129.431574999999,8,4,0,0,0,0,1,6,9,5,0,0,0,0,1,4,7,4,0,0,,,,,,
3117058000,울산광역시 동구 남목1동,2025090412,35.5363416666666,129.423133333333,7,4,0,0,0,0,1,6,9,5,0,0,0,0,1,4,7,4,0,0,,,,,,
3117059000,울산광역시 동구 남목2동,2025090412,35.5215638888888,129.433888888888,8,4,0,0,0,0,1,6,9,5,0,0,0,0,1,4,7,4,0,0,,,,,,
3117060000,울산광역시 동구 남목3동,2025090412,35.5429444444444,129.433633333333,7,4,0,0,0,0,1,6,9,5,0,0,0,0,1,4,7,4,0,0,,,,,,
3120000000,울산광역시 북구,2025090412,35.5796888888888,129.363544444444,7,5,0,0,0,0,1,6,9,5,0,0,0,0,1,4,5,4,0,0,,,,,,
3120051000,울산광역시 북구 농소1동,2025090412,35.6197527777777,129.358333333333,9,4,0,0,0,0,1,6,9,4,0,0,0,0,1,4,5,4,0,0,,,,,,
3120052000,울산광역시 북구 농소2동,2025090412,35.6352388888888,129.350475,9,4,0,0,0,0,1,6,9,4,0,0,0,0,1,4,5,4,0,0,,,,,,
3120053000,울산광역시 북구 농소3동,2025090412,35.6256333333333,129.341933333333,9,4,0,0,0,0,1,6,9,4,0,0,0,0,1,4,5,4,0,0,,,,,,
3120054000,울산광역시 북구 강동동,2025090412,35.6124055555555,129.450652777777,7,4,0,0,0,0,1,6,9,5,0,0,0,0,1,4,7,4,0,0,,,,,,
3120056000,울산광역시 북구 효문동,2025090412,35.5747916666666,129.363397222222,7,5,0,0,0,0,1,6,9,5,0,0,0,0,1,5,5,4,0,0,,,,,,
3120057000,울산광역시 북구 송정동,2025090412,35.591775,129.359811111111,7,5,0,0,0,0,1,6,9,5,0,0,0,0,1,4,5,4,0,0,,,,,,
3120058000,울산광역시 북구 양정동,2025090412,35.5429361111111,129.387808333333,7,4,0,0,0,0,1,6,9,5,0,0,0,0,1,4,7,4,0,0,,,,,,
3120059000,울산광역시 북구 염포동,2025090412,35.5238194444444,129.401397222222,8,4,0,0,0,0,1,6,9,5,0,0,0,0,1,4,7,4,0,0,,,,,,
3171000000,울산광역시 울주군,2025090412,35.5307388888888,129.297163888888,7,4,0,0,0,0,1,6,9,4,0,0,0,0,1,5,5,4,0,0,,,,,,
3171025000,울산광역시 울주군 온산읍,2025090412,35.4315805555555,129.316863888888,7,4,0,0,0,0,1,6,9,5,0,0,0,0,1,5,7,4,0,0,,,,,,
3171025300,울산광역시 울주군 언양읍,2025090412,35.5663722222222,129.128044444444,8,5,0,0,0,0,1,6,7,4,0,0,0,0,1,4,5,3,0,0,,,,,,
3171025600,울산광역시 울주군 온양읍,2025090412,35.4159027777777,129.283055555555,7,4,0,0,0,0,1,6,8,4,0,0,0,0,1,4,6,4,0,0,,,,,,
3171025900,울산광역시 울주군 범서읍,2025090412,35.5659027777777,129.232419444444,9,4,0,0,0,0,1,6,9,4,0,0,0,0,1,5,5,4,0,0,,,,,,
3171026200,울산광역시 울주군 청량읍,2025090412,35.49313,129.306002,7,4,0,0,0,0,1,6,9,4,0,0,0,0,1,5,5,4,0,0,,,,,,
3171026500,울산광역시 울주군 삼남읍,2025090412,35.5388225,129.1065147,8,5,0,0,0,0,1,6,7,4,0,0,0,0,1,4,5,3,0,0,,,,,,
3171031000,울산광역시 울주군 서생면,2025090412,35.3461722222222,129.328566666666,7,4,0,0,0,0,1,6,8,5,0,0,0,0,1,4,7,4,0,0,,,,,,
3171034000,울산광역시 울주군 웅촌면,2025090412,35.4631305555555,129.211844444444,8,4,0,0,0,0,1,6,8,4,0,0,0,0,1,4,5,4,0,0,,,,,,
3171036000,울산광역시 울주군 두동면,2025090412,35.6512166666666,129.203530555555,9,4,0,0,0,0,1,6,9,4,0,0,0,0,1,4,5,3,0,0,,,,,,
3171037000,울산광역시 울주군 두서면,2025090412,35.6404305555555,129.1612,9,4,0,0,0,0,1,6,7,4,0,0,0,0,1,4,5,3,0,0,,,,,,
3171038000,울산광역시 울주군 상북면,2025090412,35.5875611111111,129.093463888888,9,5,0,0,0,0,1,6,7,4,0,0,0,0,1,4,5,3,0,0,,,,,,
3171040000,울산광역시 울주군 삼동면,2025090412,35.5190861111111,129.159155555555,7,5,0,0,0,0,1,6,7,4,0,0,0,0,1,4,5,4,0,0,,,,,,
3600000000,세종특별자치시,2025090412,36.4800121,127.2890691,5,3,0,0,0,0,1,6,7,4,0,0,0,0,1,3,2,3,0,0,,,,,,
3611000000,세종특별자치시 세종특별자치시,2025090412,36.4800121,127.2890691,5,3,0,0,0,0,1,6,7,4,0,0,0,0,1,3,2,3,0,0,,,,,,
3611025000,세종특별자치시 세종특별자치시 조치원읍,2025090412,36.604528,127.298399,5,3,0,0,0,0,1,5,7,4,0,0,0,0,1,3,4,3,0,0,,,,,,
3611031000,세종특별자치시 세종특별자치시 연기면,2025090412,36.5418737,127.2737741,5,3,0,0,0,0,1,5,7,4,0,0,0,0,1,3,4,3,0,0,,,,,,
3611032000,세종특별자치시 세종특별자치시 연동면,2025090412,36.5590889,127.3268658,5,3,0,0,0,0,1,6,7,4,0,0,0,0,1,3,4,3,0,0,,,,,,
3611033000,세종특별자치시 세종특별자치시 부강면,2025090412,36.527112,127.370376,4,3,0,0,0,0,1,6,7,4,0,0,0,0,1,3,2,3,0,0,,,,,,
3611034000,세종특별자치시 세종특별자치시 금남면,2025090412,36.463826,127.28035,5,3,0,0,0,0,1,7,7,4,0,0,0,0,1,3,2,3,0,0,,,,,,
3611035000,세종특별자치시 세종특별자치시 장군면,2025090412,36.4967934,127.2056006,5,3,0,0,0,0,1,6,7,4,0,0,0,0,1,3,4,3,0,0,,,,,,
3611036000,세종특별자치시 세종특별자치시 연서면,2025090412,36.592587,127.2716217,5,3,0,0,0,0,1,5,7,4,0,0,0,0,1,3,4,3,0,0,,,,,,
3611037000,세종특별자치시 세종특별자치시 전의면,2025090412,36.6812513,127.1955125,5,3,0,0,0,0,1,5,7,4,0,0,0,0,1,3,5,2,0,0,,,,,,
3611038000,세종특별자치시 세종특별자치시 전동면,2025090412,36.6560904,127.2641625,5,3,0,0,0,0,1,5,7,4,0,0,0,0,1,3,4,2,0,0,,,,,,
3611039000,세종특별자치시 세종특별자치시 소정면,2025090412,36.7223175,127.1582525,5,3,0,0,0,0,1,5,7,4,0,0,0,0,1,3,5,3,0,0,,,,,,
3611051000,세종특별자치시 세종특별자치시 한솔동,2025090412,36.4790361111111,127.254625,5,3,0,0,0,0,1,7,7,4,0,0,0,0,1,3,2,3,0,0,,,,,,
3611051500,세종특별자치시 세종특별자치시 새롬동,2025090412,36.486542,127.256899,5,3,0,0,0,0,1,7,7,4,0,0,0,0,1,3,2,3,0,0,,,,,,
3611051800,세종특별자치시 세종특별자치시 나성동,2025090412,36.4891526,127.26430552,5,3,0,0,0,0,1,7,7,4,0,0,0,0,1,3,2,3,0,0,,,,,,
3611052000,세종특별자치시 세종특별자치시 도담동,2025090412,36.51731111,127.2623972,5,3,0,0,0,0,1,6,7,4,0,0,0,0,1,3,4,3,0,0,,,,,,
3611052300,세종특별자치시 세종특별자치시 어진동,2025090412,36.50174491023016,127.2567079006527,5,3,0,0,0,0,1,6,7,4,0,0,0,0,1,3,4,3,0,0,,,,,,
3611052500,세종특별자치시 세종특별자치시 해밀동,2025090412,36.5270220158487,127.268085471711,5,3,0,0,0,0,1,6,7,4,0,0,0,0,1,3,4,3,0,0,,,,,,
3611053000,세종특별자치시 세종특별자치시 아름동,2025090412,36.5120416666667,127.248222222222,5,3,0,0,0,0,1,6,7,4,0,0,0,0,1,3,4,3,0,0,,,,,,
3611054000,세종특별자치시 세종특별자치시 종촌동,2025090412,36.5119569,127.247612,5,3,0,0,0,0,1,6,7,4,0,0,0,0,1,3,4,3,0,0,,,,,,
3611055000,세종특별자치시 세종특별자치시 고운동,2025090412,36.519776,127.236841,5,3,0,0,0,0,1,6,7,4,0,0,0,0,1,3,4,3,0,0,,,,,,
3611055500,세종특별자치시 세종특별자치시 소담동,2025090412,36.4835223,127.3011911,5,3,0,0,0,0,1,6,7,4,0,0,0,0,1,3,2,3,0,0,,,,,,
3611055600,세종특별자치시 세종특별자치시 반곡동,2025090412,36.4987531567432,127.310678329828,5,3,0,0,0,0,1,6,7,4,0,0,0,0,1,3,4,3,0,0,,,,,,
3611056000,세종특별자치시 세종특별자치시 보람동,2025090412,36.47885,127.290412,5,3,0,0,0,0,1,6,7,4,0,0,0,0,1,3,2,3,0,0,,,,,,
3611057000,세종특별자치시 세종특별자치시 대평동,2025090412,36.4712699,127.2795296,5,3,0,0,0,0,1,7,7,4,0,0,0,0,1,3,2,3,0,0,,,,,,
3611058000,세종특별자치시 세종특별자치시 다정동,2025090412,36.4939773,127.2479133,5,3,0,0,0,0,1,6,7,4,0,0,0,0,1,3,4,3,0,0,,,,,,
4100000000,경기도,2025090412,37.2718444444444,127.011688888888,5,3,0,0,0,0,1,5,7,4,0,0,0,0,1,3,4,1,0,0,,,,,,
4111100000,경기도 수원시장안구,2025090412,37.3010111111111,127.012222222222,4,3,0,0,0,0,1,5,7,4,0,0,0,0,1,2,4,1,0,0,,,,,,
4111156000,경기도 수원시장안구 파장동,2025090412,37.3055833333333,126.996886111111,4,3,0,0,0,0,1,5,7,4,0,0,0,0,1,2,4,1,0,0,,,,,,
4111156600,경기도 수원시장안구 율천동,2025090412,37.2947694444444,126.973577777777,4,3,0,0,0,0,1,5,7,4,0,0,0,0,1,2,4,1,0,0,,,,,,
4111157100,경기도 수원시장안구 정자1동,2025090412,37.2993861111111,126.993375,4,3,0,0,0,0,1,5,7,4,0,0,0,0,1,2,4,1,0,0,,,,,,
4111157200,경기도 수원시장안구 정자2동,2025090412,37.2922861111111,127.002622222222,4,3,0,0,0,0,1,5,7,4,0,0,0,0,1,2,4,1,0,0,,,,,,
4111157300,경기도 수원시장안구 정자3동,2025090412,37.2937777777777,126.997663888888,4,3,0,0,0,0,1,5,7,4,0,0,0,0,1,2,4,1,0,0,,,,,,
4111158000,경기도 수원시장안구 영화동,2025090412,37.2903166666666,127.016133333333,5,3,0,0,0,0,1,5,7,4,0,0,0,0,1,2,4,1,0,0,,,,,,
4111159100,경기도 수원시장안구 송죽동,2025090412,37.2976666666666,127.009175,4,3,0,0,0,0,1,5,7,4,0,0,0,0,1,2,4,1,0,0,,,,,,
4111159700,경기도 수원시장안구 조원1동,2025090412,37.2989861111111,127.018497222222,5,3,0,0,0,0,1,5,7,4,0,0,0,0,1,2,4,1,0,0,,,,,,
4111159800,경기도 수원시장안구 조원2동,2025090412,37.3027888888888,127.011819444444,4,3,0,0,0,0,1,5,7,4,0,0,0,0,1,2,4,1,0,0,,,,,,
4111160000,경기도 수원시장안구 연무동,2025090412,37.2877194444444,127.023666666666,5,3,0,0,0,0,1,5,7,4,0,0,0,0,1,2,4,1,0,0,,,,,,
4111300000,경기도 수원시권선구,2025090412,37.2547333333333,126.974075,5,3,0,0,0,0,1,5,7,4,0,0,0,0,1,3,4,1,0,0,,,,,,
4111352000,경기도 수원시권선구 세류1동,2025090412,37.2593583333333,127.010055555555,5,3,0,0,0,0,1,5,7,4,0,0,0,0,1,3,4,1,0,0,,,,,,
4111353000,경기도 수원시권선구 세류2동,2025090412,37.2505166666666,127.015130555555,5,3,0,0,0,0,1,5,7,4,0,0,0,0,1,3,4,1,0,0,,,,,,
4111354000,경기도 수원시권선구 세류3동,2025090412,37.2562194444444,127.014033333333,5,3,0,0,0,0,1,5,7,4,0,0,0,0,1,3,4,1,0,0,,,,,,
4111355000,경기도 수원시권선구 평동,2025090412,37.2551666666666,126.996133333333,5,3,0,0,0,0,1,5,7,4,0,0,0,0,1,3,4,1,0,0,,,,,,
4111356000,경기도 수원시권선구 서둔동,2025090412,37.269725,126.988097222222,5,3,0,0,0,0,1,5,7,4,0,0,0,0,1,3,4,1,0,0,,,,,,
4111365000,경기도 수원시권선구 구운동,2025090412,37.2743444444444,126.973577777777,5,3,0,0,0,0,1,5,7,4,0,0,0,0,1,3,4,1,0,0,,,,,,
4111366200,경기도 수원시권선구 금곡동,2025090412,37.2727402,126.9521816,5,3,0,0,0,0,1,5,7,4,0,0,0,0,1,2,4,1,0,0,,,,,,
4111366400,경기도 수원시권선구 호매실동,2025090412,37.2662253,126.9570883,5,3,0,0,0,0,1,5,7,4,0,0,0,0,1,3,4,1,0,0,,,,,,
4111367000,경기도 수원시권선구 권선1동,2025090412,37.2537777777777,127.036975,5,3,0,0,0,0,1,5,7,4,0,0,0,0,1,3,4,1,0,0,,,,,,
4111368000,경기도 수원시권선구 권선2동,2025090412,37.2484916666666,127.031777777777,5,3,0,0,0,0,1,5,7,4,0,0,0,0,1,3,4,1,0,0,,,,,,
4111369000,경기도 수원시권선구 곡선동,2025090412,37.2403861111111,127.035422222222,5,3,0,0,0,0,1,5,7,4,0,0,0,0,1,3,4,1,0,0,,,,,,
4111370000,경기도 수원시권선구 입북동,2025090412,37.2904222222222,126.961730555555,4,3,0,0,0,0,1,5,7,4,0,0,0,0,1,2,4,1,0,0,,,,,,
4111500000,경기도 수원시팔달구,2025090412,37.2831027777777,127.037833333333,5,3,0,0,0,0,1,6,7,4,0,0,0,0,1,2,4,1,0,0,,,,,,
4111565000,경기도 수원시팔달구 매교동,2025090412,37.2656777777777,127.016275,5,3,0,0,0,0,1,5,7,4,0,0,0,0,1,3,4,1,0,0,,,,,,
4111566000,경기도 수원시팔달구 매산동,2025090412,37.2658888888888,127.007777777777,5,3,0,0,0,0,1,5,7,4,0,0,0,0,1,3,4,1,0,0,,,,,,
4111567000,경기도 수원시팔달구 고등동,2025090412,37.2704805555555,127.003219444444,5,3,0,0,0,0,1,5,7,4,0,0,0,0,1,3,4,1,0,0,,,,,,
4111568000,경기도 수원시팔달구 화서1동,2025090412,37.2738499999999,126.996886111111,5,3,0,0,0,0,1,5,7,4,0,0,0,0,1,3,4,1,0,0,,,,,,
4111569000,경기도 수원시팔달구 화서2동,2025090412,37.2805138888888,126.996355555555,4,3,0,0,0,0,1,5,7,4,0,0,0,0,1,2,4,1,0,0,,,,,,
4111570000,경기도 수원시팔달구 지동,2025090412,37.2792111111111,127.030522222222,5,3,0,0,0,0,1,6,7,4,0,0,0,0,1,3,4,1,0,0,,,,,,
4111571000,경기도 수원시팔달구 우만1동,2025090412,37.2825388888888,127.031452777777,5,3,0,0,0,0,1,6,7,4,0,0,0,0,1,2,4,1,0,0,,,,,,
4111572000,경기도 수원시팔달구 우만2동,2025090412,37.2751166666666,127.041852777777,5,3,0,0,0,0,1,6,7,4,0,0,0,0,1,3,4,1,0,0,,,,,,
4111573000,경기도 수원시팔달구 인계동,2025090412,37.2675555555555,127.023388888888,5,3,0,0,0,0,1,5,7,4,0,0,0,0,1,3,4,1,0,0,,,,,,
4111574000,경기도 수원시팔달구 행궁동,2025090412,37.2812527777777,127.014752777777,5,3,0,0,0,0,1,5,7,4,0,0,0,0,1,2,4,1,0,0,,,,,,
4111700000,경기도 수원시영통구,2025090412,37.2563111111111,127.048633333333,5,3,0,0,0,0,1,5,7,4,0,0,0,0,1,3,4,1,0,0,,,,,,
4111751000,경기도 수원시영통구 매탄1동,2025090412,37.2676305555555,127.042563888888,5,3,0,0,0,0,1,5,7,4,0,0,0,0,1,3,4,1,0,0,,,,,,
4111752000,경기도 수원시영통구 매탄2동,2025090412,37.26725,127.0495,5,3,0,0,0,0,1,5,7,4,0,0,0,0,1,3,4,1,0,0,,,,,,
4111753000,경기도 수원시영통구 매탄3동,2025090412,37.2537694444444,127.045152777777,5,3,0,0,0,0,1,5,7,4,0,0,0,0,1,3,4,1,0,0,,,,,,
4111754000,경기도 수원시영통구 매탄4동,2025090412,37.2622694444444,127.050788888888,5,3,0,0,0,0,1,5,7,4,0,0,0,0,1,3,4,1,0,0,,,,,,
4111755000,경기도 수원시영통구 원천동,2025090412,37.2708527777777,127.059533333333,5,3,0,0,0,0,1,5,7,4,0,0,0,0,1,3,4,1,0,0,,,,,,
4111757000,경기도 수원시영통구 영통1동,2025090412,37.2634555555555,127.082644444444,5,3,0,0,0,0,1,5,7,4,0,0,0,0,1,2,4,1,0,0,,,,,,
4111758000,경기도 수원시영통구 영통2동,2025090412,37.2440555555555,127.058422222222,5,3,0,0,0,0,1,5,7,4,0,0,0,0,1,3,4,1,0,0,,,,,,
4111758500,경기도 수원시영통구 영통3동,2025090412,37.252774,127.076907,5,3,0,0,0,0,1,5,7,4,0,0,0,0,1,2,4,1,0,0,,,,,,
4111759300,경기도 수원시영통구 망포1동,2025090412,37.2378191,127.0588917,5,3,0,0,0,0,1,5,7,4,0,0,0,0,1,3,4,1,0,0,,,,,,
4111759600,경기도 수원시영통구 망포2동,2025090412,37.2387141,127.0493384,5,3,0,0,0,0,1,5,7,4,0,0,0,0,1,3,4,1,0,0,,,,,,
4111760000,경기도 수원시영통구 광교1동,2025090412,37.2902305555556,127.047630555556,5,3,0,0,0,0,1,6,7,4,0,0,0,0,1,2,4,1,0,0,,,,,,
4111761000,경기도 수원시영통구 광교2동,2025090412,37.2922055555556,127.070127777778,5,3,0,0,0,0,1,6,7,4,0,0,0,0,1,2,4,1,0,0,,,,,,
4113100000,경기도 성남시수정구,2025090412,37.4474916666666,127.147719444444,5,3,0,0,0,0,1,5,6,4,0,0,0,0,1,2,4,2,0,0,,,,,,
4113151000,경기도 성남시수정구 신흥1동,2025090412,37.4402388888888,127.143275,5,3,0,0,0,0,1,5,6,4,0,0,0,0,1,2,4,2,0,0,,,,,,
4113152000,경기도 성남시수정구 신흥2동,2025090412,37.4458527777777,127.147888888888,5,3,0,0,0,0,1,5,6,4,0,0,0,0,1,2,4,2,0,0,,,,,,
4113153000,경기도 성남시수정구 신흥3동,2025090412,37.4407333333333,127.151086111111,5,3,0,0,0,0,1,5,6,4,0,0,0,0,1,2,4,2,0,0,,,,,,
4113154000,경기도 성남시수정구 태평1동,2025090412,37.4378583333333,127.128333333333,5,3,0,0,0,0,1,5,6,4,0,0,0,0,1,2,4,2,0,0,,,,,,
4113155000,경기도 성남시수정구 태평2동,2025090412,37.4448666666666,127.1408,5,3,0,0,0,0,1,5,6,4,0,0,0,0,1,2,4,2,0,0,,,,,,
4113156000,경기도 성남시수정구 태평3동,2025090412,37.4426166666666,127.135022222222,5,3,0,0,0,0,1,5,6,4,0,0,0,0,1,2,4,2,0,0,,,,,,
4113156100,경기도 성남시수정구 태평4동,2025090412,37.4451388888888,127.143463888888,5,3,0,0,0,0,1,5,6,4,0,0,0,0,1,2,4,2,0,0,,,,,,
4113157000,경기도 성남시수정구 수진1동,2025090412,37.4357222222222,127.141111111111,5,3,0,0,0,0,1,5,6,4,0,0,0,0,1,2,4,2,0,0,,,,,,
4113158000,경기도 성남시수정구 수진2동,2025090412,37.4345833333333,127.130752777777,5,3,0,0,0,0,1,5,6,4,0,0,0,0,1,2,4,2,0,0,,,,,,
4113159000,경기도 성남시수정구 단대동,2025090412,37.4466666666666,127.157419444444,5,3,0,0,0,0,1,5,6,4,0,0,0,0,1,2,4,2,0,0,,,,,,
4113160000,경기도 성남시수정구 산성동,2025090412,37.4494722222222,127.152252777777,5,3,0,0,0,0,1,5,6,4,0,0,0,0,1,2,4,2,0,0,,,,,,
4113161000,경기도 성남시수정구 양지동,2025090412,37.4521111111111,127.163111111111,5,3,0,0,0,0,1,5,6,4,0,0,0,0,1,2,4,2,0,0,,,,,,
4113162000,경기도 성남시수정구 복정동,2025090412,37.4627222222222,127.129288888888,5,3,0,0,0,0,1,5,6,4,0,0,0,0,1,2,4,2,0,0,,,,,,
4113162500,경기도 성남시수정구 위례동,2025090412,37.4682355,127.1496548,5,3,0,0,0,0,1,5,6,4,0,0,0,0,1,2,4,2,0,0,,,,,,
4113163000,경기도 성남시수정구 신촌동,2025090412,37.4518861111111,127.106519444444,5,3,0,0,0,0,1,5,7,4,0,0,0,0,1,2,4,2,0,0,,,,,,
4113164000,경기도 성남시수정구 고등동,2025090412,37.4222333333333,127.103641666666,5,3,0,0,0,0,1,5,7,4,0,0,0,0,1,2,4,2,0,0,,,,,,
4113165000,경기도 성남시수정구 시흥동,2025090412,37.4192138888888,127.110233333333,5,3,0,0,0,0,1,5,7,4,0,0,0,0,1,2,4,2,0,0,,,,,,
4113300000,경기도 성남시중원구,2025090412,37.4276694444444,127.139419444444,5,3,0,0,0,0,1,5,6,4,0,0,0,0,1,2,4,2,0,0,,,,,,
4113351000,경기도 성남시중원구 성남동,2025090412,37.429075,127.133530555555,5,3,0,0,0,0,1,5,6,4,0,0,0,0,1,2,4,2,0,0,,,,,,
4113352500,경기도 성남시중원구 중앙동,2025090412,37.4439752,127.1574717,5,3,0,0,0,0,1,5,6,4,0,0,0,0,1,2,4,2,0,0,,,,,,
4113353000,경기도 성남시중원구 금광1동,2025090412,37.4422361111111,127.164533333333,5,3,0,0,0,0,1,5,6,4,0,0,0,0,1,2,4,2,0,0,,,,,,
4113354000,경기도 성남시중원구 금광2동,2025090412,37.4434722222222,127.166133333333,5,3,0,0,0,0,1,5,6,4,0,0,0,0,1,2,4,2,0,0,,,,,,
4113355000,경기도 성남시중원구 은행1동,2025090412,37.4492472222222,127.170997222222,5,3,0,0,0,0,1,5,6,4,0,0,0,0,1,2,4,2,0,0,,,,,,
4113356000,경기도 성남시중원구 은행2동,2025090412,37.4543,127.168788888888,5,3,0,0,0,0,1,5,6,4,0,0,0,0,1,2,4,2,0,0,,,,,,
4113357000,경기도 성남시중원구 상대원1동,2025090412,37.4304555555555,127.166419444444,5,3,0,0,0,0,1,5,6,4,0,0,0,0,1,2,4,2,0,0,,,,,,
4113358000,경기도 성남시중원구 상대원2동,2025090412,37.4361027777777,127.1604,5,3,0,0,0,0,1,5,6,4,0,0,0,0,1,2,4,2,0,0,,,,,,
4113359000,경기도 성남시중원구 상대원3동,2025090412,37.4369138888888,127.1675,5,3,0,0,0,0,1,5,6,4,0,0,0,0,1,2,4,2,0,0,,,,,,
4113366000,경기도 성남시중원구 하대원동,2025090412,37.4254805555555,127.148463888888,5,3,0,0,0,0,1,5,6,4,0,0,0,0,1,2,4,2,0,0,,,,,,
4113367000,경기도 성남시중원구 도촌동,2025090412,37.4161916666666,127.153641666666,5,3,0,0,0,0,1,5,6,4,0,0,0,0,1,2,4,1,0,0,,,,,,
4113500000,경기도 성남시분당구,2025090412,37.3799694444444,127.121019444444,5,3,0,0,0,0,1,5,7,4,0,0,0,0,1,2,4,1,0,0,,,,,,
4113551000,경기도 성남시분당구 분당동,2025090412,37.3672833333333,127.133199999999,5,3,0,0,0,0,1,5,6,4,0,0,0,0,1,2,4,1,0,0,,,,,,
4113552000,경기도 성남시분당구 수내1동,2025090412,37.3725833333333,127.120130555555,5,3,0,0,0,0,1,5,7,4,0,0,0,0,1,2,4,1,0,0,,,,,,
4113553000,경기도 성남시분당구 수내2동,2025090412,37.3695527777777,127.122941666666,5,3,0,0,0,0,1,5,7,4,0,0,0,0,1,2,4,1,0,0,,,,,,
4113554000,경기도 성남시분당구 수내3동,2025090412,37.3639972222222,127.128274999999,5,3,0,0,0,0,1,5,6,4,0,0,0,0,1,2,4,1,0,0,,,,,,
4113554500,경기도 성남시분당구 정자동,2025090412,37.36145,127.111544444444,5,3,0,0,0,0,1,5,7,4,0,0,0,0,1,2,4,1,0,0,,,,,,
4113555000,경기도 성남시분당구 정자1동,2025090412,37.3586583333333,127.113586111111,5,3,0,0,0,0,1,5,7,4,0,0,0,0,1,2,4,1,0,0,,,,,,
4113556000,경기도 성남시분당구 정자2동,2025090412,37.3631361111111,127.117311111111,5,3,0,0,0,0,1,5,7,4,0,0,0,0,1,2,4,1,0,0,,,,,,
4113557000,경기도 성남시분당구 정자3동,2025090412,37.3579638888888,127.121633333333,5,3,0,0,0,0,1,5,7,4,0,0,0,0,1,2,4,1,0,0,,,,,,
4113558000,경기도 성남시분당구 서현1동,2025090412,37.3798305555555,127.127888888888,5,3,0,0,0,0,1,5,6,4,0,0,0,0,1,2,4,1,0,0,,,,,,
4113559000,경기도 성남시분당구 서현2동,2025090412,37.3731944444444,127.136666666666,5,3,0,0,0,0,1,5,6,4,0,0,0,0,1,2,4,1,0,0,,,,,,
4113560000,경기도 성남시분당구 이매1동,2025090412,37.3967388888888,127.129244444444,5,3,0,0,0,0,1,5,6,4,0,0,0,0,1,2,4,1,0,0,,,,,,
4113561000,경기도 성남시분당구 이매2동,2025090412,37.3967555555555,127.123986111111,5,3,0,0,0,0,1,5,7,4,0,0,0,0,1,2,4,1,0,0,,,,,,
4113562000,경기도 성남시분당구 야탑1동,2025090412,37.4092138888888,127.132319444444,5,3,0,0,0,0,1,5,6,4,0,0,0,0,1,2,4,1,0,0,,,,,,
4113563000,경기도 성남시분당구 야탑2동,2025090412,37.406575,127.129419444444,5,3,0,0,0,0,1,5,6,4,0,0,0,0,1,2,4,1,0,0,,,,,,
4113564000,경기도 성남시분당구 야탑3동,2025090412,37.4079972222222,127.140022222222,5,3,0,0,0,0,1,5,6,4,0,0,0,0,1,2,4,1,0,0,,,,,,
4113565000,경기도 성남시분당구 판교동,2025090412,37.3792472222222,127.1032,5,3,0,0,0,0,1,5,7,4,0,0,0,0,1,2,4,1,0,0,,,,,,
4113565500,경기도 성남시분당구 삼평동,2025090412,37.4060718,127.1163879,5,3,0,0,0,0,1,5,7,4,0,0,0,0,1,2,4,1,0,0,,,,,,
4113565700,경기도 성남시분당구 백현동,2025090412,37.3885291,127.1108405,5,3,0,0,0,0,1,5,7,4,0,0,0,0,1,2,4,1,0,0,,,,,,
4113566200,경기도 성남시분당구 금곡동,2025090412,37.3516471,127.1070525,5,3,0,0,0,0,1,5,7,4,0,0,0,0,1,2,4,1,0,0,,,,,,
4113566500,경기도 성남시분당구 구미1동,2025090412,37.349365,127.111763,5,3,0,0,0,0,1,5,7,4,0,0,0,0,1,2,4,1,0,0,,,,,,
4113567000,경기도 성남시분당구 구미동,2025090412,37.3367555555555,127.123030555555,5,3,0,0,0,0,1,5,7,4,0,0,0,0,1,2,4,1,0,0,,,,,,
4113568000,경기도 성남시분당구 운중동,2025090412,37.3920416666666,127.080366666666,5,3,0,0,0,0,1,5,7,4,0,0,0,0,1,2,4,1,0,0,,,,,,
4115000000,경기도 의정부시,2025090412,37.7352888888888,127.035841666666,5,4,0,0,0,0,1,5,6,4,0,0,0,0,1,4,5,3,0,0,,,,,,
4115051000,경기도 의정부시 의정부1동,2025090412,37.7437027777777,127.049844444444,5,4,0,0,0,0,1,5,6,4,0,0,0,0,1,4,5,3,0,0,,,,,,
4115052000,경기도 의정부시 의정부2동,2025090412,37.7380055555555,127.044933333333,5,4,0,0,0,0,1,5,6,4,0,0,0,0,1,4,5,3,0,0,,,,,,
4115054500,경기도 의정부시 호원1동,2025090412,37.7091944444444,127.050822222222,5,4,0,0,0,0,1,5,7,4,0,0,0,0,1,4,5,3,0,0,,,,,,
4115055500,경기도 의정부시 호원2동,2025090412,37.7237444444444,127.045197222222,5,4,0,0,0,0,1,5,7,4,0,0,0,0,1,4,5,3,0,0,,,,,,
4115056100,경기도 의정부시 장암동,2025090412,37.7235972222222,127.056344444444,5,4,0,0,0,0,1,5,7,4,0,0,0,0,1,4,5,3,0,0,,,,,,
4115056700,경기도 의정부시 신곡1동,2025090412,37.7287444444444,127.058919444444,5,4,0,0,0,0,1,5,6,4,0,0,0,0,1,4,5,3,0,0,,,,,,
4115056800,경기도 의정부시 신곡2동,2025090412,37.7408722222222,127.060055555555,5,4,0,0,0,0,1,5,6,4,0,0,0,0,1,4,5,3,0,0,,,,,,
4115057300,경기도 의정부시 송산1동,2025090412,37.731122299287286,127.08676472256931,5,4,0,0,0,0,1,5,6,4,0,0,0,0,1,4,5,3,0,0,,,,,,
4115057600,경기도 의정부시 송산2동,2025090412,37.7369222222222,127.092177777777,5,4,0,0,0,0,1,5,6,4,0,0,0,0,1,4,5,3,0,0,,,,,,
4115057800,경기도 의정부시 송산3동,2025090412,37.7553122,127.1117084,5,4,0,0,0,0,1,5,6,4,0,0,0,0,1,4,5,3,0,0,,,,,,
4115058000,경기도 의정부시 자금동,2025090412,37.7475305555555,127.060286111111,5,4,0,0,0,0,1,5,6,4,0,0,0,0,1,4,5,3,0,0,,,,,,
4115059500,경기도 의정부시 가능동,2025090412,37.7462611111111,127.044433333333,5,4,0,0,0,0,1,5,6,4,0,0,0,0,1,4,5,3,0,0,,,,,,
4115061500,경기도 의정부시 흥선동,2025090412,37.746306,127.030622,5,4,0,0,0,0,1,5,6,4,0,0,0,0,1,4,5,3,0,0,,,,,,
4115062000,경기도 의정부시 녹양동,2025090412,37.7573611111111,127.034419444444,5,4,0,0,0,0,1,5,6,4,0,0,0,0,1,4,5,3,0,0,,,,,,
4115063000,경기도 의정부시 고산동,2025090412,37.731501128430175,127.10806082532024,5,4,0,0,0,0,1,5,6,4,0,0,0,0,1,4,5,3,0,0,,,,,,
4117100000,경기도 안양시만안구,2025090412,37.3837777777777,126.9345,5,3,0,0,0,0,1,5,7,4,0,0,0,0,1,4,5,1,0,0,,,,,,
4117151000,경기도 안양시만안구 안양1동,2025090412,37.3963388888888,126.928133333333,5,3,0,0,0,0,1,5,7,4,0,0,0,0,1,4,5,1,0,0,,,,,,
4117152000,경기도 안양시만안구 안양2동,2025090412,37.402225,126.919866666666,5,3,0,0,0,0,1,6,7,4,0,0,0,0,1,4,5,1,0,0,,,,,,
4117153000,경기도 안양시만안구 안양3동,2025090412,37.3932305555555,126.916797222222,5,3,0,0,0,0,1,6,7,4,0,0,0,0,1,4,5,1,0,0,,,,,,
4117154000,경기도 안양시만안구 안양4동,2025090412,37.3935861111111,126.919886111111,5,3,0,0,0,0,1,6,7,4,0,0,0,0,1,4,5,1,0,0,,,,,,
4117155000,경기도 안양시만안구 안양5동,2025090412,37.3915333333333,126.923063888888,5,3,0,0,0,0,1,6,7,4,0,0,0,0,1,4,5,1,0,0,,,,,,
4117156000,경기도 안양시만안구 안양6동,2025090412,37.3872166666666,126.932644444444,5,3,0,0,0,0,1,5,7,4,0,0,0,0,1,4,5,1,0,0,,,,,,
4117157000,경기도 안양시만안구 안양7동,2025090412,37.3897,126.937955555555,5,3,0,0,0,0,1,5,7,4,0,0,0,0,1,4,5,1,0,0,,,,,,
4117158000,경기도 안양시만안구 안양8동,2025090412,37.3814361111111,126.934222222222,5,3,0,0,0,0,1,5,7,4,0,0,0,0,1,4,5,1,0,0,,,,,,
4117158100,경기도 안양시만안구 안양9동,2025090412,37.3886583333333,126.910563888888,5,3,0,0,0,0,1,6,7,4,0,0,0,0,1,4,5,1,0,0,,,,,,
4117159000,경기도 안양시만안구 석수1동,2025090412,37.4167472222222,126.912697222222,5,3,0,0,0,0,1,6,7,4,0,0,0,0,1,4,5,1,0,0,,,,,,
4117160000,경기도 안양시만안구 석수2동,2025090412,37.4142805555555,126.909433333333,5,3,0,0,0,0,1,6,7,4,0,0,0,0,1,4,5,1,0,0,,,,,,
4117161100,경기도 안양시만안구 충훈동,2025090412,37.40919708,126.8994408,5,3,0,0,0,0,1,6,7,4,0,0,0,0,1,4,5,1,0,0,,,,,,
4117300000,경기도 안양시동안구,2025090412,37.3897,126.953355555555,5,3,0,0,0,0,1,5,7,4,0,0,0,0,1,4,5,1,0,0,,,,,,
4117351000,경기도 안양시동안구 비산1동,2025090412,37.3969833333333,126.935544444444,5,3,0,0,0,0,1,5,7,4,0,0,0,0,1,4,5,1,0,0,,,,,,
4117352000,경기도 안양시동안구 비산2동,2025090412,37.3942555555555,126.943577777777,5,3,0,0,0,0,1,5,7,4,0,0,0,0,1,4,5,1,0,0,,,,,,
4117353000,경기도 안양시동안구 비산3동,2025090412,37.401575,126.946886111111,5,3,0,0,0,0,1,5,7,4,0,0,0,0,1,4,5,1,0,0,,,,,,
4117354000,경기도 안양시동안구 부흥동,2025090412,37.3908444444444,126.949352777777,5,3,0,0,0,0,1,5,7,4,0,0,0,0,1,4,5,1,0,0,,,,,,
4117354600,경기도 안양시동안구 달안동,2025090412,37.3932638888888,126.952263888888,5,3,0,0,0,0,1,5,7,4,0,0,0,0,1,4,5,1,0,0,,,,,,
4117355200,경기도 안양시동안구 관양동,2025090412,37.4061363,126.9614648,5,3,0,0,0,0,1,5,7,4,0,0,0,0,1,4,2,1,0,0,,,,,,
4117355900,경기도 안양시동안구 인덕원동,2025090412,37.40226689,126.9709794,5,3,0,0,0,0,1,5,7,4,0,0,0,0,1,4,2,1,0,0,,,,,,
4117356600,경기도 안양시동안구 부림동,2025090412,37.395925,126.961566666666,5,3,0,0,0,0,1,5,7,4,0,0,0,0,1,4,2,1,0,0,,,,,,
4117357000,경기도 안양시동안구 평촌동,2025090412,37.3865833333333,126.975775,5,3,0,0,0,0,1,5,6,4,0,0,0,0,1,4,2,1,0,0,,,,,,
4117357600,경기도 안양시동안구 평안동,2025090412,37.3875916666666,126.966344444444,5,3,0,0,0,0,1,5,7,4,0,0,0,0,1,4,2,1,0,0,,,,,,
4117357800,경기도 안양시동안구 귀인동,2025090412,37.3826944444444,126.971533333333,5,3,0,0,0,0,1,5,7,4,0,0,0,0,1,4,2,1,0,0,,,,,,
4117358000,경기도 안양시동안구 호계1동,2025090412,37.3680833333333,126.960341666666,5,3,0,0,0,0,1,5,7,4,0,0,0,0,1,2,4,1,0,0,,,,,,
4117359000,경기도 안양시동안구 호계2동,2025090412,37.3784055555555,126.954663888888,5,3,0,0,0,0,1,5,7,4,0,0,0,0,1,4,5,1,0,0,,,,,,
4117360000,경기도 안양시동안구 호계3동,2025090412,37.3646722222222,126.960922222222,5,3,0,0,0,0,1,5,7,4,0,0,0,0,1,2,4,1,0,0,,,,,,
4117361000,경기도 안양시동안구 범계동,2025090412,37.3869472222222,126.954588888888,5,3,0,0,0,0,1,5,7,4,0,0,0,0,1,4,5,1,0,0,,,,,,
4117362000,경기도 안양시동안구 신촌동,2025090412,37.3791777777777,126.958486111111,5,3,0,0,0,0,1,5,7,4,0,0,0,0,1,4,2,1,0,0,,,,,,
4117363000,경기도 안양시동안구 갈산동,2025090412,37.3733388888888,126.968241666666,5,3,0,0,0,0,1,5,7,4,0,0,0,0,1,4,2,1,0,0,,,,,,
4119200000,경기도 부천시원미구,2025090412,37.496592521818,126.786997023532,5,3,0,0,0,0,1,6,7,4,0,0,0,0,1,4,5,1,0,0,,,,,,
4119251000,경기도 부천시원미구 심곡1동,2025090412,37.49092023,126.7805876,5,3,0,0,0,0,1,5,7,4,0,0,0,0,1,4,5,1,0,0,,,,,,
4119252000,경기도 부천시원미구 심곡2동,2025090412,37.48737531,126.7870402,5,3,0,0,0,0,1,5,7,4,0,0,0,0,1,4,5,1,0,0,,,,,,
4119253000,경기도 부천시원미구 심곡3동,2025090412,37.48740938,126.7738589,5,3,0,0,0,0,1,5,7,4,0,0,0,0,1,4,5,1,0,0,,,,,,
4119254000,경기도 부천시원미구 원미1동,2025090412,37.49439938,126.7887023,5,3,0,0,0,0,1,6,7,4,0,0,0,0,1,4,5,1,0,0,,,,,,
4119255000,경기도 부천시원미구 원미2동,2025090412,37.49194562,126.788271,5,3,0,0,0,0,1,5,7,4,0,0,0,0,1,4,5,1,0,0,,,,,,
4119256000,경기도 부천시원미구 소사동,2025090412,37.48588184,126.7946454,5,3,0,0,0,0,1,6,7,4,0,0,0,0,1,4,5,1,0,0,,,,,,
4119257000,경기도 부천시원미구 역곡1동,2025090412,37.48924057,126.8166911,5,3,0,0,0,0,1,6,7,4,0,0,0,0,1,4,5,1,0,0,,,,,,
4119258000,경기도 부천시원미구 역곡2동,2025090412,37.4860801,126.806681,5,3,0,0,0,0,1,6,7,4,0,0,0,0,1,4,5,1,0,0,,,,,,
4119259000,경기도 부천시원미구 춘의동,2025090412,37.50268809,126.7859025,5,3,0,0,0,0,1,5,7,4,0,0,0,0,1,4,5,1,0,0,,,,,,
4119260000,경기도 부천시원미구 도당동,2025090412,37.51625948,126.7859175,5,4,0,0,0,0,1,5,7,4,0,0,0,0,1,4,5,1,0,0,,,,,,
4119261000,경기도 부천시원미구 약대동,2025090412,37.51329935,126.771315,5,4,0,0,0,0,1,5,7,4,0,0,0,0,1,4,5,1,0,0,,,,,,
4119262000,경기도 부천시원미구 중동,2025090412,37.48780834,126.7681843,5,3,0,0,0,0,1,6,7,4,0,0,0,0,1,4,5,1,0,0,,,,,,
4119263000,경기도 부천시원미구 중1동,2025090412,37.49785189,126.7714413,5,3,0,0,0,0,1,5,7,4,0,0,0,0,1,4,5,1,0,0,,,,,,
4119264000,경기도 부천시원미구 중2동,2025090412,37.49397455,126.7698869,5,3,0,0,0,0,1,5,7,4,0,0,0,0,1,4,5,1,0,0,,,,,,
4119265000,경기도 부천시원미구 중3동,2025090412,37.50374354,126.7780507,5,3,0,0,0,0,1,5,7,4,0,0,0,0,1,4,5,1,0,0,,,,,,
4119266000,경기도 부천시원미구 중4동,2025090412,37.50602904,126.7625805,5,3,0,0,0,0,1,5,7,4,0,0,0,0,1,4,5,1,0,0,,,,,,
4119267000,경기도 부천시원미구 상동,2025090412,37.49489804,126.7607952,5,3,0,0,0,0,1,5,7,4,0,0,0,0,1,4,5,1,0,0,,,,,,
4119268000,경기도 부천시원미구 상1동,2025090412,37.4918099,126.7531553,5,3,0,0,0,0,1,5,7,4,0,0,0,0,1,4,5,1,0,0,,,,,,
4119269000,경기도 부천시원미구 상2동,2025090412,37.5005387,126.7543904,5,3,0,0,0,0,1,5,7,4,0,0,0,0,1,4,5,1,0,0,,,,,,
4119270000,경기도 부천시원미구 상3동,2025090412,37.50819245,126.7510345,5,3,0,0,0,0,1,5,7,4,0,0,0,0,1,4,5,1,0,0,,,,,,
4119400000,경기도 부천시소사구,2025090412,37.4800388849706,126.799941264535,5,3,0,0,0,0,1,6,7,4,0,0,0,0,1,4,5,1,0,0,,,,,,
4119451000,경기도 부천시소사구 심곡본1동,2025090412,37.48245223,126.778956,5,3,0,0,0,0,1,6,7,4,0,0,0,0,1,4,5,1,0,0,,,,,,
4119452000,경기도 부천시소사구 심곡본동,2025090412,37.48070403,126.7800324,5,3,0,0,0,0,1,6,7,4,0,0,0,0,1,4,5,1,0,0,,,,,,
4119453000,경기도 부천시소사구 소사본동,2025090412,37.47621868,126.7921536,5,3,0,0,0,0,1,6,7,4,0,0,0,0,1,4,5,1,0,0,,,,,,
4119454000,경기도 부천시소사구 소사본1동,2025090412,37.47284111,126.7980443,5,3,0,0,0,0,1,6,7,4,0,0,0,0,1,4,5,1,0,0,,,,,,
4119455000,경기도 부천시소사구 범박동,2025090412,37.47059449,126.8097448,5,3,0,0,0,0,1,6,7,4,0,0,0,0,1,4,5,1,0,0,,,,,,
4119456000,경기도 부천시소사구 옥길동,2025090412,37.46691129,126.82257,5,3,0,0,0,0,1,6,7,4,0,0,0,0,1,4,5,1,0,0,,,,,,
4119457000,경기도 부천시소사구 괴안동,2025090412,37.47839033,126.8068817,5,3,0,0,0,0,1,6,7,4,0,0,0,0,1,4,5,1,0,0,,,,,,
4119458000,경기도 부천시소사구 역곡3동,2025090412,37.48259671,126.8102373,5,3,0,0,0,0,1,6,7,4,0,0,0,0,1,4,5,1,0,0,,,,,,
4119459000,경기도 부천시소사구 송내1동,2025090412,37.48406962,126.7561007,5,3,0,0,0,0,1,6,7,4,0,0,0,0,1,4,5,1,0,0,,,,,,
4119460000,경기도 부천시소사구 송내2동,2025090412,37.48254248,126.7696026,5,3,0,0,0,0,1,6,7,4,0,0,0,0,1,4,5,1,0,0,,,,,,
4119600000,경기도 부천시오정구,2025090412,37.5283481619767,126.795813092311,5,4,0,0,0,0,1,5,7,4,0,0,0,0,1,4,5,1,0,0,,,,,,
4119651000,경기도 부천시오정구 성곡동,2025090412,37.51667298,126.8035112,5,4,0,0,0,0,1,5,7,4,0,0,0,0,1,4,5,1,0,0,,,,,,
4119652000,경기도 부천시오정구 원종1동,2025090412,37.52594751,126.8054582,5,4,0,0,0,0,1,6,7,4,0,0,0,0,1,4,5,1,0,0,,,,,,
4119653000,경기도 부천시오정구 원종2동,2025090412,37.52515531,126.7991393,5,4,0,0,0,0,1,6,7,4,0,0,0,0,1,4,5,1,0,0,,,,,,
4119654000,경기도 부천시오정구 고강본동,2025090412,37.52704555,126.8248515,5,4,0,0,0,0,1,5,7,4,0,0,0,0,1,4,5,1,0,0,,,,,,
4119655000,경기도 부천시오정구 고강1동,2025090412,37.52946076,126.8120108,5,4,0,0,0,0,1,5,7,4,0,0,0,0,1,4,5,1,0,0,,,,,,
4119656000,경기도 부천시오정구 오정동,2025090412,37.52884609,126.7907377,5,4,0,0,0,0,1,5,7,4,0,0,0,0,1,4,5,1,0,0,,,,,,
4119657000,경기도 부천시오정구 신흥동,2025090412,37.5204369,126.7733237,5,4,0,0,0,0,1,5,7,4,0,0,0,0,1,4,5,1,0,0,,,,,,
4121000000,경기도 광명시,2025090412,37.47575,126.866708333333,5,3,0,0,0,0,1,6,7,4,0,0,0,0,1,4,5,2,0,0,,,,,,
4121051000,경기도 광명시 광명1동,2025090412,37.4858194444444,126.864722222222,5,3,0,0,0,0,1,6,7,4,0,0,0,0,1,4,5,2,0,0,,,,,,
4121052000,경기도 광명시 광명2동,2025090412,37.4805583333333,126.857988888888,5,3,0,0,0,0,1,6,7,4,0,0,0,0,1,4,5,2,0,0,,,,,,
4121054000,경기도 광명시 광명3동,2025090412,37.4774,126.859,5,3,0,0,0,0,1,6,7,4,0,0,0,0,1,4,5,2,0,0,,,,,,
4121055000,경기도 광명시 광명4동,2025090412,37.4742916666666,126.858422222222,5,3,0,0,0,0,1,6,7,4,0,0,0,0,1,4,5,2,0,0,,,,,,
4121056000,경기도 광명시 광명5동,2025090412,37.4759666666666,126.849263888888,5,3,0,0,0,0,1,6,7,4,0,0,0,0,1,4,5,2,0,0,,,,,,
4121057000,경기도 광명시 광명6동,2025090412,37.4688472222222,126.851066666666,5,3,0,0,0,0,1,6,7,4,0,0,0,0,1,4,5,2,0,0,,,,,,
4121058000,경기도 광명시 광명7동,2025090412,37.4665333333333,126.855644444444,5,3,0,0,0,0,1,6,7,4,0,0,0,0,1,4,5,2,0,0,,,,,,
4121059000,경기도 광명시 철산1동,2025090412,37.4880222222222,126.869955555555,5,3,0,0,0,0,1,5,7,4,0,0,0,0,1,4,5,2,0,0,,,,,,
4121060000,경기도 광명시 철산2동,2025090412,37.481875,126.868708333333,5,3,0,0,0,0,1,5,7,4,0,0,0,0,1,4,5,2,0,0,,,,,,
4121061000,경기도 광명시 철산3동,2025090412,37.4780944444444,126.872433333333,5,3,0,0,0,0,1,6,7,4,0,0,0,0,1,4,5,2,0,0,,,,,,
4121062000,경기도 광명시 철산4동,2025090412,37.4712777777777,126.866599999999,5,3,0,0,0,0,1,6,7,4,0,0,0,0,1,4,5,2,0,0,,,,,,
4121063100,경기도 광명시 하안1동,2025090412,37.4623388888888,126.871241666666,5,3,0,0,0,0,1,5,7,4,0,0,0,0,1,4,5,1,0,0,,,,,,
4121063200,경기도 광명시 하안2동,2025090412,37.4619138888888,126.876852777777,5,3,0,0,0,0,1,6,7,4,0,0,0,0,1,4,5,1,0,0,,,,,,
4121063300,경기도 광명시 하안3동,2025090412,37.4559416666666,126.883775,5,3,0,0,0,0,1,5,7,4,0,0,0,0,1,4,5,1,0,0,,,,,,
4121063400,경기도 광명시 하안4동,2025090412,37.4629277777777,126.879866666666,5,3,0,0,0,0,1,6,7,4,0,0,0,0,1,4,5,1,0,0,,,,,,
4121064000,경기도 광명시 소하1동,2025090412,37.4458194444444,126.887508333333,5,3,0,0,0,0,1,5,7,4,0,0,0,0,1,4,5,1,0,0,,,,,,
4121065000,경기도 광명시 소하2동,2025090412,37.4374444444444,126.879819444444,5,3,0,0,0,0,1,6,7,4,0,0,0,0,1,4,5,1,0,0,,,,,,
4121065500,경기도 광명시 일직동,2025090412,37.4186402478134,126.882850245737,5,3,0,0,0,0,1,6,7,4,0,0,0,0,1,4,5,1,0,0,,,,,,
4121066000,경기도 광명시 학온동,2025090412,37.4128611111111,126.853422222222,5,3,0,0,0,0,1,5,7,4,0,0,0,0,1,4,5,1,0,0,,,,,,
4122000000,경기도 평택시,2025090412,36.9894388888888,127.114655555555,5,3,0,0,0,0,1,5,8,4,0,0,0,0,1,3,5,3,0,0,,,,,,
4122025000,경기도 평택시 팽성읍,2025090412,36.9623722222222,127.064466666666,5,3,0,0,0,0,1,5,8,4,0,0,0,0,1,3,5,1,0,0,,,,,,
4122025300,경기도 평택시 안중읍,2025090412,36.9828527777777,126.933808333333,5,3,0,0,0,0,1,7,8,4,0,0,0,0,1,3,5,2,0,0,,,,,,
4122025600,경기도 평택시 포승읍,2025090412,36.9800472222222,126.887455555555,5,3,0,0,0,0,1,7,8,4,0,0,0,0,1,3,5,2,0,0,,,,,,
4122025900,경기도 평택시 청북읍,2025090412,37.0370833333333,126.9361,5,3,0,0,0,0,1,5,8,4,0,0,0,0,1,3,5,1,0,0,,,,,,
4122031000,경기도 평택시 진위면,2025090412,37.09725,127.092955555555,5,3,0,0,0,0,1,5,6,4,0,0,0,0,1,3,5,1,0,0,,,,,,
4122032000,경기도 평택시 서탄면,2025090412,37.1054,127.037419444444,5,3,0,0,0,0,1,5,6,4,0,0,0,0,1,3,5,1,0,0,,,,,,
4122033000,경기도 평택시 고덕면,2025090412,37.0394361111111,127.0198,5,3,0,0,0,0,1,5,8,4,0,0,0,0,1,3,5,1,0,0,,,,,,
4122034000,경기도 평택시 오성면,2025090412,37.0048388888888,126.982644444444,5,3,0,0,0,0,1,5,8,4,0,0,0,0,1,3,5,1,0,0,,,,,,
4122037000,경기도 평택시 현덕면,2025090412,36.9644833333333,126.923633333333,5,3,0,0,0,0,1,7,8,4,0,0,0,0,1,3,5,2,0,0,,,,,,
4122051000,경기도 평택시 중앙동,2025090412,37.0525138888888,127.058097222222,5,3,0,0,0,0,1,5,6,4,0,0,0,0,1,3,5,3,0,0,,,,,,
4122052000,경기도 평택시 서정동,2025090412,37.0633277777777,127.057922222222,5,3,0,0,0,0,1,5,6,4,0,0,0,0,1,3,5,3,0,0,,,,,,
4122053500,경기도 평택시 송탄동,2025090412,37.0397666666666,127.088388888888,5,3,0,0,0,0,1,5,8,4,0,0,0,0,1,3,5,3,0,0,,,,,,
4122055000,경기도 평택시 지산동,2025090412,37.0748444444444,127.059730555555,5,3,0,0,0,0,1,5,6,4,0,0,0,0,1,3,5,3,0,0,,,,,,
4122056000,경기도 평택시 송북동,2025090412,37.0787527777777,127.062366666666,5,3,0,0,0,0,1,5,6,4,0,0,0,0,1,3,5,3,0,0,,,,,,
4122057000,경기도 평택시 신장1동,2025090412,37.0797972222222,127.055399999999,5,3,0,0,0,0,1,5,6,4,0,0,0,0,1,3,5,3,0,0,,,,,,
4122058000,경기도 평택시 신장2동,2025090412,37.0735888888888,127.054555555555,5,3,0,0,0,0,1,5,6,4,0,0,0,0,1,3,5,3,0,0,,,,,,
4122059000,경기도 평택시 신평동,2025090412,36.9871972222222,127.094752777777,5,3,0,0,0,0,1,5,8,4,0,0,0,0,1,3,5,3,0,0,,,,,,
4122060000,경기도 평택시 원평동,2025090412,36.9864805555555,127.082611111111,5,3,0,0,0,0,1,5,8,4,0,0,0,0,1,3,5,3,0,0,,,,,,
4122061000,경기도 평택시 통복동,2025090412,36.9980138888888,127.089452777777,5,3,0,0,0,0,1,5,8,4,0,0,0,0,1,3,5,3,0,0,,,,,,
4122062000,경기도 평택시 비전1동,2025090412,36.9976833333333,127.097319444444,5,3,0,0,0,0,1,5,8,4,0,0,0,0,1,3,5,3,0,0,,,,,,
4122063000,경기도 평택시 비전2동,2025090412,36.9932333333333,127.105319444444,5,3,0,0,0,0,1,5,8,4,0,0,0,0,1,3,5,3,0,0,,,,,,
4122063500,경기도 평택시 용이동,2025090412,36.9977117,127.1330713,5,3,0,0,0,0,1,5,8,4,0,0,0,0,1,3,5,3,0,0,,,,,,
4122064000,경기도 평택시 세교동,2025090412,36.9971027777777,127.084533333333,5,3,0,0,0,0,1,5,8,4,0,0,0,0,1,3,5,3,0,0,,,,,,
4122065000,경기도 평택시 동삭동,2025090412,37.0152151127736,127.103462093686,5,3,0,0,0,0,1,5,8,4,0,0,0,0,1,3,5,3,0,0,,,,,,
4122066000,경기도 평택시 고덕동,2025090412,37.0405337529885,127.050413421778,5,3,0,0,0,0,1,5,8,4,0,0,0,0,1,3,5,1,0,0,,,,,,
4125000000,경기도 동두천시,2025090412,37.9009166666666,127.062652777777,5,4,0,0,0,0,1,5,6,4,0,0,0,0,1,1,2,1,0,0,,,,,,
4125051000,경기도 동두천시 생연1동,2025090412,37.9046916666666,127.068241666666,5,4,0,0,0,0,1,5,6,4,0,0,0,0,1,1,2,1,0,0,,,,,,
4125052000,경기도 동두천시 생연2동,2025090412,37.8988388888888,127.051111111111,5,4,0,0,0,0,1,5,6,4,0,0,0,0,1,1,2,1,0,0,,,,,,
4125053500,경기도 동두천시 중앙동,2025090412,37.9049916666666,127.055308333333,5,4,0,0,0,0,1,5,6,4,0,0,0,0,1,1,2,1,0,0,,,,,,
4125055000,경기도 동두천시 보산동,2025090412,37.9149083333333,127.063430555555,5,4,0,0,0,0,1,5,6,4,0,0,0,0,1,1,2,1,0,0,,,,,,
4125056500,경기도 동두천시 불현동,2025090412,37.8958027777777,127.064663888888,5,4,0,0,0,0,1,5,6,4,0,0,0,0,1,1,2,1,0,0,,,,,,
4125056600,경기도 동두천시 송내동,2025090412,37.8875611111111,127.056633333333,5,4,0,0,0,0,1,5,6,4,0,0,0,0,1,1,2,1,0,0,,,,,,
4125058000,경기도 동두천시 소요동,2025090412,37.9266972222222,127.059208333333,5,4,0,0,0,0,1,5,6,4,0,0,0,0,1,1,2,1,0,0,,,,,,
4125060000,경기도 동두천시 상패동,2025090412,37.9032083333333,127.046777777777,5,4,0,0,0,0,1,5,6,4,0,0,0,0,1,1,2,1,0,0,,,,,,
4127100000,경기도 안산시상록구,2025090412,37.2985194444444,126.846819444444,5,3,0,0,0,0,1,5,7,4,0,0,0,0,1,2,4,1,0,0,,,,,,
4127151000,경기도 안산시상록구 일동,2025090412,37.312625,126.873797222222,5,3,0,0,0,0,1,5,7,4,0,0,0,0,1,2,4,1,0,0,,,,,,
4127151500,경기도 안산시상록구 이동,2025090412,37.3027388888888,126.862766666666,5,3,0,0,0,0,1,5,7,4,0,0,0,0,1,2,4,1,0,0,,,,,,
4127152500,경기도 안산시상록구 사동,2025090412,37.297033,126.851013,5,3,0,0,0,0,1,5,7,4,0,0,0,0,1,2,4,1,0,0,,,,,,
4127153200,경기도 안산시상록구 사이동,2025090412,37.289761,126.851873,5,3,0,0,0,0,1,5,7,4,0,0,0,0,1,2,4,1,0,0,,,,,,
4127153700,경기도 안산시상록구 해양동,2025090412,37.294755,126.820049,5,3,0,0,0,0,1,5,7,4,0,0,0,0,1,4,5,1,0,0,,,,,,
4127154000,경기도 안산시상록구 본오1동,2025090412,37.2864083333333,126.866586111111,5,3,0,0,0,0,1,5,7,4,0,0,0,0,1,2,4,1,0,0,,,,,,
4127155000,경기도 안산시상록구 본오2동,2025090412,37.2934583333333,126.874330555555,5,3,0,0,0,0,1,5,7,4,0,0,0,0,1,2,4,1,0,0,,,,,,
4127156000,경기도 안산시상록구 본오3동,2025090412,37.2984916666666,126.865841666666,5,3,0,0,0,0,1,5,7,4,0,0,0,0,1,2,4,1,0,0,,,,,,
4127157000,경기도 안산시상록구 부곡동,2025090412,37.3291361111111,126.863177777777,5,3,0,0,0,0,1,5,7,4,0,0,0,0,1,4,4,1,0,0,,,,,,
4127158000,경기도 안산시상록구 월피동,2025090412,37.3306972222222,126.858755555555,5,3,0,0,0,0,1,5,7,4,0,0,0,0,1,4,4,1,0,0,,,,,,
4127159000,경기도 안산시상록구 성포동,2025090412,37.3179,126.851519444444,5,3,0,0,0,0,1,5,7,4,0,0,0,0,1,2,4,1,0,0,,,,,,
4127160000,경기도 안산시상록구 반월동,2025090412,37.3031888888888,126.904330555555,5,3,0,0,0,0,1,5,7,4,0,0,0,0,1,2,4,1,0,0,,,,,,
4127161000,경기도 안산시상록구 안산동,2025090412,37.3589,126.875422222222,5,3,0,0,0,0,1,5,7,4,0,0,0,0,1,4,4,1,0,0,,,,,,
4127300000,경기도 안산시단원구,2025090412,37.3167277777777,126.814419444444,5,3,0,0,0,0,1,5,7,4,0,0,0,0,1,4,5,1,0,0,,,,,,
4127351000,경기도 안산시단원구 와동,2025090412,37.3386138888888,126.827597222222,5,3,0,0,0,0,1,5,7,4,0,0,0,0,1,4,5,1,0,0,,,,,,
4127352500,경기도 안산시단원구 고잔동,2025090412,37.327149,126.819066,5,3,0,0,0,0,1,5,7,4,0,0,0,0,1,4,5,1,0,0,,,,,,
4127353200,경기도 안산시단원구 중앙동,2025090412,37.32373,126.837621,5,3,0,0,0,0,1,5,7,4,0,0,0,0,1,4,5,1,0,0,,,,,,
4127353500,경기도 안산시단원구 호수동,2025090412,37.3075388888888,126.8266,5,3,0,0,0,0,1,5,7,4,0,0,0,0,1,4,5,1,0,0,,,,,,
4127354500,경기도 안산시단원구 원곡동,2025090412,37.333283,126.790768,5,3,0,0,0,0,1,5,7,4,0,0,0,0,1,4,5,1,0,0,,,,,,
4127355500,경기도 안산시단원구 백운동,2025090412,37.331584,126.801759,5,3,0,0,0,0,1,5,7,4,0,0,0,0,1,4,5,1,0,0,,,,,,
4127356500,경기도 안산시단원구 신길동,2025090412,37.330287,126.786115,5,3,0,0,0,0,1,5,7,4,0,0,0,0,1,4,5,1,0,0,,,,,,
4127357000,경기도 안산시단원구 초지동,2025090412,37.3219722222222,126.810666666666,5,3,0,0,0,0,1,5,7,4,0,0,0,0,1,4,5,1,0,0,,,,,,
4127358000,경기도 안산시단원구 선부1동,2025090412,37.3314083333333,126.806388888888,5,3,0,0,0,0,1,5,7,4,0,0,0,0,1,4,5,1,0,0,,,,,,
4127359000,경기도 안산시단원구 선부2동,2025090412,37.3357416666666,126.804722222222,5,3,0,0,0,0,1,5,7,4,0,0,0,0,1,4,5,1,0,0,,,,,,
4127360000,경기도 안산시단원구 선부3동,2025090412,37.3421916666666,126.814622222222,5,3,0,0,0,0,1,5,7,4,0,0,0,0,1,4,5,1,0,0,,,,,,
4127361000,경기도 안산시단원구 대부동,2025090412,37.2408805555555,126.587286111111,5,3,0,0,0,0,1,5,8,5,0,0,0,0,1,4,5,3,0,0,,,,,,
4128100000,경기도 고양시덕양구,2025090412,37.6345833333333,126.834197222222,5,4,0,0,0,0,1,5,6,4,0,0,0,0,1,4,2,3,0,0,,,,,,
4128151000,경기도 고양시덕양구 주교동,2025090412,37.6566777777777,126.831722222222,5,4,0,0,0,0,1,5,6,4,0,0,0,0,1,4,2,3,0,0,,,,,,
4128152000,경기도 고양시덕양구 원신동,2025090412,37.6747249999999,126.878086111111,5,4,0,0,0,0,1,5,6,4,0,0,0,0,1,2,2,3,0,0,,,,,,
4128153000,경기도 고양시덕양구 흥도동,2025090412,37.6421527777777,126.8565,5,4,0,0,0,0,1,5,6,4,0,0,0,0,1,2,2,3,0,0,,,,,,
4128154000,경기도 고양시덕양구 성사1동,2025090412,37.6516888888888,126.843486111111,5,4,0,0,0,0,1,5,6,4,0,0,0,0,1,4,2,3,0,0,,,,,,
4128155000,경기도 고양시덕양구 성사2동,2025090412,37.6501388888888,126.835055555555,5,4,0,0,0,0,1,5,6,4,0,0,0,0,1,4,2,3,0,0,,,,,,
4128156000,경기도 고양시덕양구 효자동,2025090412,37.6490222222222,126.922677777777,5,4,0,0,0,0,1,5,6,4,0,0,0,0,1,4,2,1,0,0,,,,,,
4128157600,경기도 고양시덕양구 삼송1동,2025090412,37.6525727401557,126.893747792231,5,4,0,0,0,0,1,5,6,4,0,0,0,0,1,2,2,3,0,0,,,,,,
4128157700,경기도 고양시덕양구 삼송2동,2025090412,37.6507606779654,126.870151946247,5,4,0,0,0,0,1,5,6,4,0,0,0,0,1,2,2,3,0,0,,,,,,
4128158000,경기도 고양시덕양구 창릉동,2025090412,37.6427805555555,126.889066666666,5,4,0,0,0,0,1,5,6,4,0,0,0,0,1,2,2,3,0,0,,,,,,
4128159000,경기도 고양시덕양구 고양동,2025090412,37.7005472222222,126.905944444444,5,4,0,0,0,0,1,5,6,4,0,0,0,0,1,2,2,3,0,0,,,,,,
4128160000,경기도 고양시덕양구 관산동,2025090412,37.6852305555555,126.864677777777,5,4,0,0,0,0,1,5,6,4,0,0,0,0,1,2,2,3,0,0,,,,,,
4128161000,경기도 고양시덕양구 능곡동,2025090412,37.6223027777777,126.819419444444,5,4,0,0,0,0,1,5,7,4,0,0,0,0,1,4,2,3,0,0,,,,,,
4128162100,경기도 고양시덕양구 화정1동,2025090412,37.6418083333333,126.835619444444,5,4,0,0,0,0,1,5,6,4,0,0,0,0,1,4,2,3,0,0,,,,,,
4128162200,경기도 고양시덕양구 화정2동,2025090412,37.6277472222222,126.837963888888,5,4,0,0,0,0,1,5,6,4,0,0,0,0,1,4,2,3,0,0,,,,,,
4128163000,경기도 고양시덕양구 행주동,2025090412,37.6155944444444,126.827455555555,5,4,0,0,0,0,1,5,7,4,0,0,0,0,1,4,2,3,0,0,,,,,,
4128164000,경기도 고양시덕양구 행신1동,2025090412,37.6194916666666,126.838011111111,5,4,0,0,0,0,1,5,7,4,0,0,0,0,1,4,2,3,0,0,,,,,,
4128165000,경기도 고양시덕양구 행신2동,2025090412,37.6123027777777,126.835122222222,5,4,0,0,0,0,1,5,7,4,0,0,0,0,1,4,2,3,0,0,,,,,,
4128165500,경기도 고양시덕양구 행신3동,2025090412,37.6237527777777,126.840922222222,5,4,0,0,0,0,1,5,7,4,0,0,0,0,1,4,2,3,0,0,,,,,,
4128165600,경기도 고양시덕양구 행신4동,2025090412,37.6185584427431,126.845031133268,5,4,0,0,0,0,1,5,7,4,0,0,0,0,1,2,2,3,0,0,,,,,,
4128166000,경기도 고양시덕양구 화전동,2025090412,37.5972861111111,126.874730555555,5,4,0,0,0,0,1,5,7,4,0,0,0,0,1,4,5,1,0,0,,,,,,
4128167000,경기도 고양시덕양구 대덕동,2025090412,37.5826611111111,126.877419444444,5,4,0,0,0,0,1,5,7,4,0,0,0,0,1,0,5,1,0,0,,,,,,
4128500000,경기도 고양시일산동구,2025090412,37.6559083333333,126.777055555555,5,3,0,0,0,0,1,5,6,4,0,0,0,0,1,2,2,3,0,0,,,,,,
4128551000,경기도 고양시일산동구 식사동,2025090412,37.6711916666666,126.812097222222,5,4,0,0,0,0,1,5,6,4,0,0,0,0,1,4,2,3,0,0,,,,,,
4128552500,경기도 고양시일산동구 중산1동,2025090412,37.6917935052061,126.78043360742,5,3,0,0,0,0,1,5,6,4,0,0,0,0,1,2,2,3,0,0,,,,,,
4128552600,경기도 고양시일산동구 중산2동,2025090412,37.6744599083342,126.785982346739,5,3,0,0,0,0,1,5,6,4,0,0,0,0,1,2,2,3,0,0,,,,,,
4128553000,경기도 고양시일산동구 정발산동,2025090412,37.6696638888888,126.781952777777,5,3,0,0,0,0,1,5,6,4,0,0,0,0,1,2,2,3,0,0,,,,,,
4128554000,경기도 고양시일산동구 풍산동,2025090412,37.6612722222222,126.801999999999,5,4,0,0,0,0,1,5,6,4,0,0,0,0,1,4,2,3,0,0,,,,,,
4128555100,경기도 고양시일산동구 백석1동,2025090412,37.646875,126.794575,5,4,0,0,0,0,1,5,6,4,0,0,0,0,1,4,2,3,0,0,,,,,,
4128555200,경기도 고양시일산동구 백석2동,2025090412,37.6401416666666,126.788855555555,5,4,0,0,0,0,1,5,6,4,0,0,0,0,1,4,2,3,0,0,,,,,,
4128556000,경기도 고양시일산동구 마두1동,2025090412,37.6530333333333,126.791863888888,5,4,0,0,0,0,1,5,6,4,0,0,0,0,1,4,2,3,0,0,,,,,,
4128557000,경기도 고양시일산동구 마두2동,2025090412,37.6508027777777,126.786566666666,5,4,0,0,0,0,1,5,6,4,0,0,0,0,1,2,2,3,0,0,,,,,,
4128558000,경기도 고양시일산동구 장항1동,2025090412,37.6388222222222,126.772563888888,5,4,0,0,0,0,1,5,7,4,0,0,0,0,1,2,2,3,0,0,,,,,,
4128559000,경기도 고양시일산동구 장항2동,2025090412,37.6470944444444,126.7804,5,4,0,0,0,0,1,5,6,4,0,0,0,0,1,2,2,3,0,0,,,,,,
4128560000,경기도 고양시일산동구 고봉동,2025090412,37.6991083333333,126.829311111111,5,3,0,0,0,0,1,5,6,4,0,0,0,0,1,1,2,3,0,0,,,,,,
4128700000,경기도 고양시일산서구,2025090412,37.6724861111111,126.752777777777,5,3,0,0,0,0,1,5,7,4,0,0,0,0,1,2,2,3,0,0,,,,,,
4128751000,경기도 고양시일산서구 일산1동,2025090412,37.6843499999999,126.770666666666,5,3,0,0,0,0,1,5,6,4,0,0,0,0,1,2,2,3,0,0,,,,,,
4128752000,경기도 고양시일산서구 일산2동,2025090412,37.6817972222222,126.779352777777,5,3,0,0,0,0,1,5,6,4,0,0,0,0,1,2,2,3,0,0,,,,,,
4128753000,경기도 고양시일산서구 일산3동,2025090412,37.6741861111111,126.772344444444,5,3,0,0,0,0,1,5,7,4,0,0,0,0,1,2,2,3,0,0,,,,,,
4128754500,경기도 고양시일산동구 탄현1동,2025090412,37.6943247860216,126.768418790145,5,3,0,0,0,0,1,5,7,4,0,0,0,0,1,2,2,3,0,0,,,,,,
4128754600,경기도 고양시일산동구 탄현2동,2025090412,37.7021752868013,126.767662966037,5,3,0,0,0,0,1,5,7,4,0,0,0,0,1,1,2,3,0,0,,,,,,
4128755000,경기도 고양시일산서구 주엽1동,2025090412,37.6673305555555,126.765441666666,5,3,0,0,0,0,1,5,7,4,0,0,0,0,1,2,2,3,0,0,,,,,,
4128756000,경기도 고양시일산서구 주엽2동,2025090412,37.6712777777777,126.762466666666,5,3,0,0,0,0,1,5,7,4,0,0,0,0,1,2,2,3,0,0,,,,,,
4128757000,경기도 고양시일산서구 대화동,2025090412,37.6801527777777,126.757222222222,5,3,0,0,0,0,1,5,6,4,0,0,0,0,1,2,2,3,0,0,,,,,,
4128758000,경기도 고양시일산서구 송포동,2025090412,37.6687,126.737611111111,5,3,0,0,0,0,1,5,7,4,0,0,0,0,1,2,2,3,0,0,,,,,,
4128760000,경기도 고양시일산동구 덕이동,2025090412,37.6909130654328,126.754305253403,5,3,0,0,0,0,1,5,6,4,0,0,0,0,1,2,2,3,0,0,,,,,,
4128761000,경기도 고양시일산동구 가좌동,2025090412,37.6845027041172,126.720930770457,5,3,0,0,0,0,1,5,6,4,0,0,0,0,1,3,2,3,0,0,,,,,,
4129000000,경기도 과천시,2025090412,37.4263722222222,126.9898,5,3,0,0,0,0,1,5,7,4,0,0,0,0,1,4,2,2,0,0,,,,,,
4129051000,경기도 과천시 중앙동,2025090412,37.4332861111111,126.9948,5,3,0,0,0,0,1,5,7,4,0,0,0,0,1,4,2,2,0,0,,,,,,
4129051500,경기도 과천시 원문동,2025090412,37.4193758080699,126.989129628104,5,3,0,0,0,0,1,5,6,4,0,0,0,0,1,4,2,2,0,0,,,,,,
4129052000,경기도 과천시 갈현동,2025090412,37.4147004778556,126.979398692283,5,3,0,0,0,0,1,5,6,4,0,0,0,0,1,4,2,1,0,0,,,,,,
4129053000,경기도 과천시 별양동,2025090412,37.4214361111111,126.995888888888,5,3,0,0,0,0,1,5,6,4,0,0,0,0,1,4,2,2,0,0,,,,,,
4129054000,경기도 과천시 부림동,2025090412,37.4306972222222,127.000666666666,5,3,0,0,0,0,1,5,7,4,0,0,0,0,1,4,2,2,0,0,,,,,,
4129055000,경기도 과천시 과천동,2025090412,37.4455583333333,126.997530555555,5,3,0,0,0,0,1,5,7,4,0,0,0,0,1,4,2,2,0,0,,,,,,
4129056000,경기도 과천시 문원동,2025090412,37.4272944444444,127.004566666666,5,3,0,0,0,0,1,5,7,4,0,0,0,0,1,4,2,2,0,0,,,,,,
4131000000,경기도 구리시,2025090412,37.591625,127.131863888888,5,3,0,0,0,0,1,5,6,4,0,0,0,0,1,2,5,2,0,0,,,,,,
4131051000,경기도 구리시 갈매동,2025090412,37.6322833333333,127.118375,5,3,0,0,0,0,1,5,7,4,0,0,0,0,1,4,5,2,0,0,,,,,,
4131052000,경기도 구리시 동구동,2025090412,37.6089944444444,127.1415,5,3,0,0,0,0,1,5,6,4,0,0,0,0,1,2,2,2,0,0,,,,,,
4131053000,경기도 구리시 인창동,2025090412,37.6017138888888,127.137108333333,5,3,0,0,0,0,1,5,6,4,0,0,0,0,1,2,2,2,0,0,,,,,,
4131054100,경기도 구리시 교문1동,2025090412,37.598425,127.129886111111,5,3,0,0,0,0,1,5,6,4,0,0,0,0,1,2,5,2,0,0,,,,,,
4131054200,경기도 구리시 교문2동,2025090412,37.5842222222222,127.136377777777,5,4,0,0,0,0,1,5,6,4,0,0,0,0,1,2,2,2,0,0,,,,,,
4131057000,경기도 구리시 수택1동,2025090412,37.5937,127.151288888888,5,4,0,0,0,0,1,5,6,4,0,0,0,0,1,2,2,2,0,0,,,,,,
4131058000,경기도 구리시 수택2동,2025090412,37.5904194444444,127.142155555555,5,4,0,0,0,0,1,5,6,4,0,0,0,0,1,2,2,2,0,0,,,,,,
4131059000,경기도 구리시 수택3동,2025090412,37.5890305555555,127.143086111111,5,4,0,0,0,0,1,5,6,4,0,0,0,0,1,2,2,2,0,0,,,,,,
4136000000,경기도 남양주시,2025090412,37.6331777777777,127.218633333333,5,3,0,0,0,0,1,5,6,4,0,0,0,0,1,2,4,2,0,0,,,,,,
4136025000,경기도 남양주시 와부읍,2025090412,37.5850027777777,127.213308333333,5,4,0,0,0,0,1,5,6,4,0,0,0,0,1,2,2,2,0,0,,,,,,
4136025300,경기도 남양주시 진접읍,2025090412,37.7236138888888,127.191966666666,5,3,0,0,0,0,1,5,6,4,0,0,0,0,1,4,5,2,0,0,,,,,,
4136025600,경기도 남양주시 화도읍,2025090412,37.6496194444444,127.310833333333,5,3,0,0,0,0,1,5,6,4,0,0,0,0,1,4,5,2,0,0,,,,,,
4136025900,경기도 남양주시 진건읍,2025090412,37.6541444444444,127.181552777777,5,3,0,0,0,0,1,5,6,4,0,0,0,0,1,2,5,2,0,0,,,,,,
4136026200,경기도 남양주시 오남읍,2025090412,37.696175,127.206666666666,5,3,0,0,0,0,1,5,6,4,0,0,0,0,1,4,5,2,0,0,,,,,,
4136026500,경기도 남양주시 퇴계원읍,2025090412,37.6465833333333,127.146722222222,5,3,0,0,0,0,1,5,6,4,0,0,0,0,1,2,2,2,0,0,,,,,,
4136031000,경기도 남양주시 별내면,2025090412,37.6614083333333,127.120544444444,5,3,0,0,0,0,1,5,7,4,0,0,0,0,1,4,5,3,0,0,,,,,,
4136034000,경기도 남양주시 수동면,2025090412,37.7007833333333,127.328233333333,5,3,0,0,0,0,1,5,6,4,0,0,0,0,1,4,5,3,0,0,,,,,,
4136036000,경기도 남양주시 조안면,2025090412,37.5330666666666,127.305544444444,5,3,0,0,0,0,1,5,6,4,0,0,0,0,1,2,4,2,0,0,,,,,,
4136051000,경기도 남양주시 호평동,2025090412,37.6517472222222,127.251133333333,5,3,0,0,0,0,1,5,6,4,0,0,0,0,1,4,5,2,0,0,,,,,,
4136052000,경기도 남양주시 평내동,2025090412,37.6456972222222,127.238177777777,5,3,0,0,0,0,1,5,6,4,0,0,0,0,1,2,4,2,0,0,,,,,,
4136053000,경기도 남양주시 금곡동,2025090412,37.6292833333333,127.207888888888,5,3,0,0,0,0,1,5,6,4,0,0,0,0,1,2,4,2,0,0,,,,,,
4136054000,경기도 남양주시 양정동,2025090412,37.6135277777777,127.189277777777,5,3,0,0,0,0,1,5,6,4,0,0,0,0,1,2,2,2,0,0,,,,,,
4136054500,경기도 남양주시 다산1동,2025090412,37.6044305555555,127.161044444444,5,3,0,0,0,0,1,5,6,4,0,0,0,0,1,2,2,2,0,0,,,,,,
4136056500,경기도 남양주시 다산2동,2025090412,37.6065972222222,127.170597222222,5,3,0,0,0,0,1,5,6,4,0,0,0,0,1,2,2,2,0,0,,,,,,
4136057000,경기도 남양주시 별내동,2025090412,37.646161,127.121868,5,3,0,0,0,0,1,5,7,4,0,0,0,0,1,4,5,2,0,0,,,,,,
4137000000,경기도 오산시,2025090412,37.1469138888888,127.079641666666,5,3,0,0,0,0,1,5,6,4,0,0,0,0,1,3,5,1,0,0,,,,,,
4137051000,경기도 오산시 중앙동,2025090412,37.1463833333333,127.072644444444,5,3,0,0,0,0,1,5,6,4,0,0,0,0,1,3,5,1,0,0,,,,,,
4137052300,경기도 오산시 대원1동,2025090412,37.13865138,127.0717587,5,3,0,0,0,0,1,5,6,4,0,0,0,0,1,3,5,1,0,0,,,,,,
4137052600,경기도 오산시 대원2동,2025090412,37.13204198,127.0790282,5,3,0,0,0,0,1,5,6,4,0,0,0,0,1,3,5,1,0,0,,,,,,
4137053000,경기도 오산시 남촌동,2025090412,37.15175,127.065530555555,5,3,0,0,0,0,1,5,6,4,0,0,0,0,1,3,5,1,0,0,,,,,,
4137054300,경기도 오산시 신장1동,2025090412,37.17664016,127.0545547,5,3,0,0,0,0,1,5,6,4,0,0,0,0,1,3,5,1,0,0,,,,,,
4137054600,경기도 오산시 신장2동,2025090412,37.16976185,127.0654209,5,3,0,0,0,0,1,5,6,4,0,0,0,0,1,3,5,1,0,0,,,,,,
4137055000,경기도 오산시 세마동,2025090412,37.1838722222222,127.040463888888,5,3,0,0,0,0,1,5,6,4,0,0,0,0,1,3,5,1,0,0,,,,,,
4137056000,경기도 오산시 초평동,2025090412,37.1370083333333,127.042733333333,5,3,0,0,0,0,1,5,6,4,0,0,0,0,1,3,5,1,0,0,,,,,,
4139000000,경기도 시흥시,2025090412,37.3773194444444,126.805077777777,5,3,0,0,0,0,1,5,7,4,0,0,0,0,1,4,5,1,0,0,,,,,,
4139051000,경기도 시흥시 대야동,2025090412,37.4402361111111,126.790597222222,5,3,0,0,0,0,1,5,7,4,0,0,0,0,1,4,5,1,0,0,,,,,,
4139052000,경기도 시흥시 신천동,2025090412,37.4355777777777,126.787130555555,5,3,0,0,0,0,1,5,7,4,0,0,0,0,1,4,5,1,0,0,,,,,,
4139053100,경기도 시흥시 신현동,2025090412,37.4033527777777,126.786722222222,5,3,0,0,0,0,1,5,6,4,0,0,0,0,1,4,5,1,0,0,,,,,,
4139054000,경기도 시흥시 은행동,2025090412,37.4335027777777,126.800077777777,5,3,0,0,0,0,1,5,7,4,0,0,0,0,1,4,5,1,0,0,,,,,,
4139055000,경기도 시흥시 매화동,2025090412,37.4148555555555,126.817677777777,5,3,0,0,0,0,1,5,6,4,0,0,0,0,1,4,5,1,0,0,,,,,,
4139057000,경기도 시흥시 목감동,2025090412,37.3817222222222,126.859419444444,5,3,0,0,0,0,1,5,7,4,0,0,0,0,1,4,5,1,0,0,,,,,,
4139058100,경기도 시흥시 군자동,2025090412,37.3370972222222,126.787155555555,5,3,0,0,0,0,1,5,7,4,0,0,0,0,1,4,5,1,0,0,,,,,,
4139058200,경기도 시흥시 월곶동,2025090412,37.38858333,126.7397944,5,3,0,0,0,0,1,5,6,4,0,0,0,0,1,4,5,1,0,0,,,,,,
4139058900,경기도 시흥시 정왕본동,2025090412,37.3425,126.750244444444,5,3,0,0,0,0,1,5,7,4,0,0,0,0,1,4,5,1,0,0,,,,,,
4139059100,경기도 시흥시 정왕1동,2025090412,37.3371833333333,126.745977777777,5,3,0,0,0,0,1,5,7,4,0,0,0,0,1,4,5,1,0,0,,,,,,
4139059200,경기도 시흥시 정왕2동,2025090412,37.3481861111111,126.730922222222,5,3,0,0,0,0,1,5,7,4,0,0,0,0,1,4,5,1,0,0,,,,,,
4139059300,경기도 시흥시 정왕3동,2025090412,37.354925,126.728388888888,5,3,0,0,0,0,1,5,7,4,0,0,0,0,1,4,5,1,0,0,,,,,,
4139059400,경기도 시흥시 정왕4동,2025090412,37.3627555555555,126.734452777777,5,3,0,0,0,0,1,5,7,4,0,0,0,0,1,4,5,1,0,0,,,,,,
4139059600,경기도 시흥시 배곧1동,2025090412,37.3717,126.7357,5,3,0,0,0,0,1,5,7,4,0,0,0,0,1,4,5,1,0,0,,,,,,
4139059700,경기도 시흥시 배곧2동,2025090412,37.368358,126.73089,5,3,0,0,0,0,1,5,7,4,0,0,0,0,1,4,5,1,0,0,,,,,,
4139062100,경기도 시흥시 과림동,2025090412,37.4340055555555,126.834955555555,5,3,0,0,0,0,1,6,7,4,0,0,0,0,1,4,5,1,0,0,,,,,,
4139063000,경기도 시흥시 연성동,2025090412,37.378825,126.805555555555,5,3,0,0,0,0,1,5,7,4,0,0,0,0,1,4,5,1,0,0,,,,,,
4139063100,경기도 시흥시 장곡동,2025090412,37.37956389,126.7833389,5,3,0,0,0,0,1,5,7,4,0,0,0,0,1,4,5,1,0,0,,,,,,
4139064000,경기도 시흥시 능곡동,2025090412,37.36631832,126.8158456,5,3,0,0,0,0,1,5,7,4,0,0,0,0,1,4,5,1,0,0,,,,,,
4139065000,경기도 시흥시 거북섬동,2025090412,37.3210637635928,126.683664578639,5,3,0,0,0,0,1,5,7,4,0,0,0,0,1,4,5,1,0,0,,,,,,
4141000000,경기도 군포시,2025090412,37.3586583333333,126.9375,5,3,0,0,0,0,1,5,7,4,0,0,0,0,1,2,4,1,0,0,,,,,,
4141051000,경기도 군포시 군포1동,2025090412,37.3508111111111,126.947577777777,5,3,0,0,0,0,1,5,7,4,0,0,0,0,1,2,4,1,0,0,,,,,,
4141052000,경기도 군포시 군포2동,2025090412,37.3436055555555,126.945152777777,5,3,0,0,0,0,1,5,7,4,0,0,0,0,1,2,4,1,0,0,,,,,,
4141054000,경기도 군포시 산본1동,2025090412,37.3705333333333,126.940619444444,5,3,0,0,0,0,1,5,7,4,0,0,0,0,1,2,4,1,0,0,,,,,,
4141055000,경기도 군포시 산본2동,2025090412,37.3671972222222,126.934811111111,5,3,0,0,0,0,1,5,7,4,0,0,0,0,1,2,4,1,0,0,,,,,,
4141056000,경기도 군포시 금정동,2025090412,37.3625555555555,126.941377777777,5,3,0,0,0,0,1,5,7,4,0,0,0,0,1,2,4,1,0,0,,,,,,
4141057000,경기도 군포시 재궁동,2025090412,37.3556972222222,126.941175,5,3,0,0,0,0,1,5,7,4,0,0,0,0,1,2,4,1,0,0,,,,,,
4141058000,경기도 군포시 오금동,2025090412,37.3482138888888,126.931641666666,5,3,0,0,0,0,1,5,7,4,0,0,0,0,1,2,4,1,0,0,,,,,,
4141059000,경기도 군포시 수리동,2025090412,37.3532138888888,126.923133333333,5,3,0,0,0,0,1,5,7,4,0,0,0,0,1,2,4,1,0,0,,,,,,
4141060000,경기도 군포시 궁내동,2025090412,37.3568083333333,126.923897222222,5,3,0,0,0,0,1,5,7,4,0,0,0,0,1,2,4,1,0,0,,,,,,
4141061000,경기도 군포시 대야동,2025090412,37.3274416666666,126.917455555555,5,3,0,0,0,0,1,5,7,4,0,0,0,0,1,2,4,1,0,0,,,,,,
4141062000,경기도 군포시 광정동,2025090412,37.3592388888888,126.930030555555,5,3,0,0,0,0,1,5,7,4,0,0,0,0,1,2,4,1,0,0,,,,,,
4141063000,경기도 군포시 송부동,2025090412,37.3162,126.9238,5,3,0,0,0,0,1,5,7,4,0,0,0,0,1,2,4,1,0,0,,,,,,
4143000000,경기도 의왕시,2025090412,37.34195,126.970388888888,5,3,0,0,0,0,1,5,7,4,0,0,0,0,1,2,4,1,0,0,,,,,,
4143051000,경기도 의왕시 고천동,2025090412,37.3450694444444,126.977975,5,3,0,0,0,0,1,5,7,4,0,0,0,0,1,2,4,1,0,0,,,,,,
4143052000,경기도 의왕시 부곡동,2025090412,37.3158805555555,126.958911111111,4,3,0,0,0,0,1,5,7,4,0,0,0,0,1,2,4,1,0,0,,,,,,
4143053000,경기도 의왕시 오전동,2025090412,37.3506944444444,126.973641666666,5,3,0,0,0,0,1,5,7,4,0,0,0,0,1,2,4,1,0,0,,,,,,
4143054000,경기도 의왕시 내손1동,2025090412,37.3839277777777,126.977333333333,5,3,0,0,0,0,1,5,6,4,0,0,0,0,1,4,2,1,0,0,,,,,,
4143055000,경기도 의왕시 내손2동,2025090412,37.3839444444444,126.983111111111,5,3,0,0,0,0,1,5,6,4,0,0,0,0,1,4,2,1,0,0,,,,,,
4143056000,경기도 의왕시 청계동,2025090412,37.3857583333333,126.998055555555,5,3,0,0,0,0,1,5,6,4,0,0,0,0,1,4,2,1,0,0,,,,,,
4145000000,경기도 하남시,2025090412,37.5364972222222,127.217,5,3,0,0,0,0,1,5,6,4,0,0,0,0,1,2,4,2,0,0,,,,,,
4145051000,경기도 하남시 천현동,2025090412,37.5164527777777,127.226188888888,5,3,0,0,0,0,1,5,6,4,0,0,0,0,1,2,4,2,0,0,,,,,,
4145052000,경기도 하남시 신장1동,2025090412,37.53595,127.211722222222,5,3,0,0,0,0,1,5,6,4,0,0,0,0,1,2,4,2,0,0,,,,,,
4145053000,경기도 하남시 신장2동,2025090412,37.5389166666666,127.216133333333,5,3,0,0,0,0,1,5,6,4,0,0,0,0,1,2,4,2,0,0,,,,,,
4145054000,경기도 하남시 덕풍1동,2025090412,37.5307222222222,127.202697222222,5,3,0,0,0,0,1,5,6,4,0,0,0,0,1,2,4,2,0,0,,,,,,
4145055000,경기도 하남시 덕풍2동,2025090412,37.5394749999999,127.200252777777,5,3,0,0,0,0,1,5,6,4,0,0,0,0,1,2,4,2,0,0,,,,,,
4145056000,경기도 하남시 덕풍3동,2025090412,37.5410444444444,127.208863888888,5,3,0,0,0,0,1,5,6,4,0,0,0,0,1,2,4,2,0,0,,,,,,
4145058000,경기도 하남시 감북동,2025090412,37.5134305555555,127.163877777777,5,3,0,0,0,0,1,5,6,4,0,0,0,0,1,2,2,2,0,0,,,,,,
4145058200,경기도 하남시 감일동,2025090412,37.5091585,127.1583293,5,3,0,0,0,0,1,5,6,4,0,0,0,0,1,2,2,2,0,0,,,,,,
4145058500,경기도 하남시 위례동,2025090412,37.4771641,127.152502,5,3,0,0,0,0,1,5,6,4,0,0,0,0,1,2,4,2,0,0,,,,,,
4145059000,경기도 하남시 춘궁동,2025090412,37.5194055555555,127.1962,5,3,0,0,0,0,1,5,6,4,0,0,0,0,1,2,4,2,0,0,,,,,,
4145060000,경기도 하남시 초이동,2025090412,37.5337194444444,127.172908333333,5,3,0,0,0,0,1,5,6,4,0,0,0,0,1,2,2,2,0,0,,,,,,
4145061000,경기도 하남시 미사1동,2025090412,37.5663555555556,127.196066666667,5,4,0,0,0,0,1,5,6,4,0,0,0,0,1,2,2,2,0,0,,,,,,
4145062000,경기도 하남시 미사2동,2025090412,37.5670444444444,127.185913888889,5,4,0,0,0,0,1,5,6,4,0,0,0,0,1,2,2,2,0,0,,,,,,
4145063000,경기도 하남시 미사3동,2025090412,37.5490193084217,127.185064903178,5,3,0,0,0,0,1,5,6,4,0,0,0,0,1,2,2,2,0,0,,,,,,
4146100000,경기도 용인시처인구,2025090412,37.2314777777777,127.203844444444,5,3,0,0,0,0,1,5,7,4,0,0,0,0,1,3,5,1,0,0,,,,,,
4146125000,경기도 용인시처인구 포곡읍,2025090412,37.2750611111111,127.232941666666,5,3,0,0,0,0,1,5,6,4,0,0,0,0,1,3,4,3,0,0,,,,,,
4146125300,경기도 용인시처인구 모현읍,2025090412,37.32665,127.244597222222,5,3,0,0,0,0,1,5,6,4,0,0,0,0,1,2,4,1,0,0,,,,,,
4146125600,경기도 용인시처인구 이동읍,2025090412,37.1381972222222,127.1983,5,3,0,0,0,0,1,5,6,4,0,0,0,0,1,3,5,1,0,0,,,,,,
4146125900,경기도 용인시처인구 남사읍,2025090412,37.1128861111111,127.152697222222,5,3,0,0,0,0,1,5,6,4,0,0,0,0,1,3,5,1,0,0,,,,,,
4146134000,경기도 용인시처인구 원삼면,2025090412,37.1635194444444,127.315122222222,5,3,0,0,0,0,1,5,7,4,0,0,0,0,1,3,5,1,0,0,,,,,,
4146135000,경기도 용인시처인구 백암면,2025090412,37.1605138888888,127.377555555555,5,3,0,0,0,0,1,5,8,4,0,0,0,0,1,4,2,3,0,0,,,,,,
4146136000,경기도 용인시처인구 양지면,2025090412,37.2326611111111,127.281952777777,5,3,0,0,0,0,1,5,7,4,0,0,0,0,1,3,5,3,0,0,,,,,,
4146151000,경기도 용인시처인구 중앙동,2025090412,37.2312555555555,127.207441666666,5,3,0,0,0,0,1,5,7,4,0,0,0,0,1,3,5,1,0,0,,,,,,
4146152500,경기도 용인시처인구 역북동,2025090412,37.2345579876434,127.188141885577,5,3,0,0,0,0,1,5,6,4,0,0,0,0,1,3,4,3,0,0,,,,,,
4146152600,경기도 용인시처인구 삼가동,2025090412,37.2494382604267,127.16585306455,5,3,0,0,0,0,1,5,7,4,0,0,0,0,1,3,4,1,0,0,,,,,,
4146153000,경기도 용인시처인구 유림동,2025090412,37.2496472222222,127.213822222222,5,3,0,0,0,0,1,5,6,4,0,0,0,0,1,3,4,3,0,0,,,,,,
4146154000,경기도 용인시처인구 동부동,2025090412,37.2300277777777,127.221466666666,5,3,0,0,0,0,1,5,7,4,0,0,0,0,1,3,5,1,0,0,,,,,,
4146300000,경기도 용인시기흥구,2025090412,37.2775972222222,127.116788888888,5,3,0,0,0,0,1,5,7,4,0,0,0,0,1,2,4,1,0,0,,,,,,
4146351000,경기도 용인시기흥구 신갈동,2025090412,37.2697222222222,127.109019444444,5,3,0,0,0,0,1,5,7,4,0,0,0,0,1,2,4,1,0,0,,,,,,
4146351600,경기도 용인시기흥구 영덕1동,2025090412,37.2775564,127.0737819,5,3,0,0,0,0,1,6,7,4,0,0,0,0,1,2,4,1,0,0,,,,,,
4146351700,경기도 용인시기흥구 영덕2동,2025090412,37.2665445,127.0896298,5,3,0,0,0,0,1,6,7,4,0,0,0,0,1,2,4,1,0,0,,,,,,
4146352000,경기도 용인시기흥구 구갈동,2025090412,37.2699833333333,127.129433333333,5,3,0,0,0,0,1,5,6,4,0,0,0,0,1,3,4,1,0,0,,,,,,
4146353000,경기도 용인시기흥구 상갈동,2025090412,37.2589361111111,127.107386111111,5,3,0,0,0,0,1,5,7,4,0,0,0,0,1,2,4,1,0,0,,,,,,
4146353500,경기도 용인시기흥구 보라동,2025090412,37.2539456,127.1061208,5,3,0,0,0,0,1,5,7,4,0,0,0,0,1,2,4,1,0,0,,,,,,
4146354000,경기도 용인시기흥구 기흥동,2025090412,37.2402888888888,127.104941666666,5,3,0,0,0,0,1,5,7,4,0,0,0,0,1,2,4,1,0,0,,,,,,
4146355000,경기도 용인시기흥구 서농동,2025090412,37.2440055555555,127.0757,5,3,0,0,0,0,1,5,7,4,0,0,0,0,1,2,4,1,0,0,,,,,,
4146356000,경기도 용인시기흥구 구성동,2025090412,37.2939777777777,127.121119444444,5,3,0,0,0,0,1,5,7,4,0,0,0,0,1,2,4,1,0,0,,,,,,
4146357000,경기도 용인시기흥구 마북동,2025090412,37.3011305555555,127.125555555555,5,3,0,0,0,0,1,5,7,4,0,0,0,0,1,2,4,1,0,0,,,,,,
4146357200,경기도 용인시기흥구 동백1동,2025090412,37.2770728,127.1283587,5,3,0,0,0,0,1,5,6,4,0,0,0,0,1,3,4,1,0,0,,,,,,
4146357500,경기도 용인시기흥구 동백2동,2025090412,37.2771385,127.1283587,5,3,0,0,0,0,1,5,6,4,0,0,0,0,1,3,4,1,0,0,,,,,,
4146357700,경기도 용인시기흥구 동백3동,2025090412,37.2811604,127.1473857,5,3,0,0,0,0,1,5,6,4,0,0,0,0,1,2,4,1,0,0,,,,,,
4146358600,경기도 용인시기흥구 상하동,2025090412,37.271575,127.143111111111,5,3,0,0,0,0,1,5,7,4,0,0,0,0,1,3,4,1,0,0,,,,,,
4146359000,경기도 용인시기흥구 보정동,2025090412,37.3167388888888,127.116511111111,5,3,0,0,0,0,1,5,7,4,0,0,0,0,1,2,4,1,0,0,,,,,,
4146500000,경기도 용인시수지구,2025090412,37.3193861111111,127.100097222222,5,3,0,0,0,0,1,5,7,4,0,0,0,0,1,2,4,1,0,0,,,,,,
4146551000,경기도 용인시수지구 풍덕천1동,2025090412,37.3251222222222,127.097155555555,5,3,0,0,0,0,1,5,7,4,0,0,0,0,1,2,4,1,0,0,,,,,,
4146552000,경기도 용인시수지구 풍덕천2동,2025090412,37.3165805555555,127.090897222222,5,3,0,0,0,0,1,5,7,4,0,0,0,0,1,2,4,1,0,0,,,,,,
4146553000,경기도 용인시수지구 신봉동,2025090412,37.3223805555555,127.075463888888,5,3,0,0,0,0,1,5,7,4,0,0,0,0,1,2,4,1,0,0,,,,,,
4146554000,경기도 용인시수지구 죽전1동,2025090412,37.3281944444444,127.115922222222,5,3,0,0,0,0,1,5,7,4,0,0,0,0,1,2,4,1,0,0,,,,,,
4146555000,경기도 용인시수지구 죽전2동,2025090412,37.3320416666666,127.111622222222,5,3,0,0,0,0,1,5,7,4,0,0,0,0,1,2,4,1,0,0,,,,,,
4146555500,경기도 용인시수지구 죽전3동,2025090412,37.327988772226,127.114182441757,5,3,0,0,0,0,1,5,6,4,0,0,0,0,1,2,4,1,0,0,,,,,,
4146556000,경기도 용인시수지구 동천동,2025090412,37.3388722222222,127.101152777777,5,3,0,0,0,0,1,5,7,4,0,0,0,0,1,2,4,1,0,0,,,,,,
4146557000,경기도 용인시수지구 상현1동,2025090412,37.3018333333333,127.083308333333,5,3,0,0,0,0,1,5,7,4,0,0,0,0,1,2,4,1,0,0,,,,,,
4146558000,경기도 용인시수지구 상현2동,2025090412,37.3066333333333,127.088086111111,5,3,0,0,0,0,1,5,7,4,0,0,0,0,1,2,4,1,0,0,,,,,,
4146558500,경기도 용인시수지구 상현3동,2025090412,37.2996074014981,127.072717816511,5,3,0,0,0,0,1,5,7,4,0,0,0,0,1,2,4,1,0,0,,,,,,
4146559000,경기도 용인시수지구 성복동,2025090412,37.3103305555555,127.083233333333,5,3,0,0,0,0,1,5,7,4,0,0,0,0,1,2,4,1,0,0,,,,,,
4148000000,경기도 파주시,2025090412,37.7570833333333,126.781952777777,5,3,0,0,0,0,1,5,6,4,0,0,0,0,1,1,2,3,0,0,,,,,,
4148025000,경기도 파주시 문산읍,2025090412,37.8502277777777,126.7862,5,3,0,0,0,0,1,5,6,4,0,0,0,0,1,1,2,3,0,0,,,,,,
4148025300,경기도 파주시 파주읍,2025090412,37.8302361111111,126.818619444444,5,3,0,0,0,0,1,5,6,4,0,0,0,0,1,1,2,3,0,0,,,,,,
4148025600,경기도 파주시 법원읍,2025090412,37.8463638888888,126.884575,5,3,0,0,0,0,1,5,6,4,0,0,0,0,1,1,2,1,0,0,,,,,,
4148026200,경기도 파주시 조리읍,2025090412,37.7420444444444,126.807066666666,5,3,0,0,0,0,1,5,6,4,0,0,0,0,1,1,2,3,0,0,,,,,,
4148031000,경기도 파주시 월롱면,2025090412,37.7932666666666,126.792352777777,5,3,0,0,0,0,1,5,6,4,0,0,0,0,1,1,2,3,0,0,,,,,,
4148032000,경기도 파주시 탄현면,2025090412,37.7997166666666,126.718288888888,5,3,0,0,0,0,1,5,6,4,0,0,0,0,1,1,2,1,0,0,,,,,,
4148035000,경기도 파주시 광탄면,2025090412,37.7732333333333,126.853308333333,5,3,0,0,0,0,1,5,6,4,0,0,0,0,1,1,2,3,0,0,,,,,,
4148036000,경기도 파주시 파평면,2025090412,37.91925,126.840130555555,5,3,0,0,0,0,1,5,6,4,0,0,0,0,1,1,2,1,0,0,,,,,,
4148037000,경기도 파주시 적성면,2025090412,37.9517138888888,126.919852777777,5,3,0,0,0,0,1,5,6,4,0,0,0,0,1,1,2,1,0,0,,,,,,
4148039000,경기도 파주시 장단면,2025090412,37.8715833333333,126.710752777777,5,3,0,0,0,0,1,5,6,4,0,0,0,0,1,1,2,3,0,0,,,,,,
4148051000,경기도 파주시 금촌1동,2025090412,37.7635166666666,126.778186111111,5,3,0,0,0,0,1,5,6,4,0,0,0,0,1,1,2,3,0,0,,,,,,
4148052000,경기도 파주시 금촌2동,2025090412,37.7488388888888,126.779475,5,3,0,0,0,0,1,5,6,4,0,0,0,0,1,1,2,3,0,0,,,,,,
4148053000,경기도 파주시 금촌3동,2025090412,37.77145077,126.778369,5,3,0,0,0,0,1,5,6,4,0,0,0,0,1,1,2,3,0,0,,,,,,
4148054000,경기도 파주시 교하동,2025090412,37.7530243,126.7469108,5,3,0,0,0,0,1,5,6,4,0,0,0,0,1,1,2,3,0,0,,,,,,
4148055000,경기도 파주시 운정1동,2025090412,37.72418055,126.7512624,5,3,0,0,0,0,1,5,6,4,0,0,0,0,1,1,2,3,0,0,,,,,,
4148056000,경기도 파주시 운정2동,2025090412,37.723969,126.7515577,5,3,0,0,0,0,1,5,6,4,0,0,0,0,1,1,2,3,0,0,,,,,,
4148057000,경기도 파주시 운정3동,2025090412,37.7241871,126.7512633,5,3,0,0,0,0,1,5,6,4,0,0,0,0,1,1,2,3,0,0,,,,,,
4148058000,경기도 파주시 운정4동,2025090412,37.7189984830492,126.768704952857,5,3,0,0,0,0,1,5,6,4,0,0,0,0,1,1,2,3,0,0,,,,,,
4148059000,경기도 파주시 운정5동,2025090412,37.7202694140959,126.710798385332,5,3,0,0,0,0,1,5,6,4,0,0,0,0,1,1,2,3,0,0,,,,,,
4148060000,경기도 파주시 운정6동,2025090412,37.7126456783963,126.720436821383,5,3,0,0,0,0,1,5,6,4,0,0,0,0,1,1,2,3,0,0,,,,,,
4150000000,경기도 이천시,2025090412,37.2754361111111,127.443219444444,5,3,0,0,0,0,1,5,8,4,0,0,0,0,1,4,5,3,0,0,,,,,,
4150025000,경기도 이천시 장호원읍,2025090412,37.1120583333333,127.618952777777,5,3,0,0,0,0,1,5,8,4,0,0,0,0,1,4,4,2,0,0,,,,,,
4150025300,경기도 이천시 부발읍,2025090412,37.2808333333333,127.488888888888,5,3,0,0,0,0,1,5,8,4,0,0,0,0,1,4,4,3,0,0,,,,,,
4150031000,경기도 이천시 신둔면,2025090412,37.3034583333333,127.406175,5,3,0,0,0,0,1,5,6,4,0,0,0,0,0,4,5,3,0,0,,,,,,
4150032000,경기도 이천시 백사면,2025090412,37.3361916666666,127.492908333333,5,3,0,0,0,0,1,5,8,4,0,0,0,0,1,4,4,3,0,0,,,,,,
4150033000,경기도 이천시 호법면,2025090412,37.2203222222222,127.427022222222,5,3,0,0,0,0,1,5,8,4,0,0,0,0,1,4,5,3,0,0,,,,,,
4150034000,경기도 이천시 마장면,2025090412,37.2461111111111,127.360233333333,5,3,0,0,0,0,1,5,6,4,0,0,0,0,1,4,5,3,0,0,,,,,,
4150035000,경기도 이천시 대월면,2025090412,37.2270416666666,127.4945,5,3,0,0,0,0,1,5,8,4,0,0,0,0,1,4,5,3,0,0,,,,,,
4150036000,경기도 이천시 모가면,2025090412,37.1688583333333,127.482286111111,5,3,0,0,0,0,1,5,8,4,0,0,0,0,1,4,2,3,0,0,,,,,,
4150037000,경기도 이천시 설성면,2025090412,37.1296638888888,127.524011111111,5,3,0,0,0,0,1,5,8,4,0,0,0,0,1,4,2,1,0,0,,,,,,
4150038000,경기도 이천시 율면,2025090412,37.0914277777777,127.548544444444,5,3,0,0,0,0,1,5,8,4,0,0,0,0,1,4,4,2,0,0,,,,,,
4150051000,경기도 이천시 창전동,2025090412,37.2800638888888,127.443241666666,5,3,0,0,0,0,1,5,8,4,0,0,0,0,1,4,5,3,0,0,,,,,,
4150051500,경기도 이천시 증포동,2025090412,37.2875388888888,127.454752777777,5,3,0,0,0,0,1,5,8,4,0,0,0,0,1,4,5,3,0,0,,,,,,
4150052000,경기도 이천시 중리동,2025090412,37.2753861111111,127.4441,5,3,0,0,0,0,1,5,8,4,0,0,0,0,1,4,5,3,0,0,,,,,,
4150053000,경기도 이천시 관고동,2025090412,37.2797972222222,127.442733333333,5,3,0,0,0,0,1,5,8,4,0,0,0,0,1,4,5,3,0,0,,,,,,
4155000000,경기도 안성시,2025090412,37.005175,127.281844444444,5,3,0,0,0,0,1,5,8,4,0,0,0,0,1,3,2,3,0,0,,,,,,
4155025000,경기도 안성시 공도읍,2025090412,36.9958722222222,127.173888888888,5,3,0,0,0,0,1,5,8,4,0,0,0,0,1,3,5,3,0,0,,,,,,
4155031000,경기도 안성시 보개면,2025090412,37.0202555555555,127.293086111111,5,3,0,0,0,0,1,5,8,4,0,0,0,0,1,3,2,3,0,0,,,,,,
4155032000,경기도 안성시 금광면,2025090412,36.9942916666666,127.319752777777,5,3,0,0,0,0,1,5,8,4,0,0,0,0,1,4,2,3,0,0,,,,,,
4155033000,경기도 안성시 서운면,2025090412,36.9402,127.261388888888,5,3,0,0,0,0,1,5,8,4,0,0,0,0,1,4,2,3,0,0,,,,,,
4155034000,경기도 안성시 미양면,2025090412,36.9724166666666,127.217408333333,5,3,0,0,0,0,1,5,8,4,0,0,0,0,1,3,2,3,0,0,,,,,,
4155035000,경기도 안성시 대덕면,2025090412,37.0095527777777,127.239975,5,3,0,0,0,0,1,5,8,4,0,0,0,0,1,3,5,3,0,0,,,,,,
4155036000,경기도 안성시 양성면,2025090412,37.0569749999999,127.196675,5,3,0,0,0,0,1,5,6,4,0,0,0,0,1,3,5,1,0,0,,,,,,
4155038000,경기도 안성시 원곡면,2025090412,37.0368805555555,127.131641666666,5,3,0,0,0,0,1,5,8,4,0,0,0,0,1,3,5,3,0,0,,,,,,
4155039000,경기도 안성시 일죽면,2025090412,37.0876583333333,127.479263888888,5,3,0,0,0,0,1,5,8,4,0,0,0,0,1,4,2,1,0,0,,,,,,
4155040000,경기도 안성시 죽산면,2025090412,37.0757055555555,127.424508333333,5,3,0,0,0,0,1,5,8,4,0,0,0,0,1,4,2,1,0,0,,,,,,
4155041000,경기도 안성시 삼죽면,2025090412,37.0701694444444,127.376952777777,5,3,0,0,0,0,1,5,8,4,0,0,0,0,1,4,2,3,0,0,,,,,,
4155042000,경기도 안성시 고삼면,2025090412,37.0798722222222,127.265463888888,5,3,0,0,0,0,1,5,8,4,0,0,0,0,1,3,5,1,0,0,,,,,,
4155051000,경기도 안성시 안성1동,2025090412,37.0028222222222,127.276397222222,5,3,0,0,0,0,1,5,8,4,0,0,0,0,1,3,2,3,0,0,,,,,,
4155052000,경기도 안성시 안성2동,2025090412,36.9977388888888,127.272197222222,5,3,0,0,0,0,1,5,8,4,0,0,0,0,1,4,2,3,0,0,,,,,,
4155053000,경기도 안성시 안성3동,2025090412,37.0113055555555,127.259875,5,3,0,0,0,0,1,5,8,4,0,0,0,0,1,3,2,3,0,0,,,,,,
4157000000,경기도 김포시,2025090412,37.6124583333333,126.717777777777,5,4,0,0,0,0,1,5,6,4,0,0,0,0,1,3,5,3,0,0,,,,,,
4157025000,경기도 김포시 통진읍,2025090412,37.68895,126.599377777777,5,3,0,0,0,0,1,5,6,4,0,0,0,0,1,3,2,3,0,0,,,,,,
4157025300,경기도 김포시 고촌읍,2025090412,37.603868,126.772777,5,3,0,0,0,0,1,5,7,4,0,0,0,0,1,4,5,1,0,0,,,,,,
4157025600,경기도 김포시 양촌읍,2025090412,37.657464,126.625369,5,3,0,0,0,0,1,5,6,4,0,0,0,0,1,3,2,3,0,0,,,,,,
4157034000,경기도 김포시 대곶면,2025090412,37.6463666666666,126.583930555555,5,3,0,0,0,0,1,5,6,4,0,0,0,0,1,3,2,3,0,0,,,,,,
4157035000,경기도 김포시 월곶면,2025090412,37.7142638888888,126.554677777777,5,3,0,0,0,0,1,5,6,4,0,0,0,0,1,1,2,1,0,0,,,,,,
4157036000,경기도 김포시 하성면,2025090412,37.7173722222222,126.633341666666,5,3,0,0,0,0,1,5,6,4,0,0,0,0,1,1,2,3,0,0,,,,,,
4157051500,경기도 김포시 김포본동,2025090412,37.6246388888888,126.707744444444,5,4,0,0,0,0,1,5,6,4,0,0,0,0,1,3,5,3,0,0,,,,,,
4157052500,경기도 김포시 장기본동,2025090412,37.6496472222222,126.673944444444,5,4,0,0,0,0,1,5,6,4,0,0,0,0,1,3,5,3,0,0,,,,,,
4157054000,경기도 김포시 사우동,2025090412,37.6165388888888,126.719133333333,5,4,0,0,0,0,1,5,6,4,0,0,0,0,1,3,5,3,0,0,,,,,,
4157055000,경기도 김포시 풍무동,2025090412,37.602025,126.725911111111,5,3,0,0,0,0,1,5,7,4,0,0,0,0,1,4,5,1,0,0,,,,,,
4157056000,경기도 김포시 장기동,2025090412,37.63973003,126.6713378,5,4,0,0,0,0,1,5,6,4,0,0,0,0,1,3,5,3,0,0,,,,,,
4157057000,경기도 김포시 구래동,2025090412,37.64646146,126.6237155,5,3,0,0,0,0,1,5,6,4,0,0,0,0,1,3,5,3,0,0,,,,,,
4157057500,경기도 김포시 마산동,2025090412,37.641265,126.643823,5,3,0,0,0,0,1,5,6,4,0,0,0,0,1,3,5,3,0,0,,,,,,
4157058000,경기도 김포시 운양동,2025090412,37.6516611111111,126.683708333333,5,3,0,0,0,0,1,5,6,4,0,0,0,0,1,3,2,3,0,0,,,,,,
4159000000,경기도 화성시,2025090412,37.1968166666666,126.833530555555,5,3,0,0,0,0,1,5,6,4,0,0,0,0,1,3,5,1,0,0,,,,,,
4159025300,경기도 화성시 봉담읍,2025090412,37.2173388888888,126.952333333333,5,3,0,0,0,0,1,5,6,4,0,0,0,0,1,2,4,1,0,0,,,,,,
4159025600,경기도 화성시 우정읍,2025090412,37.0869722222222,126.817366666666,4,3,0,0,0,0,1,5,8,4,0,0,0,0,1,3,5,3,0,0,,,,,,
4159025900,경기도 화성시 향남읍,2025090412,37.1295416666666,126.922441666666,5,3,0,0,0,0,1,5,6,4,0,0,0,0,1,3,5,3,0,0,,,,,,
4159026200,경기도 화성시 남양읍,2025090412,37.2118472222222,126.823833333333,5,3,0,0,0,0,1,5,6,4,0,0,0,0,1,3,5,1,0,0,,,,,,
4159031000,경기도 화성시 매송면,2025090412,37.2494472222222,126.911275,5,3,0,0,0,0,1,5,7,4,0,0,0,0,1,2,4,1,0,0,,,,,,
4159032000,경기도 화성시 비봉면,2025090412,37.2323666666666,126.875822222222,5,3,0,0,0,0,1,5,7,4,0,0,0,0,1,3,4,1,0,0,,,,,,
4159033000,경기도 화성시 마도면,2025090412,37.2029111111111,126.771844444444,4,3,0,0,0,0,1,5,6,4,0,0,0,0,1,4,5,3,0,0,,,,,,
4159034000,경기도 화성시 송산면,2025090412,37.2151055555555,126.741275,4,3,0,0,0,0,1,5,6,4,0,0,0,0,1,4,5,3,0,0,,,,,,
4159035000,경기도 화성시 서신면,2025090412,37.1636555555555,126.710833333333,4,3,0,0,0,0,1,5,8,4,0,0,0,0,1,4,5,3,0,0,,,,,,
4159036000,경기도 화성시 팔탄면,2025090412,37.1583777777777,126.905497222222,5,3,0,0,0,0,1,5,6,4,0,0,0,0,1,3,5,1,0,0,,,,,,
4159037000,경기도 화성시 장안면,2025090412,37.0770083333333,126.833397222222,4,3,0,0,0,0,1,5,8,4,0,0,0,0,1,3,5,3,0,0,,,,,,
4159040000,경기도 화성시 양감면,2025090412,37.0784638888888,126.946552777777,5,3,0,0,0,0,1,5,6,4,0,0,0,0,1,3,5,3,0,0,,,,,,
4159041000,경기도 화성시 정남면,2025090412,37.1655944444444,126.985030555555,5,3,0,0,0,0,1,5,6,4,0,0,0,0,1,3,5,1,0,0,,,,,,
4159051500,경기도 화성시 새솔동,2025090412,37.28998,126.812249,5,3,0,0,0,0,1,5,7,4,0,0,0,0,1,4,5,1,0,0,,,,,,
4159052000,경기도 화성시 진안동,2025090412,37.2102194444444,127.041222222222,5,3,0,0,0,0,1,5,6,4,0,0,0,0,1,3,4,1,0,0,,,,,,
4159053000,경기도 화성시 병점1동,2025090412,37.2035888888888,127.038755555555,5,3,0,0,0,0,1,5,6,4,0,0,0,0,1,3,4,1,0,0,,,,,,
4159054000,경기도 화성시 병점2동,2025090412,37.2087361111111,127.045177777777,5,3,0,0,0,0,1,5,6,4,0,0,0,0,1,3,4,1,0,0,,,,,,
4159055000,경기도 화성시 반월동,2025090412,37.2318083333333,127.063611111111,5,3,0,0,0,0,1,5,7,4,0,0,0,0,1,3,4,1,0,0,,,,,,
4159056000,경기도 화성시 기배동,2025090412,37.2211833333333,126.986308333333,5,3,0,0,0,0,1,5,6,4,0,0,0,0,1,3,4,1,0,0,,,,,,
4159057000,경기도 화성시 화산동,2025090412,37.2025972222222,127.016444444444,5,3,0,0,0,0,1,5,6,4,0,0,0,0,1,3,4,1,0,0,,,,,,
4159058500,경기도 화성시 동탄1동,2025090412,37.2036916666666,127.073930555555,5,3,0,0,0,0,1,5,6,4,0,0,0,0,1,3,4,1,0,0,,,,,,
4159058600,경기도 화성시 동탄2동,2025090412,37.1942027777777,127.074197222222,5,3,0,0,0,0,1,5,6,4,0,0,0,0,1,3,4,1,0,0,,,,,,
4159058700,경기도 화성시 동탄3동,2025090412,37.2099706,127.05871,5,3,0,0,0,0,1,5,6,4,0,0,0,0,1,3,4,1,0,0,,,,,,
4159058800,경기도 화성시 동탄4동,2025090412,37.2101361111111,127.105225,5,3,0,0,0,0,1,5,6,4,0,0,0,0,1,3,4,1,0,0,,,,,,
4159059000,경기도 화성시 동탄5동,2025090412,37.206282,127.111575,5,3,0,0,0,0,1,5,6,4,0,0,0,0,1,3,4,1,0,0,,,,,,
4159060000,경기도 화성시 동탄6동,2025090412,37.1847861111111,127.088519444444,5,3,0,0,0,0,1,5,6,4,0,0,0,0,1,3,5,1,0,0,,,,,,
4159061000,경기도 화성시 동탄7동,2025090412,37.171099,127.110505,5,3,0,0,0,0,1,5,6,4,0,0,0,0,1,3,5,1,0,0,,,,,,
4159062000,경기도 화성시 동탄8동,2025090412,37.1634383,127.0989459,5,3,0,0,0,0,1,5,6,4,0,0,0,0,1,3,5,1,0,0,,,,,,
4159063000,경기도 화성시 동탄9동,2025090412,37.1806626,127.1383942,5,3,0,0,0,0,1,5,6,4,0,0,0,0,1,3,5,1,0,0,,,,,,
4161000000,경기도 광주시,2025090412,37.4145055555555,127.257786111111,5,3,0,0,0,0,1,5,6,4,0,0,0,0,1,2,4,3,0,0,,,,,,
4161025300,경기도 광주시 초월읍,2025090412,37.3827472222222,127.290833333333,5,3,0,0,0,0,1,5,6,4,0,0,0,0,1,2,4,3,0,0,,,,,,
4161025900,경기도 광주시 곤지암읍,2025090412,37.345925,127.3462,5,3,0,0,0,0,1,5,6,4,0,0,0,0,1,4,5,3,0,0,,,,,,
4161033000,경기도 광주시 도척면,2025090412,37.3017361111111,127.333333333333,5,3,0,0,0,0,1,5,7,4,0,0,0,0,1,4,5,3,0,0,,,,,,
4161034000,경기도 광주시 퇴촌면,2025090412,37.463875,127.309141666666,5,3,0,0,0,0,1,5,6,4,0,0,0,0,1,3,4,1,0,0,,,,,,
4161035000,경기도 광주시 남종면,2025090412,37.4915333333333,127.304,5,3,0,0,0,0,1,5,6,4,0,0,0,0,1,3,4,1,0,0,,,,,,
4161037000,경기도 광주시 남한산성면,2025090412,37.4604972222222,127.247022222222,5,3,0,0,0,0,1,5,6,4,0,0,0,0,1,2,4,1,0,0,,,,,,
4161051000,경기도 광주시 경안동,2025090412,37.4081194444444,127.259466666666,5,3,0,0,0,0,1,5,6,4,0,0,0,0,1,2,4,3,0,0,,,,,,
4161052000,경기도 광주시 송정동,2025090412,37.4258902,127.2559243,5,3,0,0,0,0,1,5,6,4,0,0,0,0,1,3,4,1,0,0,,,,,,
4161054000,경기도 광주시 쌍령동,2025090412,37.3997633,127.2691201,5,3,0,0,0,0,1,5,6,4,0,0,0,0,1,2,4,3,0,0,,,,,,
4161055000,경기도 광주시 탄벌동,2025090412,37.4196761,127.2438873,5,3,0,0,0,0,1,5,6,4,0,0,0,0,1,2,4,1,0,0,,,,,,
4161056000,경기도 광주시 광남1동,2025090412,37.3919532,127.227479,5,3,0,0,0,0,1,5,6,4,0,0,0,0,1,2,4,1,0,0,,,,,,
4161057000,경기도 광주시 광남2동,2025090412,37.3889777,127.2276224,5,3,0,0,0,0,1,5,6,4,0,0,0,0,1,2,4,1,0,0,,,,,,
4161058000,경기도 광주시 오포1동,2025090412,37.3661527644695,127.228593263112,5,3,0,0,0,0,1,5,6,4,0,0,0,0,1,2,4,1,0,0,,,,,,
4161059000,경기도 광주시 오포2동,2025090412,37.3777227544659,127.254641800784,5,3,0,0,0,0,1,5,6,4,0,0,0,0,1,2,4,3,0,0,,,,,,
4161060000,경기도 광주시 신현동,2025090412,37.3596399540356,127.15884281498,5,3,0,0,0,0,1,5,6,4,0,0,0,0,1,2,4,1,0,0,,,,,,
4161061000,경기도 광주시 능평동,2025090412,37.3497125241881,127.167275387774,5,3,0,0,0,0,1,5,6,4,0,0,0,0,1,2,4,1,0,0,,,,,,
4163000000,경기도 양주시,2025090412,37.78245,127.047819444444,5,4,0,0,0,0,1,5,6,4,0,0,0,0,1,4,5,3,0,0,,,,,,
4163025000,경기도 양주시 백석읍,2025090412,37.7922527777777,126.987752777777,5,4,0,0,0,0,1,5,6,4,0,0,0,0,1,1,2,3,0,0,,,,,,
4163031000,경기도 양주시 은현면,2025090412,37.872225,127.026641666666,5,4,0,0,0,0,1,5,6,4,0,0,0,0,1,1,2,1,0,0,,,,,,
4163032000,경기도 양주시 남면,2025090412,37.8953944444444,126.978844444444,5,4,0,0,0,0,1,5,6,4,0,0,0,0,1,1,2,1,0,0,,,,,,
4163033000,경기도 양주시 광적면,2025090412,37.8219638888888,126.985833333333,5,4,0,0,0,0,1,5,6,4,0,0,0,0,1,1,2,3,0,0,,,,,,
4163034000,경기도 양주시 장흥면,2025090412,37.7150972222222,126.943266666666,5,4,0,0,0,0,1,5,6,4,0,0,0,0,1,2,2,3,0,0,,,,,,
4163051000,경기도 양주시 양주1동,2025090412,37.7706444444444,127.046152777777,5,4,0,0,0,0,1,5,6,4,0,0,0,0,1,4,5,3,0,0,,,,,,
4163052000,경기도 양주시 양주2동,2025090412,37.8034944444444,127.098888888888,5,4,0,0,0,0,1,5,6,4,0,0,0,0,1,4,5,3,0,0,,,,,,
4163053000,경기도 양주시 회천1동,2025090412,37.8413638888888,127.068241666666,5,4,0,0,0,0,1,5,6,4,0,0,0,0,1,1,2,1,0,0,,,,,,
4163054000,경기도 양주시 회천2동,2025090412,37.819675,127.0499,5,4,0,0,0,0,1,5,6,4,0,0,0,0,1,4,5,3,0,0,,,,,,
4163055000,경기도 양주시 회천3동,2025090412,37.8349,127.070911111111,5,4,0,0,0,0,1,5,6,4,0,0,0,0,1,1,2,1,0,0,,,,,,
4163057000,경기도 양주시 옥정1동,2025090412,37.83721936,127.0901208,5,4,0,0,0,0,1,5,6,4,0,0,0,0,1,1,2,1,0,0,,,,,,
4163058000,경기도 양주시 옥정2동,2025090412,37.82135475,127.0943238,5,4,0,0,0,0,1,5,6,4,0,0,0,0,1,4,5,3,0,0,,,,,,
4165000000,경기도 포천시,2025090412,37.8921555555555,127.202419444444,5,4,0,0,0,0,1,5,6,4,0,0,0,0,1,2,2,1,0,0,,,,,,
4165025000,경기도 포천시 소흘읍,2025090412,37.8206555555555,127.140708333333,5,4,0,0,0,0,1,5,6,4,0,0,0,0,1,4,5,3,0,0,,,,,,
4165031000,경기도 포천시 군내면,2025090412,37.8862361111111,127.219597222222,5,4,0,0,0,0,1,5,6,4,0,0,0,0,1,2,2,1,0,0,,,,,,
4165032000,경기도 포천시 내촌면,2025090412,37.7834499999999,127.2307,5,3,0,0,0,0,1,5,6,4,0,0,0,0,1,4,5,2,0,0,,,,,,
4165033000,경기도 포천시 가산면,2025090412,37.8457666666666,127.188430555555,5,4,0,0,0,0,1,5,6,4,0,0,0,0,1,2,5,1,0,0,,,,,,
4165034000,경기도 포천시 신북면,2025090412,37.9311499999999,127.228633333333,5,4,0,0,0,0,1,5,6,4,0,0,0,0,1,2,2,1,0,0,,,,,,
4165035000,경기도 포천시 창수면,2025090412,37.9889777777777,127.191222222222,5,4,0,0,0,0,1,5,6,4,0,0,0,0,1,3,2,1,0,0,,,,,,
4165036000,경기도 포천시 영중면,2025090412,37.999775,127.245677777777,5,4,0,0,0,0,1,5,6,4,0,0,0,0,1,1,2,1,0,0,,,,,,
4165037000,경기도 포천시 일동면,2025090412,37.9585694444444,127.319344444444,5,4,0,0,0,0,1,5,6,4,0,0,0,0,1,3,2,3,0,0,,,,,,
4165038000,경기도 포천시 이동면,2025090412,38.0279361111111,127.369344444444,5,4,0,0,0,0,1,5,6,4,0,0,0,0,1,1,2,1,0,0,,,,,,
4165039000,경기도 포천시 영북면,2025090412,38.0863583333333,127.277663888888,5,4,0,0,0,0,1,5,6,4,0,0,0,0,1,1,2,1,0,0,,,,,,
4165040000,경기도 포천시 관인면,2025090412,38.1549777777777,127.253252777777,2,4,0,0,0,0,1,5,6,4,0,0,0,0,1,1,2,1,0,0,,,,,,
4165041000,경기도 포천시 화현면,2025090412,37.8983611111111,127.290177777777,5,4,0,0,0,0,1,5,6,4,0,0,0,0,1,3,2,3,0,0,,,,,,
4165051000,경기도 포천시 포천동,2025090412,37.8953583333333,127.202244444444,5,4,0,0,0,0,1,5,6,4,0,0,0,0,1,2,2,1,0,0,,,,,,
4165052000,경기도 포천시 선단동,2025090412,37.8514083333333,127.161330555555,5,4,0,0,0,0,1,5,6,4,0,0,0,0,1,2,5,1,0,0,,,,,,
4167000000,경기도 여주시,2025090412,37.2953583333333,127.639622222222,5,3,0,0,0,0,1,5,8,4,0,0,0,0,1,4,4,1,0,0,,,,,,
4167025000,경기도 여주시 가남읍,2025090412,37.19892778,127.547244444444,5,3,0,0,0,0,1,5,8,4,0,0,0,0,1,4,2,3,0,0,,,,,,
4167031000,경기도 여주시 점동면,2025090412,37.2032138888888,127.664730555555,5,3,0,0,0,0,1,7,8,4,0,0,0,0,1,4,4,2,0,0,,,,,,
4167032000,경기도 여주시 흥천면,2025090412,37.3302138888888,127.543708333333,5,3,0,0,0,0,1,5,8,4,0,0,0,0,1,4,4,3,0,0,,,,,,
4167033000,경기도 여주시 금사면,2025090412,37.3898305555555,127.535430555555,4,3,0,0,0,0,1,5,8,4,0,0,0,0,1,3,4,3,0,0,,,,,,
4167034500,경기도 여주시 세종대왕면,2025090412,37.3001797637935,127.573488203822,5,3,0,0,0,0,1,5,8,4,0,0,0,0,1,4,4,3,0,0,,,,,,
4167035000,경기도 여주시 대신면,2025090412,37.3722861111111,127.588675,4,3,0,0,0,0,1,5,8,4,0,0,0,0,1,4,4,3,0,0,,,,,,
4167036000,경기도 여주시 북내면,2025090412,37.3265055555555,127.681141666666,5,3,0,0,0,0,1,7,8,4,0,0,0,0,1,4,4,1,0,0,,,,,,
4167037000,경기도 여주시 강천면,2025090412,37.2700694444444,127.713666666666,5,3,0,0,0,0,1,7,8,4,0,0,0,0,1,4,4,2,0,0,,,,,,
4167038000,경기도 여주시 산북면,2025090412,37.3987277777777,127.445111111111,5,3,0,0,0,0,1,5,8,4,0,0,0,0,1,3,2,3,0,0,,,,,,
4167051000,경기도 여주시 여흥동,2025090412,37.2921527,127.6420222,5,3,0,0,0,0,1,5,8,4,0,0,0,0,1,4,4,1,0,0,,,,,,
4167052000,경기도 여주시 중앙동,2025090412,37.298680555556,127.628975,5,3,0,0,0,0,1,5,8,4,0,0,0,0,1,4,4,1,0,0,,,,,,
4167053000,경기도 여주시 오학동,2025090412,37.309894444444,127.644311111111,5,3,0,0,0,0,1,5,8,4,0,0,0,0,1,4,4,1,0,0,,,,,,
4180000000,경기도 연천군,2025090412,38.0933638888888,127.077066666666,5,3,0,0,0,0,1,5,6,4,0,0,0,0,1,3,2,1,0,0,,,,,,
4180025000,경기도 연천군 연천읍,2025090412,38.1014694444444,127.077997222222,5,3,0,0,0,0,1,5,6,4,0,0,0,0,1,3,2,1,0,0,,,,,,
4180025300,경기도 연천군 전곡읍,2025090412,38.0253166666666,127.065430555555,5,3,0,0,0,0,1,5,6,4,0,0,0,0,1,3,2,1,0,0,,,,,,
4180031000,경기도 연천군 군남면,2025090412,38.0825555555555,127.021111111111,5,3,0,0,0,0,1,5,6,4,0,0,0,0,0,1,2,1,0,0,,,,,,
4180032000,경기도 연천군 청산면,2025090412,37.9791361111111,127.0698,5,3,0,0,0,0,1,5,6,4,0,0,0,0,1,3,2,1,0,0,,,,,,
4180033000,경기도 연천군 백학면,2025090412,38.0275916666666,126.9194,5,3,0,0,0,0,1,5,6,4,0,0,0,0,1,1,2,1,0,0,,,,,,
4180034000,경기도 연천군 미산면,2025090412,38.0448833333333,126.994941666666,5,3,0,0,0,0,1,5,6,4,0,0,0,0,1,1,2,1,0,0,,,,,,
4180035000,경기도 연천군 왕징면,2025090412,38.0560777777777,127.014933333333,5,3,0,0,0,0,1,5,6,4,0,0,0,0,1,1,2,1,0,0,,,,,,
4180036000,경기도 연천군 신서면,2025090412,38.1801583333333,127.109066666666,2,3,0,0,0,0,1,5,6,4,0,0,0,0,0,3,2,1,0,0,,,,,,
4180037000,경기도 연천군 중면,2025090412,38.1331638888888,127.021330555555,2,3,0,0,0,0,1,5,6,4,0,0,0,0,0,1,2,1,0,0,,,,,,
4180038000,경기도 연천군 장남면,2025090412,37.9790416666666,126.886355555555,5,3,0,0,0,0,1,5,6,4,0,0,0,0,1,1,2,3,0,0,,,,,,
4182000000,경기도 가평군,2025090412,37.8288305555555,127.511777777777,5,3,0,0,0,0,1,5,6,4,0,0,0,0,1,3,5,1,0,0,,,,,,
4182025000,경기도 가평군 가평읍,2025090412,37.8226166666666,127.518688888888,5,3,0,0,0,0,1,5,6,4,0,0,0,0,1,3,5,3,0,0,,,,,,
4182031000,경기도 가평군 설악면,2025090412,37.6734499999999,127.496819444444,5,4,0,0,0,0,1,5,6,4,0,0,0,0,1,3,4,3,0,0,,,,,,
4182032500,경기도 가평군 청평면,2025090412,37.7376833333333,127.426344444444,5,3,0,0,0,0,1,5,6,4,0,0,0,0,1,3,5,3,0,0,,,,,,
4182033000,경기도 가평군 상면,2025090412,37.8019222222222,127.358863888888,5,4,0,0,0,0,1,5,6,4,0,0,0,0,1,4,5,3,0,0,,,,,,
4182034500,경기도 가평군 조종면,2025090412,37.8148194444444,127.355399999999,5,4,0,0,0,0,1,5,6,4,0,0,0,0,1,4,5,3,0,0,,,,,,
4182035000,경기도 가평군 북면,2025090412,37.8828944444444,127.552399999999,5,3,0,0,0,0,1,5,6,4,0,0,0,0,1,4,2,1,0,0,,,,,,
4183000000,경기도 양평군,2025090412,37.4889361111111,127.489886111111,5,4,0,0,0,0,1,5,8,4,0,0,0,0,1,3,4,3,0,0,,,,,,
4183025000,경기도 양평군 양평읍,2025090412,37.4840111111111,127.496066666666,5,4,0,0,0,0,1,5,8,4,0,0,0,0,1,3,4,3,0,0,,,,,,
4183031000,경기도 양평군 강상면,2025090412,37.4743944444444,127.487644444444,5,4,0,0,0,0,1,5,8,4,0,0,0,0,1,3,4,3,0,0,,,,,,
4183032000,경기도 양평군 강하면,2025090412,37.4921555555555,127.412786111111,5,3,0,0,0,0,1,5,6,4,0,0,0,0,1,3,4,3,0,0,,,,,,
4183033000,경기도 양평군 양서면,2025090412,37.5411472222222,127.328152777777,5,3,0,0,0,0,1,5,6,4,0,0,0,0,1,3,4,2,0,0,,,,,,
4183034000,경기도 양평군 옥천면,2025090412,37.5154888888888,127.458266666666,5,4,0,0,0,0,1,5,6,4,0,0,0,0,1,3,4,3,0,0,,,,,,
4183035000,경기도 양평군 서종면,2025090412,37.6037861111111,127.350808333333,5,4,0,0,0,0,1,5,6,4,0,0,0,0,1,3,5,2,0,0,,,,,,
4183036000,경기도 양평군 단월면,2025090412,37.5357416666666,127.675097222222,4,4,0,0,0,0,1,7,8,4,0,0,0,0,1,4,4,3,0,0,,,,,,
4183037000,경기도 양평군 청운면,2025090412,37.5534833333333,127.712922222222,4,4,0,0,0,0,1,5,6,4,0,0,0,0,1,4,4,3,0,0,,,,,,
4183038000,경기도 양평군 양동면,2025090412,37.4162888888888,127.757,4,3,0,0,0,0,1,7,8,4,0,0,0,0,1,4,4,1,0,0,,,,,,
4183039500,경기도 양평군 지평면,2025090412,37.4716666666666,127.641444444444,4,4,0,0,0,0,1,5,8,4,0,0,0,0,1,4,4,3,0,0,,,,,,
4183040000,경기도 양평군 용문면,2025090412,37.4839083333333,127.597888888888,5,4,0,0,0,0,1,5,8,4,0,0,0,0,1,4,4,3,0,0,,,,,,
4183041000,경기도 양평군 개군면,2025090412,37.4231638888888,127.538952777777,4,4,0,0,0,0,1,5,8,4,0,0,0,0,1,4,4,3,0,0,,,,,,
4300000000,충청북도,2025090412,36.6325,127.493586111111,5,3,0,0,0,0,1,6,7,4,0,0,0,0,1,4,2,3,0,0,,,,,,
4311100000,충청북도 청주시상당구,2025090412,36.5839972222222,127.511730555555,5,3,0,0,0,0,1,6,7,4,0,0,0,0,1,3,4,3,0,0,,,,,,
4311131000,충청북도 청주시상당구 낭성면,2025090412,36.6196722222222,127.606188888888,4,3,0,0,0,0,1,6,7,4,0,0,0,0,1,3,4,3,0,0,,,,,,
4311132000,충청북도 청주시상당구 미원면,2025090412,36.63325,127.660555555555,4,3,0,0,0,0,1,6,7,4,0,0,0,0,1,4,4,3,0,0,,,,,,
4311133000,충청북도 청주시상당구 가덕면,2025090412,36.5507222222222,127.551011111111,4,3,0,0,0,0,1,6,7,4,0,0,0,0,1,4,2,3,0,0,,,,,,
4311134000,충청북도 청주시상당구 남일면,2025090412,36.5839972222222,127.511730555555,5,3,0,0,0,0,1,6,7,4,0,0,0,0,1,3,4,3,0,0,,,,,,
4311135000,충청북도 청주시상당구 문의면,2025090412,36.5148361111111,127.498355555555,4,3,0,0,0,0,1,6,7,4,0,0,0,0,1,4,2,3,0,0,,,,,,
4311152500,충청북도 청주시상당구 중앙동,2025090412,36.6369222222222,127.490319444444,5,3,0,0,0,0,1,6,7,4,0,0,0,0,1,4,2,3,0,0,,,,,,
4311154500,충청북도 청주시상당구 성안동,2025090412,36.6295694444444,127.493530555555,5,3,0,0,0,0,1,6,7,4,0,0,0,0,1,4,2,3,0,0,,,,,,
4311162000,충청북도 청주시상당구 탑대성동,2025090412,36.6302805555555,127.498966666666,5,3,0,0,0,0,1,6,7,4,0,0,0,0,1,4,2,3,0,0,,,,,,
4311167000,충청북도 청주시상당구 영운동,2025090412,36.6151416666666,127.500997222222,5,3,0,0,0,0,1,6,7,4,0,0,0,0,1,3,4,3,0,0,,,,,,
4311168000,충청북도 청주시상당구 금천동,2025090412,36.6216083333333,127.501444444444,5,3,0,0,0,0,1,6,7,4,0,0,0,0,1,3,4,3,0,0,,,,,,
4311169000,충청북도 청주시상당구 용담.명암.산성동,2025090412,36.632225,127.505719444444,5,3,0,0,0,0,1,6,7,4,0,0,0,0,1,4,2,3,0,0,,,,,,
4311172000,충청북도 청주시상당구 용암1동,2025090412,36.6058888888888,127.503411111111,5,3,0,0,0,0,1,6,7,4,0,0,0,0,1,3,4,3,0,0,,,,,,
4311173000,충청북도 청주시상당구 용암2동,2025090412,36.6041416666666,127.510163888888,5,3,0,0,0,0,1,6,7,4,0,0,0,0,1,3,4,3,0,0,,,,,,
4311200000,충청북도 청주시서원구,2025090412,36.6372611111111,127.483288888888,5,3,0,0,0,0,1,6,7,4,0,0,0,0,1,4,2,3,0,0,,,,,,
4311231000,충청북도 청주시서원구 남이면,2025090412,36.5575055555555,127.435841666666,4,3,0,0,0,0,1,6,7,4,0,0,0,0,1,4,4,3,0,0,,,,,,
4311232000,충청북도 청주시서원구 현도면,2025090412,36.4836138888888,127.426241666666,4,3,0,0,0,0,1,6,7,4,0,0,0,0,1,4,2,3,0,0,,,,,,
4311251000,충청북도 청주시서원구 사직1동,2025090412,36.6372611111111,127.483288888888,5,3,0,0,0,0,1,6,7,4,0,0,0,0,1,4,2,3,0,0,,,,,,
4311252000,충청북도 청주시서원구 사직2동,2025090412,36.6287694444444,127.475841666666,5,3,0,0,0,0,1,6,7,4,0,0,0,0,1,3,4,3,0,0,,,,,,
4311253000,충청북도 청주시서원구 사창동,2025090412,36.6306722222222,127.460944444444,5,3,0,0,0,0,1,6,7,4,0,0,0,0,1,3,2,3,0,0,,,,,,
4311254000,충청북도 청주시서원구 모충동,2025090412,36.6248055555555,127.478977777777,5,3,0,0,0,0,1,6,7,4,0,0,0,0,1,3,4,3,0,0,,,,,,
4311255000,충청북도 청주시서원구 산남동,2025090412,36.6072777777777,127.480686111111,5,3,0,0,0,0,1,6,7,4,0,0,0,0,1,3,4,3,0,0,,,,,,
4311256000,충청북도 청주시서원구 분평동,2025090412,36.605825,127.490686111111,5,3,0,0,0,0,1,6,7,4,0,0,0,0,1,3,4,3,0,0,,,,,,
4311257000,충청북도 청주시서원구 수곡1동,2025090412,36.615375,127.482108333333,5,3,0,0,0,0,1,6,7,4,0,0,0,0,1,3,4,3,0,0,,,,,,
4311258000,충청북도 청주시서원구 수곡2동,2025090412,36.6144277777777,127.474197222222,5,3,0,0,0,0,1,6,7,4,0,0,0,0,1,3,4,3,0,0,,,,,,
4311259000,충청북도 청주시서원구 성화.개신.죽림동,2025090412,36.6141666666666,127.450088888888,5,3,0,0,0,0,1,6,7,4,0,0,0,0,1,3,4,3,0,0,,,,,,
4311300000,충청북도 청주시흥덕구,2025090412,36.6182,127.359419444444,5,3,0,0,0,0,1,5,7,4,0,0,0,0,1,3,4,3,0,0,,,,,,
4311325000,충청북도 청주시흥덕구 오송읍,2025090412,36.6063138888888,127.326722222222,5,3,0,0,0,0,1,5,7,4,0,0,0,0,1,3,4,3,0,0,,,,,,
4311331000,충청북도 청주시흥덕구 강내면,2025090412,36.6182,127.359419444444,5,3,0,0,0,0,1,5,7,4,0,0,0,0,1,3,4,3,0,0,,,,,,
4311332000,충청북도 청주시흥덕구 옥산면,2025090412,36.6616861111111,127.377752777777,5,3,0,0,0,0,1,6,7,4,0,0,0,0,1,3,2,3,0,0,,,,,,
4311370000,충청북도 청주시흥덕구 운천.신봉동,2025090412,36.6450194444444,127.478797222222,5,3,0,0,0,0,1,6,7,4,0,0,0,0,1,4,2,3,0,0,,,,,,
4311374100,충청북도 청주시흥덕구 복대1동,2025090412,36.6326055555555,127.434730555555,5,3,0,0,0,0,1,6,7,4,0,0,0,0,1,3,2,3,0,0,,,,,,
4311374200,충청북도 청주시흥덕구 복대2동,2025090412,36.6232916666666,127.445955555555,5,3,0,0,0,0,1,6,7,4,0,0,0,0,1,3,4,3,0,0,,,,,,
4311374700,충청북도 청주시흥덕구 가경동,2025090412,36.6259388888888,127.435097222222,5,3,0,0,0,0,1,6,7,4,0,0,0,0,1,3,4,3,0,0,,,,,,
4311375100,충청북도 청주시흥덕구 봉명1동,2025090412,36.6374166666666,127.461566666666,5,3,0,0,0,0,1,6,7,4,0,0,0,0,1,3,2,3,0,0,,,,,,
4311375600,충청북도 청주시흥덕구 봉명2.송정동,2025090412,36.6417833333333,127.459955555555,5,3,0,0,0,0,1,6,7,4,0,0,0,0,1,3,2,3,0,0,,,,,,
4311376000,충청북도 청주시흥덕구 강서제1동,2025090412,36.6237777777777,127.427833333333,5,3,0,0,0,0,1,6,7,4,0,0,0,0,1,3,4,3,0,0,,,,,,
4311377000,충청북도 청주시흥덕구 강서제2동,2025090412,36.6585277777777,127.430422222222,5,3,0,0,0,0,1,6,7,4,0,0,0,0,1,3,2,3,0,0,,,,,,
4311400000,충청북도 청주시청원구,2025090412,36.6443055555555,127.487663888888,5,3,0,0,0,0,1,6,7,4,0,0,0,0,1,4,2,3,0,0,,,,,,
4311425000,충청북도 청주시청원구 내수읍,2025090412,36.7208944444444,127.537777777777,5,3,0,0,0,0,1,6,7,4,0,0,0,0,1,4,5,3,0,0,,,,,,
4311425300,충청북도 청주시청원구 오창읍,2025090412,36.7394305555555,127.456688888888,5,3,0,0,0,0,1,5,7,4,0,0,0,0,1,4,5,3,0,0,,,,,,
4311431000,충청북도 청주시청원구 북이면,2025090412,36.7365833333333,127.5444,5,3,0,0,0,0,1,6,7,4,0,0,0,0,1,4,5,3,0,0,,,,,,
4311451000,충청북도 청주시청원구 우암동,2025090412,36.6443055555555,127.487663888888,5,3,0,0,0,0,1,6,7,4,0,0,0,0,1,4,2,3,0,0,,,,,,
4311452000,충청북도 청주시청원구 내덕1동,2025090412,36.6553694444444,127.484852777777,5,3,0,0,0,0,1,6,7,4,0,0,0,0,1,4,2,3,0,0,,,,,,
4311453000,충청북도 청주시청원구 내덕2동,2025090412,36.6544916666666,127.494288888888,5,3,0,0,0,0,1,6,7,4,0,0,0,0,1,4,2,3,0,0,,,,,,
4311454000,충청북도 청주시청원구 율량.사천동,2025090412,36.6637083333333,127.492530555555,5,3,0,0,0,0,1,6,7,4,0,0,0,0,1,4,2,3,0,0,,,,,,
4311455000,충청북도 청주시청원구 오근장동,2025090412,36.6912972222222,127.483308333333,5,3,0,0,0,0,1,6,7,4,0,0,0,0,1,4,2,3,0,0,,,,,,
4313000000,충청북도 충주시,2025090412,36.9881805555555,127.928144444444,5,3,0,0,0,0,1,6,7,4,0,0,0,0,1,4,5,2,0,0,,,,,,
4313025000,충청북도 충주시 주덕읍,2025090412,36.9727694444444,127.797733333333,5,3,0,0,0,0,1,6,8,4,0,0,0,0,1,4,5,2,0,0,,,,,,
4313031000,충청북도 충주시 살미면,2025090412,36.9024,127.9666,5,3,0,0,0,0,1,6,7,4,0,0,0,0,1,4,5,1,0,0,,,,,,
4313032500,충청북도 충주시 수안보면,2025090412,36.8443527777777,127.997,5,3,0,0,0,0,1,6,7,4,0,0,0,0,1,4,5,2,0,0,,,,,,
4313033500,충청북도 충주시 대소원면,2025090412,36.9749333333333,127.820122222222,5,3,0,0,0,0,1,6,7,4,0,0,0,0,1,4,5,2,0,0,,,,,,
4313035000,충청북도 충주시 신니면,2025090412,36.9929027777777,127.7387,5,3,0,0,0,0,1,5,8,4,0,0,0,0,1,4,5,2,0,0,,,,,,
4313036000,충청북도 충주시 노은면,2025090412,37.0452722222222,127.756344444444,5,3,0,0,0,0,1,7,8,4,0,0,0,0,1,4,4,2,0,0,,,,,,
4313037000,충청북도 충주시 앙성면,2025090412,37.1047694444444,127.755022222222,5,3,0,0,0,0,1,7,8,4,0,0,0,0,1,4,4,2,0,0,,,,,,
4313038500,충청북도 충주시 중앙탑면,2025090412,37.0261166666666,127.859188888888,5,3,0,0,0,0,1,7,8,4,0,0,0,0,1,4,5,2,0,0,,,,,,
4313039000,충청북도 충주시 금가면,2025090412,37.0401777777777,127.926633333333,5,3,0,0,0,0,1,7,7,4,0,0,0,0,1,4,5,2,0,0,,,,,,
4313040000,충청북도 충주시 동량면,2025090412,37.0233805555555,127.965333333333,5,3,0,0,0,0,1,6,7,4,0,0,0,0,1,4,5,2,0,0,,,,,,
4313041000,충청북도 충주시 산척면,2025090412,37.073675,127.960319444444,5,3,0,0,0,0,1,7,7,4,0,0,0,0,1,4,5,1,0,0,,,,,,
4313042000,충청북도 충주시 엄정면,2025090412,37.0836583333333,127.917263888888,5,3,0,0,0,0,1,7,7,4,0,0,0,0,1,4,5,2,0,0,,,,,,
4313053500,충청북도 충주시 교현.안림동,2025090412,36.9719388888888,127.937466666666,5,3,0,0,0,0,1,6,7,4,0,0,0,0,1,4,5,1,0,0,,,,,,
4313056000,충청북도 충주시 지현동,2025090412,36.9653666666666,127.934811111111,5,3,0,0,0,0,1,6,7,4,0,0,0,0,1,4,5,1,0,0,,,,,,
4313060500,충청북도 충주시 달천동,2025090412,36.9447777777777,127.903288888888,5,3,0,0,0,0,1,6,7,4,0,0,0,0,1,4,5,2,0,0,,,,,,
4313061000,충청북도 충주시 봉방동,2025090412,36.9715111111111,127.918455555555,5,3,0,0,0,0,1,6,7,4,0,0,0,0,1,4,5,2,0,0,,,,,,
4313062500,충청북도 충주시 칠금.금릉동,2025090412,36.9791444444444,127.921233333333,5,3,0,0,0,0,1,6,7,4,0,0,0,0,1,4,5,2,0,0,,,,,,
4313063000,충청북도 충주시 연수동,2025090412,36.9834416666666,127.936175,5,3,0,0,0,0,1,6,7,4,0,0,0,0,1,4,5,1,0,0,,,,,,
4313064000,충청북도 충주시 목행.용탄동,2025090412,37.0087,127.919188888888,5,3,0,0,0,0,1,6,7,4,0,0,0,0,1,4,5,2,0,0,,,,,,
4315000000,충청북도 제천시,2025090412,37.1297694444444,128.193152777777,4,3,0,0,0,0,1,7,7,4,0,0,0,0,1,4,5,1,0,0,,,,,,
4315025000,충청북도 제천시 봉양읍,2025090412,37.1298027777777,128.123877777777,4,3,0,0,0,0,1,6,7,4,0,0,0,0,1,3,5,1,0,0,,,,,,
4315032000,충청북도 제천시 청풍면,2025090412,36.9976166666666,128.170374999999,4,3,0,0,0,0,1,6,7,4,0,0,0,0,1,4,5,3,0,0,,,,,,
4315034000,충청북도 제천시 덕산면,2025090412,36.9091527777777,128.1666,4,3,0,0,0,0,1,6,7,4,0,0,0,0,1,4,5,3,0,0,,,,,,
4315035000,충청북도 제천시 한수면,2025090412,36.8822333333333,128.083977777777,5,3,0,0,0,0,1,6,7,4,0,0,0,0,1,4,5,3,0,0,,,,,,
4315036000,충청북도 제천시 백운면,2025090412,37.1349666666666,128.028022222222,4,3,0,0,0,0,1,7,7,4,0,0,0,0,1,4,2,1,0,0,,,,,,
4315038000,충청북도 제천시 송학면,2025090412,37.1820944444444,128.263208333333,4,3,0,0,0,0,1,7,7,4,0,0,0,0,1,4,2,1,0,0,,,,,,
4315051000,충청북도 제천시 교동,2025090412,37.1390833333333,128.217686111111,4,3,0,0,0,0,1,7,7,4,0,0,0,0,1,4,5,1,0,0,,,,,,
4315051800,충청북도 제천시 의림지동,2025090412,37.16210172,128.2151167,4,3,0,0,0,0,1,7,7,4,0,0,0,0,1,4,5,1,0,0,,,,,,
4315056000,충청북도 제천시 용두동,2025090412,37.1390666666666,128.202744444444,4,3,0,0,0,0,1,7,7,4,0,0,0,0,1,4,5,1,0,0,,,,,,
4315057700,충청북도 제천시 신백동,2025090412,37.12838305,128.2232542,4,3,0,0,0,0,1,7,7,4,0,0,0,0,1,4,2,1,0,0,,,,,,
4372000000,충청북도 보은군,2025090412,36.4865333333333,127.731608333333,4,3,0,0,0,0,1,6,7,4,0,0,0,0,1,4,2,2,0,0,,,,,,
4372025000,충청북도 보은군 보은읍,2025090412,36.4805583333333,127.719052777777,4,3,0,0,0,0,1,6,7,4,0,0,0,0,1,4,2,2,0,0,,,,,,
4372031500,충청북도 보은군 속리산면,2025090412,36.5092111111111,127.812488888888,4,3,0,0,0,0,1,6,7,4,0,0,0,0,1,4,2,2,0,0,,,,,,
4372032500,충청북도 보은군 장안면,2025090412,36.4667888888888,127.790897222222,4,3,0,0,0,0,1,6,7,4,0,0,0,0,1,4,2,2,0,0,,,,,,
4372033000,충청북도 보은군 마로면,2025090412,36.4328333333333,127.822644444444,6,3,0,0,0,0,1,6,7,4,0,0,0,0,1,4,5,2,0,0,,,,,,
4372034000,충청북도 보은군 탄부면,2025090412,36.4277472222222,127.798111111111,4,3,0,0,0,0,1,6,7,4,0,0,0,0,1,4,5,2,0,0,,,,,,
4372038500,충청북도 보은군 회인면,2025090412,36.4919388888888,127.598666666666,4,3,0,0,0,0,1,6,7,4,0,0,0,0,1,4,2,3,0,0,,,,,,
4372039000,충청북도 보은군 내북면,2025090412,36.5749944444444,127.666222222222,4,3,0,0,0,0,1,6,7,4,0,0,0,0,1,4,2,3,0,0,,,,,,
4372040000,충청북도 보은군 산외면,2025090412,36.5490638888888,127.734763888888,4,3,0,0,0,0,1,6,7,4,0,0,0,0,1,4,2,2,0,0,,,,,,
4373000000,충청북도 옥천군,2025090412,36.3035499999999,127.573633333333,5,3,0,0,0,0,1,6,7,4,0,0,0,0,1,4,2,1,0,0,,,,,,
4373025000,충청북도 옥천군 옥천읍,2025090412,36.3044333333333,127.577088888888,5,3,0,0,0,0,1,6,7,4,0,0,0,0,1,4,2,1,0,0,,,,,,
4373031000,충청북도 옥천군 동이면,2025090412,36.2808694444444,127.622522222222,5,3,0,0,0,0,1,6,7,4,0,0,0,0,1,4,2,1,0,0,,,,,,
4373032000,충청북도 옥천군 안남면,2025090412,36.3532861111111,127.674966666666,5,3,0,0,0,0,1,6,7,4,0,0,0,0,1,4,2,2,0,0,,,,,,
4373033000,충청북도 옥천군 안내면,2025090412,36.3915333333333,127.664075,5,3,0,0,0,0,1,6,7,4,0,0,0,0,1,4,2,2,0,0,,,,,,
4373034000,충청북도 옥천군 청성면,2025090412,36.3247361111111,127.761986111111,5,3,0,0,0,0,1,6,7,4,0,0,0,0,1,4,5,2,0,0,,,,,,
4373035000,충청북도 옥천군 청산면,2025090412,36.3434638888888,127.794086111111,5,3,0,0,0,0,1,6,7,4,0,0,0,0,1,4,5,2,0,0,,,,,,
4373036000,충청북도 옥천군 이원면,2025090412,36.2432722222222,127.621622222222,6,3,0,0,0,0,1,6,7,4,0,0,0,0,1,4,2,1,0,0,,,,,,
4373037000,충청북도 옥천군 군서면,2025090412,36.2767194444444,127.529575,4,3,0,0,0,0,1,6,7,4,0,0,0,0,1,4,2,1,0,0,,,,,,
4373038000,충청북도 옥천군 군북면,2025090412,36.3271805555555,127.536622222222,4,3,0,0,0,0,1,6,7,4,0,0,0,0,1,4,2,2,0,0,,,,,,
4374000000,충청북도 영동군,2025090412,36.1720583333333,127.785611111111,7,4,0,0,0,0,1,6,7,4,0,0,0,0,1,4,5,1,0,0,,,,,,
4374025000,충청북도 영동군 영동읍,2025090412,36.1683083333333,127.778119444444,7,4,0,0,0,0,1,6,7,4,0,0,0,0,1,4,5,1,0,0,,,,,,
4374031000,충청북도 영동군 용산면,2025090412,36.2567666666666,127.831655555555,7,4,0,0,0,0,1,6,7,4,0,0,0,0,1,4,5,1,0,0,,,,,,
4374032000,충청북도 영동군 황간면,2025090412,36.2254388888888,127.912686111111,7,5,0,0,0,0,1,6,7,4,0,0,0,0,1,4,5,1,0,0,,,,,,
4374033500,충청북도 영동군 추풍령면,2025090412,36.2116333333333,128.000875,7,3,0,0,0,0,1,6,7,4,0,0,0,0,1,4,5,3,0,0,,,,,,
4374034000,충청북도 영동군 매곡면,2025090412,36.1879222222222,127.934330555555,7,5,0,0,0,0,1,6,7,4,0,0,0,0,1,4,5,1,0,0,,,,,,
4374035000,충청북도 영동군 상촌면,2025090412,36.1458861111111,127.916397222222,7,5,0,0,0,0,1,6,7,4,0,0,0,0,1,4,5,1,0,0,,,,,,
4374036000,충청북도 영동군 양강면,2025090412,36.1494722222222,127.753111111111,7,4,0,0,0,0,1,6,7,4,0,0,0,0,1,4,7,1,0,0,,,,,,
4374037000,충청북도 영동군 용화면,2025090412,36.0178305555555,127.769297222222,7,5,0,0,0,0,1,6,7,4,0,0,0,0,1,4,7,1,0,0,,,,,,
4374038000,충청북도 영동군 학산면,2025090412,36.0964361111111,127.687066666666,7,4,0,0,0,0,1,6,7,4,0,0,0,0,1,4,5,1,0,0,,,,,,
4374039000,충청북도 영동군 양산면,2025090412,36.1192972222222,127.671222222222,6,3,0,0,0,0,1,6,7,4,0,0,0,0,1,6,7,1,0,0,,,,,,
4374040000,충청북도 영동군 심천면,2025090412,36.2352,127.723463888888,5,3,0,0,0,0,1,6,7,4,0,0,0,0,1,4,5,1,0,0,,,,,,
4374500000,충청북도 증평군,2025090412,36.7821805555555,127.583288888888,5,3,0,0,0,0,1,6,7,4,0,0,0,0,1,4,5,1,0,0,,,,,,
4374525000,충청북도 증평군 증평읍,2025090412,36.7825555555555,127.583708333333,5,3,0,0,0,0,1,6,7,4,0,0,0,0,1,4,5,1,0,0,,,,,,
4374531000,충청북도 증평군 도안면,2025090412,36.8104472222222,127.615063888888,5,3,0,0,0,0,1,6,7,4,0,0,0,0,1,4,5,1,0,0,,,,,,
4375000000,충청북도 진천군,2025090412,36.8525388888888,127.437644444444,5,3,0,0,0,0,1,5,8,4,0,0,0,0,1,4,5,2,0,0,,,,,,
4375025000,충청북도 진천군 진천읍,2025090412,36.8520166666666,127.443411111111,5,3,0,0,0,0,1,5,8,4,0,0,0,0,1,4,5,2,0,0,,,,,,
4375025300,충청북도 진천군 덕산읍,2025090412,36.9109055555555,127.511397222222,5,3,0,0,0,0,1,5,8,4,0,0,0,0,1,4,2,2,0,0,,,,,,
4375032000,충청북도 진천군 초평면,2025090412,36.8430416666666,127.528530555555,5,3,0,0,0,0,1,5,8,4,0,0,0,0,1,4,5,2,0,0,,,,,,
4375033000,충청북도 진천군 문백면,2025090412,36.7814416666666,127.439555555555,5,3,0,0,0,0,1,5,8,4,0,0,0,0,1,4,5,2,0,0,,,,,,
4375034000,충청북도 진천군 백곡면,2025090412,36.8810472222222,127.378952777777,5,3,0,0,0,0,1,5,8,4,0,0,0,0,1,4,2,1,0,0,,,,,,
4375035000,충청북도 진천군 이월면,2025090412,36.9226666666666,127.430611111111,5,3,0,0,0,0,1,5,8,4,0,0,0,0,1,4,2,1,0,0,,,,,,
4375037000,충청북도 진천군 광혜원면,2025090412,36.9905138888888,127.4378,5,3,0,0,0,0,1,5,8,4,0,0,0,0,1,4,2,1,0,0,,,,,,
4376000000,충청북도 괴산군,2025090412,36.8124305555555,127.788830555555,5,3,0,0,0,0,1,6,7,4,0,0,0,0,1,4,4,2,0,0,,,,,,
4376025000,충청북도 괴산군 괴산읍,2025090412,36.8088666666666,127.793077777777,5,3,0,0,0,0,1,6,7,4,0,0,0,0,1,4,4,2,0,0,,,,,,
4376031000,충청북도 괴산군 감물면,2025090412,36.8338111111111,127.877108333333,5,3,0,0,0,0,1,6,7,4,0,0,0,0,1,4,5,2,0,0,,,,,,
4376032000,충청북도 괴산군 장연면,2025090412,36.8213138888888,127.957386111111,5,3,0,0,0,0,1,6,7,4,0,0,0,0,1,4,4,2,0,0,,,,,,
4376033000,충청북도 괴산군 연풍면,2025090412,36.7635638888888,128.002833333333,4,3,0,0,0,0,1,6,7,4,0,0,0,0,1,4,5,2,0,0,,,,,,
4376034000,충청북도 괴산군 칠성면,2025090412,36.7850611111111,127.866188888888,4,3,0,0,0,0,1,6,7,4,0,0,0,0,1,4,4,2,0,0,,,,,,
4376035000,충청북도 괴산군 문광면,2025090412,36.7869638888888,127.787197222222,5,3,0,0,0,0,1,6,7,4,0,0,0,0,1,4,4,2,0,0,,,,,,
4376036000,충청북도 괴산군 청천면,2025090412,36.6575388888888,127.739486111111,4,3,0,0,0,0,1,6,7,4,0,0,0,0,1,4,4,3,0,0,,,,,,
4376037000,충청북도 괴산군 청안면,2025090412,36.7690888888888,127.641797222222,5,3,0,0,0,0,1,6,7,4,0,0,0,0,1,4,5,2,0,0,,,,,,
4376039000,충청북도 괴산군 사리면,2025090412,36.8140666666666,127.650855555555,5,3,0,0,0,0,1,6,7,4,0,0,0,0,1,4,5,2,0,0,,,,,,
4376040000,충청북도 괴산군 소수면,2025090412,36.8528527777777,127.747066666666,5,3,0,0,0,0,1,6,7,4,0,0,0,0,1,4,4,2,0,0,,,,,,
4376041000,충청북도 괴산군 불정면,2025090412,36.8694722222222,127.856377777777,5,3,0,0,0,0,1,6,7,4,0,0,0,0,1,4,5,2,0,0,,,,,,
4377000000,충청북도 음성군,2025090412,36.9374055555555,127.692622222222,5,3,0,0,0,0,1,6,8,4,0,0,0,0,1,4,4,2,0,0,,,,,,
4377025000,충청북도 음성군 음성읍,2025090412,36.9320361111111,127.692777777777,5,3,0,0,0,0,1,6,8,4,0,0,0,0,1,4,4,2,0,0,,,,,,
4377025300,충청북도 음성군 금왕읍,2025090412,36.9892416666666,127.600286111111,5,3,0,0,0,0,1,5,8,4,0,0,0,0,1,4,4,2,0,0,,,,,,
4377032000,충청북도 음성군 원남면,2025090412,36.8725888888888,127.651011111111,5,3,0,0,0,0,1,6,7,4,0,0,0,0,1,4,5,2,0,0,,,,,,
4377033000,충청북도 음성군 맹동면,2025090412,36.9272222222222,127.5649,5,3,0,0,0,0,1,5,8,4,0,0,0,0,1,4,2,2,0,0,,,,,,
4377034000,충청북도 음성군 대소면,2025090412,36.9691083333333,127.485488888888,5,3,0,0,0,0,1,5,8,4,0,0,0,0,1,4,2,2,0,0,,,,,,
4377035000,충청북도 음성군 삼성면,2025090412,37.0154861111111,127.497222222222,5,3,0,0,0,0,1,5,8,4,0,0,0,0,1,4,4,2,0,0,,,,,,
4377036000,충청북도 음성군 생극면,2025090412,37.0317055555555,127.608977777777,5,3,0,0,0,0,1,5,8,4,0,0,0,0,1,4,4,2,0,0,,,,,,
4377037000,충청북도 음성군 감곡면,2025090412,37.1094833333333,127.645666666666,5,3,0,0,0,0,1,5,8,4,0,0,0,0,1,4,4,2,0,0,,,,,,
4380000000,충청북도 단양군,2025090412,36.9817805555555,128.367841666666,4,3,0,0,0,0,1,6,7,4,0,0,0,0,1,4,5,3,0,0,,,,,,
4380025000,충청북도 단양군 단양읍,2025090412,36.9836638888888,128.370355555555,4,3,0,0,0,0,1,6,7,4,0,0,0,0,1,4,5,3,0,0,,,,,,
4380025300,충청북도 단양군 매포읍,2025090412,37.0294583333333,128.305611111111,4,3,0,0,0,0,1,6,7,4,0,0,0,0,1,4,5,3,0,0,,,,,,
4380031000,충청북도 단양군 대강면,2025090412,36.9194194444444,128.354344444444,4,2,0,0,0,0,1,6,7,4,0,0,0,0,1,4,5,1,0,0,,,,,,
4380033000,충청북도 단양군 영춘면,2025090412,37.0758444444444,128.489597222222,4,3,0,0,0,0,1,7,7,4,0,0,0,0,1,4,5,1,0,0,,,,,,
4380034000,충청북도 단양군 어상천면,2025090412,37.0994305555555,128.361019444444,4,3,0,0,0,0,1,7,7,4,0,0,0,0,1,4,5,3,0,0,,,,,,
4380035000,충청북도 단양군 적성면,2025090412,36.95785,128.295122222222,4,3,0,0,0,0,1,6,7,4,0,0,0,0,1,4,5,3,0,0,,,,,,
4380036000,충청북도 단양군 단성면,2025090412,36.9342583333333,128.325652777777,4,2,0,0,0,0,1,6,7,4,0,0,0,0,1,4,5,1,0,0,,,,,,
4400000000,충청남도,2025090412,36.6588148937733,126.672797505435,4,3,0,0,0,0,1,6,7,1,0,0,0,0,1,4,2,3,0,0,,,,,,
4413100000,충청남도 천안시동남구,2025090412,36.804125,127.152466666666,5,3,0,0,0,0,1,5,8,4,0,0,0,0,1,3,5,3,0,0,,,,,,
4413125000,충청남도 천안시동남구 목천읍,2025090412,36.7821527777777,127.236863888888,5,3,0,0,0,0,1,5,7,4,0,0,0,0,1,3,5,2,0,0,,,,,,
4413131000,충청남도 천안시동남구 풍세면,2025090412,36.7193055555555,127.120822222222,5,3,0,0,0,0,1,5,7,4,0,0,0,0,1,3,5,3,0,0,,,,,,
4413132000,충청남도 천안시동남구 광덕면,2025090412,36.6958,127.113322222222,5,3,0,0,0,0,1,5,8,4,0,0,0,0,1,4,5,3,0,0,,,,,,
4413133000,충청남도 천안시동남구 북면,2025090412,36.8245833333333,127.275355555555,5,3,0,0,0,0,1,5,8,4,0,0,0,0,1,3,2,1,0,0,,,,,,
4413134000,충청남도 천안시동남구 성남면,2025090412,36.73955,127.239019444444,5,3,0,0,0,0,1,5,7,4,0,0,0,0,1,3,5,2,0,0,,,,,,
4413136000,충청남도 천안시동남구 병천면,2025090412,36.7636138888888,127.304730555555,5,3,0,0,0,0,1,5,7,4,0,0,0,0,1,3,5,2,0,0,,,,,,
4413137000,충청남도 천안시동남구 동면,2025090412,36.7733027777777,127.346444444444,5,3,0,0,0,0,1,5,7,4,0,0,0,0,1,3,5,2,0,0,,,,,,
4413151000,충청남도 천안시동남구 중앙동,2025090412,36.7971666666666,127.154697222222,5,3,0,0,0,0,1,5,8,4,0,0,0,0,1,3,5,3,0,0,,,,,,
4413152000,충청남도 천안시동남구 문성동,2025090412,36.8113472222222,127.154255555555,5,3,0,0,0,0,1,5,8,4,0,0,0,0,1,3,5,3,0,0,,,,,,
4413153000,충청남도 천안시동남구 원성1동,2025090412,36.8089166666666,127.165,5,3,0,0,0,0,1,5,8,4,0,0,0,0,1,3,5,3,0,0,,,,,,
4413154000,충청남도 천안시동남구 원성2동,2025090412,36.7985694444444,127.162975,5,3,0,0,0,0,1,5,8,4,0,0,0,0,1,3,5,3,0,0,,,,,,
4413155000,충청남도 천안시동남구 봉명동,2025090412,36.8028944444444,127.141552777777,5,3,0,0,0,0,1,5,8,4,0,0,0,0,1,3,5,3,0,0,,,,,,
4413156000,충청남도 천안시동남구 일봉동,2025090412,36.7981111111111,127.144041666666,5,3,0,0,0,0,1,5,8,4,0,0,0,0,1,3,5,3,0,0,,,,,,
4413157000,충청남도 천안시동남구 신방동,2025090412,36.78515,127.122366666666,5,3,0,0,0,0,1,6,8,4,0,0,0,0,1,3,5,3,0,0,,,,,,
4413158000,충청남도 천안시동남구 청룡동,2025090412,36.7927027777777,127.160244444444,5,3,0,0,0,0,1,5,8,4,0,0,0,0,1,3,5,3,0,0,,,,,,
4413159000,충청남도 천안시동남구 신안동,2025090412,36.8155583333333,127.159711111111,5,3,0,0,0,0,1,5,8,4,0,0,0,0,1,3,5,3,0,0,,,,,,
4413300000,충청남도 천안시서북구,2025090412,36.8755583333333,127.157197222222,5,3,0,0,0,0,1,5,8,4,0,0,0,0,1,4,2,1,0,0,,,,,,
4413325000,충청남도 천안시서북구 성환읍,2025090412,36.9154027777777,127.136466666666,5,3,0,0,0,0,1,5,8,4,0,0,0,0,1,3,5,3,0,0,,,,,,
4413325300,충청남도 천안시서북구 성거읍,2025090412,36.8751333333333,127.201188888888,5,3,0,0,0,0,1,5,8,4,0,0,0,0,1,3,2,3,0,0,,,,,,
4413325600,충청남도 천안시서북구 직산읍,2025090412,36.875825,127.152663888888,5,3,0,0,0,0,1,5,8,4,0,0,0,0,1,4,2,1,0,0,,,,,,
4413331000,충청남도 천안시서북구 입장면,2025090412,36.9099777777777,127.223519444444,5,3,0,0,0,0,1,5,8,4,0,0,0,0,1,3,2,3,0,0,,,,,,
4413351000,충청남도 천안시서북구 성정1동,2025090412,36.8121805555555,127.145063888888,5,3,0,0,0,0,1,5,8,4,0,0,0,0,1,3,5,3,0,0,,,,,,
4413352000,충청남도 천안시서북구 성정2동,2025090412,36.8207777777777,127.139486111111,5,3,0,0,0,0,1,5,8,4,0,0,0,0,1,3,5,3,0,0,,,,,,
4413353000,충청남도 천안시서북구 쌍용1동,2025090412,36.80115,127.132622222222,5,3,0,0,0,0,1,5,8,4,0,0,0,0,1,3,5,3,0,0,,,,,,
4413354000,충청남도 천안시서북구 쌍용2동,2025090412,36.7933777777777,127.125286111111,5,3,0,0,0,0,1,5,8,4,0,0,0,0,1,3,5,3,0,0,,,,,,
4413355000,충청남도 천안시서북구 쌍용3동,2025090412,36.8000277777777,127.121263888888,5,3,0,0,0,0,1,6,8,4,0,0,0,0,1,3,5,3,0,0,,,,,,
4413356000,충청남도 천안시서북구 백석동,2025090412,36.8168444444444,127.117577777777,5,3,0,0,0,0,1,6,8,4,0,0,0,0,1,4,5,3,0,0,,,,,,
4413356600,충청남도 천안시서북구 불당1동,2025090412,36.8059330591352,127.113716341782,5,3,0,0,0,0,1,6,8,4,0,0,0,0,1,4,5,3,0,0,,,,,,
4413356700,충청남도 천안시서북구 불당2동,2025090412,36.8172939950002,127.108700881139,5,3,0,0,0,0,1,6,8,4,0,0,0,0,1,4,5,3,0,0,,,,,,
4413358000,충청남도 천안시서북구 부성1동,2025090412,36.8427561,127.1522345,5,3,0,0,0,0,1,5,8,4,0,0,0,0,1,3,5,3,0,0,,,,,,
4413359000,충청남도 천안시서북구 부성2동,2025090412,36.837336,127.13792,5,3,0,0,0,0,1,5,8,4,0,0,0,0,1,3,5,3,0,0,,,,,,
4415000000,충청남도 공주시,2025090412,36.4436138888888,127.121119444444,5,3,0,0,0,0,1,7,8,4,0,0,0,0,1,3,4,3,0,0,,,,,,
4415025000,충청남도 공주시 유구읍,2025090412,36.5499249999999,126.952541666666,5,3,0,0,0,0,1,7,8,4,0,0,0,0,1,3,5,3,0,0,,,,,,
4415031000,충청남도 공주시 이인면,2025090412,36.3590333333333,127.065355555555,5,3,0,0,0,0,1,7,8,4,0,0,0,0,1,3,4,3,0,0,,,,,,
4415032000,충청남도 공주시 탄천면,2025090412,36.3271055555555,127.032277777777,5,3,0,0,0,0,1,7,8,4,0,0,0,0,1,3,2,2,0,0,,,,,,
4415033000,충청남도 공주시 계룡면,2025090412,36.3573805555555,127.143763888888,5,3,0,0,0,0,1,7,8,1,0,0,0,0,1,3,2,3,0,0,,,,,,
4415034000,충청남도 공주시 반포면,2025090412,36.3939777777777,127.252333333333,4,3,0,0,0,0,1,7,8,4,0,0,0,0,1,4,2,3,0,0,,,,,,
4415036000,충청남도 공주시 의당면,2025090412,36.4966027777777,127.143388888888,5,3,0,0,0,0,1,7,8,4,0,0,0,0,1,4,4,3,0,0,,,,,,
4415037000,충청남도 공주시 정안면,2025090412,36.6058027777777,127.122366666666,5,3,0,0,0,0,1,5,7,4,0,0,0,0,1,3,5,3,0,0,,,,,,
4415038000,충청남도 공주시 우성면,2025090412,36.4680083333333,127.051886111111,5,3,0,0,0,0,1,7,8,4,0,0,0,0,1,3,5,2,0,0,,,,,,
4415039000,충청남도 공주시 사곡면,2025090412,36.499275,127.0275,5,3,0,0,0,0,1,7,8,4,0,0,0,0,1,3,5,2,0,0,,,,,,
4415040000,충청남도 공주시 신풍면,2025090412,36.5117833333333,126.957663888888,5,3,0,0,0,0,1,7,8,4,0,0,0,0,1,3,5,2,0,0,,,,,,
4415051000,충청남도 공주시 중학동,2025090412,36.4495611111111,127.123952777777,5,3,0,0,0,0,1,7,8,4,0,0,0,0,1,3,4,3,0,0,,,,,,
4415054000,충청남도 공주시 웅진동,2025090412,36.4557138888888,127.122130555555,5,3,0,0,0,0,1,7,8,4,0,0,0,0,1,3,4,3,0,0,,,,,,
4415055000,충청남도 공주시 금학동,2025090412,36.4359138888888,127.1215,5,3,0,0,0,0,1,7,8,4,0,0,0,0,1,3,4,3,0,0,,,,,,
4415056000,충청남도 공주시 옥룡동,2025090412,36.4545527777777,127.139386111111,5,3,0,0,0,0,1,7,8,4,0,0,0,0,1,3,4,3,0,0,,,,,,
4415057000,충청남도 공주시 신관동,2025090412,36.4693166666666,127.134777777777,5,3,0,0,0,0,1,7,8,4,0,0,0,0,1,3,4,3,0,0,,,,,,
4415059000,충청남도 공주시 월송동,2025090412,36.471329,127.154963,5,3,0,0,0,0,1,7,8,4,0,0,0,0,1,3,4,3,0,0,,,,,,
4418000000,충청남도 보령시,2025090412,36.330575,126.614886111111,5,3,0,0,0,0,1,7,8,4,0,0,0,0,1,4,5,3,0,0,,,,,,
4418025000,충청남도 보령시 웅천읍,2025090412,36.2287805555555,126.603252777777,5,3,0,0,0,0,1,7,8,4,0,0,0,0,1,3,5,2,0,0,,,,,,
4418031000,충청남도 보령시 주포면,2025090412,36.4121916666666,126.590008333333,5,4,0,0,0,0,1,7,8,4,0,0,0,0,1,3,5,3,0,0,,,,,,
4418032000,충청남도 보령시 오천면,2025090412,36.4354805555555,126.524575,5,4,0,0,0,0,1,7,8,4,0,0,0,0,1,3,5,3,0,0,,,,,,
4418033000,충청남도 보령시 천북면,2025090412,36.4758361111111,126.529330555555,5,4,0,0,0,0,1,7,8,4,0,0,0,0,1,3,5,3,0,0,,,,,,
4418034000,충청남도 보령시 청소면,2025090412,36.4425555555555,126.591533333333,5,4,0,0,0,0,1,7,8,4,0,0,0,0,1,3,5,3,0,0,,,,,,
4418035000,충청남도 보령시 청라면,2025090412,36.3875388888888,126.675677777777,5,3,0,0,0,0,1,7,8,4,0,0,0,0,1,3,5,3,0,0,,,,,,
4418036000,충청남도 보령시 남포면,2025090412,36.3016749999999,126.607033333333,5,3,0,0,0,0,1,7,8,4,0,0,0,0,1,3,5,3,0,0,,,,,,
4418038000,충청남도 보령시 주산면,2025090412,36.1954222222222,126.633808333333,5,3,0,0,0,0,1,7,8,4,0,0,0,0,1,3,5,2,0,0,,,,,,
4418039000,충청남도 보령시 미산면,2025090412,36.2075694444444,126.678477777777,5,3,0,0,0,0,1,7,8,4,0,0,0,0,1,3,4,2,0,0,,,,,,
4418040000,충청남도 보령시 성주면,2025090412,36.3330555555555,126.653411111111,5,3,0,0,0,0,1,7,8,4,0,0,0,0,1,4,5,3,0,0,,,,,,
4418041000,충청남도 보령시 주교면,2025090412,36.3879527777777,126.571322222222,5,3,0,0,0,0,1,7,8,4,0,0,0,0,1,3,5,3,0,0,,,,,,
4418051500,충청남도 보령시 대천1동,2025090412,36.3490027777777,126.598986111111,5,3,0,0,0,0,1,7,8,4,0,0,0,0,1,3,5,3,0,0,,,,,,
4418053500,충청남도 보령시 대천3동,2025090412,36.3517361111111,126.607644444444,5,3,0,0,0,0,1,7,8,4,0,0,0,0,1,4,5,3,0,0,,,,,,
4418054500,충청남도 보령시 대천4동,2025090412,36.3375444444444,126.602930555555,5,3,0,0,0,0,1,7,8,4,0,0,0,0,1,4,5,3,0,0,,,,,,
4418056500,충청남도 보령시 대천5동,2025090412,36.3122222222222,126.514,5,3,0,0,0,0,1,7,8,5,0,0,0,0,1,3,5,3,0,0,,,,,,
4420000000,충청남도 아산시,2025090412,36.7871055555555,127.004641666666,5,3,0,0,0,0,1,7,8,4,0,0,0,0,1,3,5,3,0,0,,,,,,
4420025000,충청남도 아산시 염치읍,2025090412,36.8139083333333,126.978577777777,5,3,0,0,0,0,1,7,8,4,0,0,0,0,1,3,5,3,0,0,,,,,,
4420025300,충청남도 아산시 배방읍,2025090412,36.7799422,127.0669858,5,3,0,0,0,0,1,5,8,4,0,0,0,0,1,4,5,3,0,0,,,,,,
4420031000,충청남도 아산시 송악면,2025090412,36.7288472222222,127.011133333333,5,3,0,0,0,0,1,7,8,4,0,0,0,0,1,4,5,3,0,0,,,,,,
4420033000,충청남도 아산시 탕정면,2025090412,36.7975638888888,127.053822222222,5,3,0,0,0,0,1,7,8,4,0,0,0,0,1,4,5,3,0,0,,,,,,
4420035000,충청남도 아산시 음봉면,2025090412,36.8468583333333,127.014475,5,3,0,0,0,0,1,7,8,4,0,0,0,0,1,3,5,2,0,0,,,,,,
4420036000,충청남도 아산시 둔포면,2025090412,36.9268583333333,127.039852777777,5,3,0,0,0,0,1,5,8,4,0,0,0,0,1,3,5,1,0,0,,,,,,
4420037000,충청남도 아산시 영인면,2025090412,36.8535527777777,126.956755555555,5,3,0,0,0,0,1,7,8,4,0,0,0,0,1,3,5,3,0,0,,,,,,
4420038000,충청남도 아산시 인주면,2025090412,36.8661166666666,126.886777777777,5,3,0,0,0,0,1,7,8,4,0,0,0,0,1,3,5,3,0,0,,,,,,
4420039000,충청남도 아산시 선장면,2025090412,36.7884027777777,126.863333333333,5,3,0,0,0,0,1,7,8,4,0,0,0,0,1,3,5,3,0,0,,,,,,
4420040000,충청남도 아산시 도고면,2025090412,36.7546638888888,126.879630555555,5,3,0,0,0,0,1,7,8,4,0,0,0,0,1,3,5,3,0,0,,,,,,
4420041000,충청남도 아산시 신창면,2025090412,36.8007999999999,126.938219444444,5,3,0,0,0,0,1,7,8,4,0,0,0,0,1,3,5,3,0,0,,,,,,
4420057000,충청남도 아산시 온양1동,2025090412,36.7842388888888,127.001575,5,3,0,0,0,0,1,7,8,4,0,0,0,0,1,3,5,3,0,0,,,,,,
4420058000,충청남도 아산시 온양2동,2025090412,36.7755222222222,127.005463888888,5,3,0,0,0,0,1,7,8,4,0,0,0,0,1,3,5,3,0,0,,,,,,
4420059000,충청남도 아산시 온양3동,2025090412,36.7847222222222,127.015197222222,5,3,0,0,0,0,1,7,8,4,0,0,0,0,1,4,5,3,0,0,,,,,,
4420060000,충청남도 아산시 온양4동,2025090412,36.7856638888888,126.986344444444,5,3,0,0,0,0,1,7,8,4,0,0,0,0,1,3,5,3,0,0,,,,,,
4420061000,충청남도 아산시 온양5동,2025090412,36.7725611111111,126.9983,5,3,0,0,0,0,1,7,8,4,0,0,0,0,1,3,5,3,0,0,,,,,,
4420062000,충청남도 아산시 온양6동,2025090412,36.7580777777777,127.017752777777,5,3,0,0,0,0,1,7,8,4,0,0,0,0,1,4,5,3,0,0,,,,,,
4421000000,충청남도 서산시,2025090412,36.7820972222222,126.452163888888,2,3,0,0,0,0,1,7,8,4,0,0,0,0,1,3,5,3,0,0,,,,,,
4421025000,충청남도 서산시 대산읍,2025090412,36.9367638888888,126.436377777777,2,3,0,0,0,0,1,7,8,4,0,0,0,0,1,3,5,3,0,0,,,,,,
4421031000,충청남도 서산시 인지면,2025090412,36.7500916666666,126.427644444444,2,3,0,0,0,0,1,7,8,4,0,0,0,0,1,3,5,3,0,0,,,,,,
4421032000,충청남도 서산시 부석면,2025090412,36.7120583333333,126.395555555555,2,3,0,0,0,0,1,7,8,4,0,0,0,0,1,3,5,3,0,0,,,,,,
4421033000,충청남도 서산시 팔봉면,2025090412,36.8090333333333,126.3519,2,3,0,0,0,0,1,7,8,4,0,0,0,0,1,3,5,3,0,0,,,,,,
4421034000,충청남도 서산시 지곡면,2025090412,36.8606444444444,126.438977777777,4,3,0,0,0,0,1,7,8,4,0,0,0,0,1,3,5,3,0,0,,,,,,
4421036000,충청남도 서산시 성연면,2025090412,36.8362527777777,126.463022222222,4,3,0,0,0,0,1,7,8,4,0,0,0,0,1,3,5,3,0,0,,,,,,
4421037000,충청남도 서산시 음암면,2025090412,36.7971277777777,126.52,4,3,0,0,0,0,1,7,8,4,0,0,0,0,1,3,5,3,0,0,,,,,,
4421038000,충청남도 서산시 운산면,2025090412,36.8078499999999,126.582677777777,2,3,0,0,0,0,1,7,8,4,0,0,0,0,1,3,5,3,0,0,,,,,,
4421039000,충청남도 서산시 해미면,2025090412,36.7108388888888,126.546975,2,3,0,0,0,0,1,7,8,4,0,0,0,0,1,3,5,3,0,0,,,,,,
4421040000,충청남도 서산시 고북면,2025090412,36.6641777777777,126.535586111111,2,3,0,0,0,0,1,7,8,4,0,0,0,0,1,3,5,3,0,0,,,,,,
4421051000,충청남도 서산시 부춘동,2025090412,36.7832055555555,126.450219444444,2,3,0,0,0,0,1,7,8,4,0,0,0,0,1,3,5,3,0,0,,,,,,
4421052500,충청남도 서산시 동문1동,2025090412,36.787025,126.4612,2,3,0,0,0,0,1,7,8,4,0,0,0,0,1,3,5,3,0,0,,,,,,
4421053500,충청남도 서산시 동문2동,2025090412,36.7779444444444,126.461911111111,2,3,0,0,0,0,1,7,8,4,0,0,0,0,1,3,5,3,0,0,,,,,,
4421054000,충청남도 서산시 수석동,2025090412,36.7684416666666,126.469344444444,2,3,0,0,0,0,1,7,8,4,0,0,0,0,1,3,5,3,0,0,,,,,,
4421055000,충청남도 서산시 석남동,2025090412,36.7629777777777,126.456011111111,2,3,0,0,0,0,1,7,8,4,0,0,0,0,1,3,5,3,0,0,,,,,,
4423000000,충청남도 논산시,2025090412,36.1842027777777,127.100911111111,5,3,0,0,0,0,1,7,8,1,0,0,0,0,1,3,2,3,0,0,,,,,,
4423025000,충청남도 논산시 강경읍,2025090412,36.1551,127.019955555555,5,3,0,0,0,0,1,7,8,1,0,0,0,0,1,3,2,2,0,0,,,,,,
4423025300,충청남도 논산시 연무읍,2025090412,36.1222194444444,127.101111111111,4,3,0,0,0,0,1,7,8,1,0,0,0,0,1,3,2,2,0,0,,,,,,
4423031000,충청남도 논산시 성동면,2025090412,36.2005777777777,127.035808333333,5,3,0,0,0,0,1,7,8,1,0,0,0,0,1,3,2,3,0,0,,,,,,
4423032000,충청남도 논산시 광석면,2025090412,36.2399666666666,127.082041666666,5,3,0,0,0,0,1,7,8,1,0,0,0,0,1,3,2,3,0,0,,,,,,
4423033000,충청남도 논산시 노성면,2025090412,36.2752055555555,127.132399999999,5,3,0,0,0,0,1,7,8,1,0,0,0,0,1,3,2,3,0,0,,,,,,
4423034000,충청남도 논산시 상월면,2025090412,36.2926166666666,127.143241666666,5,3,0,0,0,0,1,7,8,1,0,0,0,0,1,3,2,3,0,0,,,,,,
4423035000,충청남도 논산시 부적면,2025090412,36.2131472222222,127.130186111111,4,3,0,0,0,0,1,7,8,1,0,0,0,0,1,3,2,3,0,0,,,,,,
4423036000,충청남도 논산시 연산면,2025090412,36.2105083333333,127.202766666666,4,3,0,0,0,0,1,7,8,1,0,0,0,0,1,4,2,2,0,0,,,,,,
4423038000,충청남도 논산시 벌곡면,2025090412,36.2030305555555,127.266975,4,3,0,0,0,0,1,7,7,1,0,0,0,0,1,4,2,2,0,0,,,,,,
4423039000,충청남도 논산시 양촌면,2025090412,36.1355777777777,127.2348,4,3,0,0,0,0,1,6,7,1,0,0,0,0,1,6,2,2,0,0,,,,,,
4423040000,충청남도 논산시 가야곡면,2025090412,36.1338944444444,127.161019444444,4,3,0,0,0,0,1,7,8,1,0,0,0,0,1,3,2,2,0,0,,,,,,
4423041000,충청남도 논산시 은진면,2025090412,36.1644749999999,127.109074999999,5,3,0,0,0,0,1,7,8,1,0,0,0,0,1,3,2,2,0,0,,,,,,
4423042000,충청남도 논산시 채운면,2025090412,36.1705055555555,127.064908333333,5,3,0,0,0,0,1,7,8,1,0,0,0,0,1,3,2,2,0,0,,,,,,
4423051000,충청남도 논산시 취암동,2025090412,36.1963472222222,127.089208333333,5,3,0,0,0,0,1,7,8,1,0,0,0,0,1,3,2,3,0,0,,,,,,
4423052000,충청남도 논산시 부창동,2025090412,36.1998611111111,127.083888888888,5,3,0,0,0,0,1,7,8,1,0,0,0,0,1,3,2,3,0,0,,,,,,
4425000000,충청남도 계룡시,2025090412,36.2718361111111,127.250930555555,4,3,0,0,0,0,1,7,8,1,0,0,0,0,1,4,2,1,0,0,,,,,,
4425031000,충청남도 계룡시 두마면,2025090412,36.2640166666666,127.2749,4,3,0,0,0,0,1,7,7,1,0,0,0,0,1,4,2,2,0,0,,,,,,
4425031500,충청남도 계룡시 엄사면,2025090412,36.2856305555555,127.242041666666,4,3,0,0,0,0,1,7,8,1,0,0,0,0,1,4,2,1,0,0,,,,,,
4425033000,충청남도 계룡시 신도안면,2025090412,36.300467,127.242188,4,3,0,0,0,0,1,7,8,1,0,0,0,0,1,4,2,1,0,0,,,,,,
4425051000,충청남도 계룡시 금암동,2025090412,36.2706722222222,127.251533333333,4,3,0,0,0,0,1,7,8,1,0,0,0,0,1,4,2,1,0,0,,,,,,
4427000000,충청남도 당진시,2025090412,36.89075,126.630252777777,4,3,0,0,0,0,1,7,8,4,0,0,0,0,1,3,5,3,0,0,,,,,,
4427025000,충청남도 당진시 합덕읍,2025090412,36.8070527777777,126.766208333333,5,3,0,0,0,0,1,7,8,4,0,0,0,0,1,3,5,3,0,0,,,,,,
4427025300,충청남도 당진시 송악읍,2025090412,36.9030195,126.6901643,4,3,0,0,0,0,1,7,8,4,0,0,0,0,1,3,5,3,0,0,,,,,,
4427031000,충청남도 당진시 고대면,2025090412,36.9231444444444,126.598952777777,4,3,0,0,0,0,1,7,8,4,0,0,0,0,1,3,5,3,0,0,,,,,,
4427032000,충청남도 당진시 석문면,2025090412,36.9790666666666,126.592941666666,4,3,0,0,0,0,1,7,8,4,0,0,0,0,1,3,5,3,0,0,,,,,,
4427033000,충청남도 당진시 대호지면,2025090412,36.8971833333333,126.506263888888,4,3,0,0,0,0,1,7,8,4,0,0,0,0,1,3,5,3,0,0,,,,,,
4427034000,충청남도 당진시 정미면,2025090412,36.8795972222222,126.570286111111,4,3,0,0,0,0,1,7,8,4,0,0,0,0,1,3,5,3,0,0,,,,,,
4427035000,충청남도 당진시 면천면,2025090412,36.8146138888888,126.6691,5,3,0,0,0,0,1,7,8,4,0,0,0,0,1,3,5,3,0,0,,,,,,
4427036000,충청남도 당진시 순성면,2025090412,36.8409833333333,126.715388888888,4,3,0,0,0,0,1,7,8,4,0,0,0,0,1,3,5,3,0,0,,,,,,
4427037000,충청남도 당진시 우강면,2025090412,36.810575,126.789852777777,5,3,0,0,0,0,1,7,8,4,0,0,0,0,1,3,5,3,0,0,,,,,,
4427038000,충청남도 당진시 신평면,2025090412,36.8824694444444,126.775522222222,4,3,0,0,0,0,1,7,8,4,0,0,0,0,1,3,5,3,0,0,,,,,,
4427039000,충청남도 당진시 송산면,2025090412,36.9296111111111,126.681044444444,4,3,0,0,0,0,1,7,8,4,0,0,0,0,1,3,5,3,0,0,,,,,,
4427051000,충청남도 당진시 당진1동,2025090412,36.8870055555555,126.628241666666,4,3,0,0,0,0,1,7,8,4,0,0,0,0,1,3,5,3,0,0,,,,,,
4427052000,충청남도 당진시 당진2동,2025090412,36.8870055555555,126.628241666666,4,3,0,0,0,0,1,7,8,4,0,0,0,0,1,3,5,3,0,0,,,,,,
4427053000,충청남도 당진시 당진3동,2025090412,36.8870055555555,126.628241666666,4,3,0,0,0,0,1,7,8,4,0,0,0,0,1,3,5,3,0,0,,,,,,
4471000000,충청남도 금산군,2025090412,36.1058694444444,127.490308333333,4,3,0,0,0,0,1,6,7,1,0,0,0,0,1,6,5,1,0,0,,,,,,
4471025000,충청남도 금산군 금산읍,2025090412,36.1042888888888,127.492630555555,4,3,0,0,0,0,1,6,7,1,0,0,0,0,1,6,5,1,0,0,,,,,,
4471031000,충청남도 금산군 금성면,2025090412,36.1278777777777,127.455911111111,4,3,0,0,0,0,1,6,7,1,0,0,0,0,1,6,2,2,0,0,,,,,,
4471032000,충청남도 금산군 제원면,2025090412,36.1095888888888,127.548219444444,7,3,0,0,0,0,1,6,7,1,0,0,0,0,1,6,5,1,0,0,,,,,,
4471033000,충청남도 금산군 부리면,2025090412,36.0577555555555,127.557188888888,4,3,0,0,0,0,1,6,7,1,0,0,0,0,1,6,5,1,0,0,,,,,,
4471034000,충청남도 금산군 군북면,2025090412,36.1659722222222,127.529866666666,4,3,0,0,0,0,1,6,7,4,0,0,0,0,1,6,5,1,0,0,,,,,,
4471035000,충청남도 금산군 남일면,2025090412,36.0399305555555,127.506675,4,3,0,0,0,0,1,6,7,1,0,0,0,0,1,6,5,1,0,0,,,,,,
4471036000,충청남도 금산군 남이면,2025090412,36.042375,127.438844444444,4,3,0,0,0,0,1,6,7,1,0,0,0,0,1,6,2,2,0,0,,,,,,
4471037000,충청남도 금산군 진산면,2025090412,36.1413277777777,127.3724,4,3,0,0,0,0,1,6,7,1,0,0,0,0,1,6,2,2,0,0,,,,,,
4471038000,충청남도 금산군 복수면,2025090412,36.1634777777777,127.400441666666,6,3,0,0,0,0,1,6,7,1,0,0,0,0,1,6,2,2,0,0,,,,,,
4471039000,충청남도 금산군 추부면,2025090412,36.1919111111111,127.478177777777,7,3,0,0,0,0,1,6,7,1,0,0,0,0,1,6,2,2,0,0,,,,,,
4476000000,충청남도 부여군,2025090412,36.2728222222222,126.911863888888,5,3,0,0,0,0,1,7,8,4,0,0,0,0,1,3,4,2,0,0,,,,,,
4476025000,충청남도 부여군 부여읍,2025090412,36.2726833333333,126.913266666666,5,3,0,0,0,0,1,7,8,4,0,0,0,0,1,3,4,2,0,0,,,,,,
4476031000,충청남도 부여군 규암면,2025090412,36.2723611111111,126.886255555555,5,3,0,0,0,0,1,7,8,4,0,0,0,0,1,3,4,2,0,0,,,,,,
4476032000,충청남도 부여군 은산면,2025090412,36.3074055555555,126.856322222222,5,3,0,0,0,0,1,7,8,4,0,0,0,0,1,3,4,2,0,0,,,,,,
4476033000,충청남도 부여군 외산면,2025090412,36.3013972222222,126.706255555555,5,3,0,0,0,0,1,7,8,4,0,0,0,0,1,3,5,3,0,0,,,,,,
4476034000,충청남도 부여군 내산면,2025090412,36.2718805555555,126.782644444444,5,3,0,0,0,0,1,7,8,4,0,0,0,0,1,3,5,2,0,0,,,,,,
4476035000,충청남도 부여군 구룡면,2025090412,36.2497444444444,126.815063888888,4,3,0,0,0,0,1,7,8,4,0,0,0,0,1,3,4,2,0,0,,,,,,
4476036000,충청남도 부여군 홍산면,2025090412,36.2138027777777,126.762375,4,3,0,0,0,0,1,7,8,4,0,0,0,0,1,3,4,2,0,0,,,,,,
4476037000,충청남도 부여군 옥산면,2025090412,36.18855,126.735555555555,4,3,0,0,0,0,1,7,8,4,0,0,0,0,1,3,4,2,0,0,,,,,,
4476038000,충청남도 부여군 남면,2025090412,36.2092111111111,126.808355555555,4,3,0,0,0,0,1,7,8,4,0,0,0,0,1,3,4,3,0,0,,,,,,
4476039000,충청남도 부여군 충화면,2025090412,36.1789111111111,126.823666666666,4,3,0,0,0,0,1,7,8,4,0,0,0,0,1,3,4,3,0,0,,,,,,
4476040000,충청남도 부여군 양화면,2025090412,36.1324138888888,126.883219444444,5,3,0,0,0,0,1,7,8,1,0,0,0,0,1,3,2,3,0,0,,,,,,
4476041000,충청남도 부여군 임천면,2025090412,36.1881944444444,126.896911111111,5,3,0,0,0,0,1,7,8,4,0,0,0,0,1,3,2,2,0,0,,,,,,
4476042000,충청남도 부여군 장암면,2025090412,36.2409916666666,126.888641666666,5,3,0,0,0,0,1,7,8,4,0,0,0,0,1,3,2,2,0,0,,,,,,
4476043000,충청남도 부여군 세도면,2025090412,36.1670222222222,126.950522222222,5,3,0,0,0,0,1,7,8,1,0,0,0,0,1,3,2,2,0,0,,,,,,
4476044000,충청남도 부여군 석성면,2025090412,36.2502611111111,127.004466666666,5,3,0,0,0,0,1,7,8,1,0,0,0,0,1,3,2,3,0,0,,,,,,
4476045000,충청남도 부여군 초촌면,2025090412,36.26105,127.022197222222,5,3,0,0,0,0,1,7,8,1,0,0,0,0,1,3,2,3,0,0,,,,,,
4477000000,충청남도 서천군,2025090412,36.0774055555555,126.693888888888,5,3,0,0,0,0,1,7,8,4,0,0,0,0,1,3,4,3,0,0,,,,,,
4477025000,충청남도 서천군 장항읍,2025090412,36.0076444444444,126.702352777777,5,3,0,0,0,0,1,7,8,4,0,0,0,0,1,3,4,3,0,0,,,,,,
4477025300,충청남도 서천군 서천읍,2025090412,36.0747305555555,126.691788888888,5,3,0,0,0,0,1,7,8,4,0,0,0,0,1,3,4,3,0,0,,,,,,
4477031000,충청남도 서천군 마서면,2025090412,36.0589249999999,126.708775,5,3,0,0,0,0,1,7,8,4,0,0,0,0,1,3,4,3,0,0,,,,,,
4477032000,충청남도 서천군 화양면,2025090412,36.0347833333333,126.783977777777,4,3,0,0,0,0,1,7,8,1,0,0,0,0,1,3,2,3,0,0,,,,,,
4477033000,충청남도 서천군 기산면,2025090412,36.0716972222222,126.764288888888,5,3,0,0,0,0,1,7,8,1,0,0,0,0,1,3,2,3,0,0,,,,,,
4477034000,충청남도 서천군 한산면,2025090412,36.0833555555555,126.804197222222,4,3,0,0,0,0,1,7,8,1,0,0,0,0,1,3,2,3,0,0,,,,,,
4477035000,충청남도 서천군 마산면,2025090412,36.1143944444444,126.792786111111,4,3,0,0,0,0,1,7,8,1,0,0,0,0,1,3,2,3,0,0,,,,,,
4477036000,충청남도 서천군 시초면,2025090412,36.1188972222222,126.754966666666,5,3,0,0,0,0,1,7,8,4,0,0,0,0,1,3,4,3,0,0,,,,,,
4477037000,충청남도 서천군 문산면,2025090412,36.1393527777777,126.754297222222,5,3,0,0,0,0,1,7,8,4,0,0,0,0,1,3,4,2,0,0,,,,,,
4477038000,충청남도 서천군 판교면,2025090412,36.1548499999999,126.6912,5,3,0,0,0,0,1,7,8,4,0,0,0,0,1,3,4,2,0,0,,,,,,
4477039000,충청남도 서천군 종천면,2025090412,36.094575,126.672130555555,5,3,0,0,0,0,1,7,8,4,0,0,0,0,1,3,4,3,0,0,,,,,,
4477040000,충청남도 서천군 비인면,2025090412,36.139325,126.603699999999,5,3,0,0,0,0,1,7,8,4,0,0,0,0,1,3,4,2,0,0,,,,,,
4477041000,충청남도 서천군 서면,2025090412,36.1499583333333,126.551655555555,5,3,0,0,0,0,1,7,8,5,0,0,0,0,1,3,5,3,0,0,,,,,,
4479000000,충청남도 청양군,2025090412,36.4562694444444,126.804255555555,5,3,0,0,0,0,1,7,7,4,0,0,0,0,1,3,5,3,0,0,,,,,,
4479025000,충청남도 청양군 청양읍,2025090412,36.4506277777777,126.808855555555,5,3,0,0,0,0,1,7,7,4,0,0,0,0,1,3,5,3,0,0,,,,,,
4479031000,충청남도 청양군 운곡면,2025090412,36.5209583333333,126.846722222222,5,3,0,0,0,0,1,7,7,4,0,0,0,0,1,3,5,3,0,0,,,,,,
4479032000,충청남도 청양군 대치면,2025090412,36.4415222222222,126.834197222222,5,3,0,0,0,0,1,7,8,4,0,0,0,0,1,3,5,3,0,0,,,,,,
4479033000,충청남도 청양군 정산면,2025090412,36.4119555555555,126.947222222222,5,3,0,0,0,0,1,7,8,4,0,0,0,0,1,3,5,2,0,0,,,,,,
4479034000,충청남도 청양군 목면,2025090412,36.4160694444444,127.005997222222,5,3,0,0,0,0,1,7,8,4,0,0,0,0,1,3,4,2,0,0,,,,,,
4479035000,충청남도 청양군 청남면,2025090412,36.3494416666666,126.954297222222,5,3,0,0,0,0,1,7,8,4,0,0,0,0,1,3,4,2,0,0,,,,,,
4479036000,충청남도 청양군 장평면,2025090412,36.3389583333333,126.895197222222,5,3,0,0,0,0,1,7,8,4,0,0,0,0,1,3,4,2,0,0,,,,,,
4479037000,충청남도 청양군 남양면,2025090412,36.3982861111111,126.778133333333,5,3,0,0,0,0,1,7,8,4,0,0,0,0,1,3,5,3,0,0,,,,,,
4479038000,충청남도 청양군 화성면,2025090412,36.4243666666666,126.719377777777,5,3,0,0,0,0,1,7,7,4,0,0,0,0,1,3,5,3,0,0,,,,,,
4479039000,충청남도 청양군 비봉면,2025090412,36.5165055555555,126.788619444444,5,3,0,0,0,0,1,7,7,4,0,0,0,0,1,3,5,3,0,0,,,,,,
4480000000,충청남도 홍성군,2025090412,36.5983611111111,126.662908333333,5,3,0,0,0,0,1,7,7,4,0,0,0,0,1,3,5,3,0,0,,,,,,
4480025000,충청남도 홍성군 홍성읍,2025090412,36.5985527777777,126.664288888888,5,3,0,0,0,0,1,7,7,4,0,0,0,0,1,3,5,3,0,0,,,,,,
4480025300,충청남도 홍성군 광천읍,2025090412,36.501625,126.626966666666,5,3,0,0,0,0,1,7,8,4,0,0,0,0,1,3,5,3,0,0,,,,,,
4480025600,충청남도 홍성군 홍북읍,2025090412,36.6471388888888,126.693797222222,5,3,0,0,0,0,1,7,7,4,0,0,0,0,1,3,5,3,0,0,,,,,,
4480032000,충청남도 홍성군 금마면,2025090412,36.6090111111111,126.734811111111,5,3,0,0,0,0,1,7,7,4,0,0,0,0,1,3,5,3,0,0,,,,,,
4480033000,충청남도 홍성군 홍동면,2025090412,36.5561861111111,126.690130555555,5,3,0,0,0,0,1,7,7,4,0,0,0,0,1,3,5,3,0,0,,,,,,
4480034000,충청남도 홍성군 장곡면,2025090412,36.5022694444444,126.693375,5,3,0,0,0,0,1,7,7,4,0,0,0,0,1,3,5,3,0,0,,,,,,
4480035000,충청남도 홍성군 은하면,2025090412,36.5290111111111,126.592530555555,5,4,0,0,0,0,1,7,8,4,0,0,0,0,1,3,5,3,0,0,,,,,,
4480036000,충청남도 홍성군 결성면,2025090412,36.5213805555555,126.548688888888,5,4,0,0,0,0,1,7,8,4,0,0,0,0,1,3,5,3,0,0,,,,,,
4480037000,충청남도 홍성군 서부면,2025090412,36.5774416666666,126.519352777777,5,4,0,0,0,0,1,7,8,4,0,0,0,0,1,3,5,3,0,0,,,,,,
4480038000,충청남도 홍성군 갈산면,2025090412,36.6022972222222,126.552108333333,2,4,0,0,0,0,1,7,8,4,0,0,0,0,1,3,5,3,0,0,,,,,,
4480039000,충청남도 홍성군 구항면,2025090412,36.5848472222222,126.6129,5,3,0,0,0,0,1,7,7,4,0,0,0,0,1,3,5,3,0,0,,,,,,
4481000000,충청남도 예산군,2025090412,36.6798055555555,126.850874999999,5,3,0,0,0,0,1,7,8,4,0,0,0,0,1,3,5,3,0,0,,,,,,
4481025000,충청남도 예산군 예산읍,2025090412,36.6758194444444,126.848266666666,5,3,0,0,0,0,1,7,8,4,0,0,0,0,1,3,5,3,0,0,,,,,,
4481025300,충청남도 예산군 삽교읍,2025090412,36.6850388888888,126.741444444444,5,3,0,0,0,0,1,7,7,4,0,0,0,0,1,3,5,3,0,0,,,,,,
4481031000,충청남도 예산군 대술면,2025090412,36.6547416666666,126.894188888888,5,3,0,0,0,0,1,7,8,4,0,0,0,0,1,3,5,3,0,0,,,,,,
4481032000,충청남도 예산군 신양면,2025090412,36.5986138888888,126.870555555555,5,3,0,0,0,0,1,7,7,4,0,0,0,0,1,3,5,3,0,0,,,,,,
4481033000,충청남도 예산군 광시면,2025090412,36.5459777777777,126.7753,5,3,0,0,0,0,1,7,7,4,0,0,0,0,1,3,5,3,0,0,,,,,,
4481034000,충청남도 예산군 대흥면,2025090412,36.603875,126.790422222222,5,3,0,0,0,0,1,7,7,4,0,0,0,0,1,3,5,3,0,0,,,,,,
4481035000,충청남도 예산군 응봉면,2025090412,36.6558027777777,126.763241666666,5,3,0,0,0,0,1,7,7,4,0,0,0,0,1,3,5,3,0,0,,,,,,
4481036000,충청남도 예산군 덕산면,2025090412,36.6986666666666,126.667652777777,4,3,0,0,0,0,1,7,7,4,0,0,0,0,1,3,5,3,0,0,,,,,,
4481037000,충청남도 예산군 봉산면,2025090412,36.745825,126.683797222222,4,3,0,0,0,0,1,7,8,4,0,0,0,0,1,3,5,3,0,0,,,,,,
4481038000,충청남도 예산군 고덕면,2025090412,36.755959,126.726344,5,3,0,0,0,0,1,7,8,4,0,0,0,0,1,3,5,3,0,0,,,,,,
4481039000,충청남도 예산군 신암면,2025090412,36.7316861111111,126.828233333333,5,3,0,0,0,0,1,7,8,4,0,0,0,0,1,3,5,3,0,0,,,,,,
4481040000,충청남도 예산군 오가면,2025090412,36.6842055555555,126.799763888888,5,3,0,0,0,0,1,7,8,4,0,0,0,0,1,3,5,3,0,0,,,,,,
4482500000,충청남도 태안군,2025090412,36.7426666666666,126.299975,2,3,0,0,0,0,1,7,8,5,0,0,0,0,1,3,5,3,0,0,,,,,,
4482525000,충청남도 태안군 태안읍,2025090412,36.7547138888888,126.298333333333,2,3,0,0,0,0,1,7,8,5,0,0,0,0,1,3,5,3,0,0,,,,,,
4482525300,충청남도 태안군 안면읍,2025090412,36.5175888888888,126.346499999999,5,4,0,0,0,0,1,7,8,5,0,0,0,0,1,3,5,3,0,0,,,,,,
4482531000,충청남도 태안군 고남면,2025090412,36.4174916666666,126.411222222222,2,4,0,0,0,0,1,7,8,5,0,0,0,0,1,3,5,3,0,0,,,,,,
4482532000,충청남도 태안군 남면,2025090412,36.6690222222222,126.300488888888,2,3,0,0,0,0,1,7,8,5,0,0,0,0,1,3,5,3,0,0,,,,,,
4482533000,충청남도 태안군 근흥면,2025090412,36.7107777777777,126.230063888888,2,4,0,0,0,0,1,7,8,5,0,0,0,0,1,3,5,3,0,0,,,,,,
4482534000,충청남도 태안군 소원면,2025090412,36.7596222222222,126.199311111111,2,3,0,0,0,0,1,7,8,5,0,0,0,0,1,3,5,3,0,0,,,,,,
4482535000,충청남도 태안군 원북면,2025090412,36.8206305555555,126.259197222222,2,3,0,0,0,0,1,7,8,5,0,0,0,0,1,2,5,3,0,0,,,,,,
4482536000,충청남도 태안군 이원면,2025090412,36.8668777777777,126.282630555555,2,3,0,0,0,0,1,7,8,5,0,0,0,0,1,3,5,3,0,0,,,,,,
4600000000,전라남도,2025090412,34.8130444444444,126.465,8,1,0,0,0,0,1,7,7,4,0,0,0,0,1,4,7,4,0,0,,,,,,
4611000000,전라남도 목포시,2025090412,34.8087888888888,126.394419444444,9,1,0,0,0,0,1,7,7,4,0,0,0,0,1,4,7,5,0,0,,,,,,
4611051000,전라남도 목포시 용당1동,2025090412,34.8013583333333,126.395475,9,1,0,0,0,0,1,7,7,4,0,0,0,0,1,4,7,5,0,0,,,,,,
4611052000,전라남도 목포시 용당2동,2025090412,34.8016111111111,126.399933333333,9,1,0,0,0,0,1,7,7,4,0,0,0,0,1,4,7,5,0,0,,,,,,
4611053500,전라남도 목포시 연동,2025090412,34.7915888888888,126.393641666666,9,1,0,0,0,0,1,7,7,4,0,0,0,0,1,4,7,5,0,0,,,,,,
4611054500,전라남도 목포시 산정동,2025090412,34.8060472222222,126.3886,9,1,0,0,0,0,1,7,7,4,0,0,0,0,1,4,7,5,0,0,,,,,,
4611055400,전라남도 목포시 연산동,2025090412,34.8098666666666,126.3791,9,1,0,0,0,0,1,7,7,4,0,0,0,0,1,4,7,5,0,0,,,,,,
4611055800,전라남도 목포시 원산동,2025090412,34.8087499999999,126.383063888888,9,1,0,0,0,0,1,7,7,4,0,0,0,0,1,4,7,5,0,0,,,,,,
4611056500,전라남도 목포시 대성동,2025090412,34.7962027777777,126.385686111111,9,1,0,0,0,0,1,7,7,4,0,0,0,0,1,4,7,5,0,0,,,,,,
4611059500,전라남도 목포시 목원동,2025090412,34.79,126.382222222222,9,1,0,0,0,0,1,7,7,4,0,0,0,0,1,4,7,5,0,0,,,,,,
4611064000,전라남도 목포시 동명동,2025090412,34.7878444444444,126.394066666666,9,1,0,0,0,0,1,7,7,4,0,0,0,0,1,4,7,5,0,0,,,,,,
4611064500,전라남도 목포시 삼학동,2025090412,34.7871277777777,126.403688888888,9,1,0,0,0,0,1,7,7,4,0,0,0,0,1,4,7,5,0,0,,,,,,
4611065500,전라남도 목포시 만호동,2025090412,34.7842194444444,126.389108333333,9,1,0,0,0,0,1,7,7,4,0,0,0,0,1,4,7,5,0,0,,,,,,
4611066000,전라남도 목포시 유달동,2025090412,34.7828666666666,126.382663888888,9,1,0,0,0,0,1,7,7,4,0,0,0,0,1,4,7,5,0,0,,,,,,
4611069500,전라남도 목포시 죽교동,2025090412,34.7966861111111,126.377155555555,9,1,0,0,0,0,1,7,7,4,0,0,0,0,1,4,7,5,0,0,,,,,,
4611070500,전라남도 목포시 북항동,2025090412,34.8039638888888,126.371486111111,9,1,0,0,0,0,1,7,7,4,0,0,0,0,1,4,7,5,0,0,,,,,,
4611074500,전라남도 목포시 용해동,2025090412,34.8134638888888,126.401377777777,9,1,0,0,0,0,1,7,7,4,0,0,0,0,1,4,7,5,0,0,,,,,,
4611075000,전라남도 목포시 이로동,2025090412,34.79605,126.411844444444,9,1,0,0,0,0,1,7,7,4,0,0,0,0,1,4,7,5,0,0,,,,,,
4611075600,전라남도 목포시 상동,2025090412,34.8107083333333,126.416275,9,1,0,0,0,0,1,7,7,4,0,0,0,0,1,4,7,5,0,0,,,,,,
4611075700,전라남도 목포시 하당동,2025090412,34.8055555555555,126.4223,9,1,0,0,0,0,1,7,7,4,0,0,0,0,1,4,7,5,0,0,,,,,,
4611075800,전라남도 목포시 신흥동,2025090412,34.7957083333333,126.420888888888,9,5,0,0,0,0,1,7,7,4,0,0,0,0,1,4,6,5,0,0,,,,,,
4611078000,전라남도 목포시 삼향동,2025090412,34.8272138888888,126.419966666666,9,1,0,0,0,0,1,7,7,4,0,0,0,0,1,4,7,4,0,0,,,,,,
4611079000,전라남도 목포시 옥암동,2025090412,34.8070972222222,126.431863888888,9,1,0,0,0,0,1,7,7,4,0,0,0,0,1,4,7,4,0,0,,,,,,
4611080000,전라남도 목포시 부흥동,2025090412,34.8011472222222,126.436566666666,8,5,0,0,0,0,1,7,7,4,0,0,0,0,1,4,6,4,0,0,,,,,,
4611081000,전라남도 목포시 부주동,2025090412,34.81042535,126.4475935,9,1,0,0,0,0,1,7,7,4,0,0,0,0,1,4,7,4,0,0,,,,,,
4613000000,전라남도 여수시,2025090412,34.7573111111111,127.664386111111,9,5,0,0,0,0,1,6,8,5,0,0,0,0,1,6,7,4,0,0,,,,,,
4613025000,전라남도 여수시 돌산읍,2025090412,34.6140472222222,127.723830555555,9,5,0,0,0,0,1,6,9,5,0,0,0,0,1,6,7,4,0,0,,,,,,
4613031000,전라남도 여수시 소라면,2025090412,34.7895972222222,127.634663888888,9,5,0,0,0,0,1,6,8,5,0,0,0,0,1,6,7,4,0,0,,,,,,
4613032000,전라남도 여수시 율촌면,2025090412,34.8788111111111,127.580788888888,9,5,0,0,0,0,1,6,7,4,0,0,0,0,1,4,5,3,0,0,,,,,,
4613033000,전라남도 여수시 화양면,2025090412,34.7050138888888,127.615677777777,9,5,0,0,0,0,1,6,9,5,0,0,0,0,1,6,7,3,0,0,,,,,,
4613034000,전라남도 여수시 남면,2025090412,34.5063277777777,127.768708333333,9,5,0,0,0,0,1,6,9,5,0,0,0,0,1,6,7,5,0,0,,,,,,
4613035000,전라남도 여수시 화정면,2025090412,34.6178611111111,127.641511111111,9,5,0,0,0,0,1,6,9,5,0,0,0,0,1,6,7,4,0,0,,,,,,
4613036000,전라남도 여수시 삼산면,2025090412,34.0225,127.314033333333,9,4,0,0,0,0,1,8,9,5,0,0,0,0,1,6,7,4,0,0,,,,,,
4613051500,전라남도 여수시 동문동,2025090412,34.738825,127.745022222222,9,5,0,0,0,0,1,6,7,5,0,0,0,0,1,6,7,4,0,0,,,,,,
4613053500,전라남도 여수시 한려동,2025090412,34.7418111111111,127.749508333333,9,5,0,0,0,0,1,6,7,5,0,0,0,0,1,6,7,4,0,0,,,,,,
4613057000,전라남도 여수시 중앙동,2025090412,34.7358555555555,127.738177777777,9,5,0,0,0,0,1,6,7,5,0,0,0,0,1,6,7,4,0,0,,,,,,
4613060000,전라남도 여수시 충무동,2025090412,34.745725,127.731011111111,9,5,0,0,0,0,1,6,8,5,0,0,0,0,1,6,7,4,0,0,,,,,,
4613062500,전라남도 여수시 광림동,2025090412,34.7444444444444,127.729222222222,9,5,0,0,0,0,1,6,7,5,0,0,0,0,1,6,7,4,0,0,,,,,,
4613063500,전라남도 여수시 서강동,2025090412,34.7380222222222,127.728044444444,9,5,0,0,0,0,1,6,7,5,0,0,0,0,1,6,7,4,0,0,,,,,,
4613065500,전라남도 여수시 대교동,2025090412,34.7324388888888,127.723430555555,9,5,0,0,0,0,1,6,7,5,0,0,0,0,1,6,7,4,0,0,,,,,,
4613067000,전라남도 여수시 국동,2025090412,34.7268888888888,127.721419444444,9,5,0,0,0,0,1,6,7,5,0,0,0,0,1,6,7,4,0,0,,,,,,
4613068500,전라남도 여수시 월호동,2025090412,34.7230083333333,127.713977777777,9,5,0,0,0,0,1,6,7,5,0,0,0,0,1,6,7,4,0,0,,,,,,
4613070000,전라남도 여수시 여서동,2025090412,34.7473666666666,127.710686111111,9,5,0,0,0,0,1,6,8,5,0,0,0,0,1,6,7,4,0,0,,,,,,
4613071000,전라남도 여수시 문수동,2025090412,34.7515027777777,127.704955555555,9,5,0,0,0,0,1,6,8,5,0,0,0,0,1,6,7,4,0,0,,,,,,
4613073000,전라남도 여수시 미평동,2025090412,34.7658027777777,127.706533333333,9,5,0,0,0,0,1,6,8,5,0,0,0,0,1,6,7,4,0,0,,,,,,
4613074000,전라남도 여수시 둔덕동,2025090412,34.7662777777777,127.696755555555,9,5,0,0,0,0,1,6,8,5,0,0,0,0,1,6,7,4,0,0,,,,,,
4613076500,전라남도 여수시 만덕동,2025090412,34.7495527777777,127.746633333333,8,5,0,0,0,0,1,6,7,5,0,0,0,0,1,6,7,4,0,0,,,,,,
4613078000,전라남도 여수시 쌍봉동,2025090412,34.7603611111111,127.667588888888,9,5,0,0,0,0,1,6,8,5,0,0,0,0,1,6,7,4,0,0,,,,,,
4613079000,전라남도 여수시 시전동,2025090412,34.7573888888888,127.675897222222,9,5,0,0,0,0,1,6,8,5,0,0,0,0,1,6,7,4,0,0,,,,,,
4613080000,전라남도 여수시 여천동,2025090412,34.7669805555555,127.663797222222,9,5,0,0,0,0,1,6,8,5,0,0,0,0,1,6,7,4,0,0,,,,,,
4613081000,전라남도 여수시 주삼동,2025090412,34.784475,127.665197222222,9,5,0,0,0,0,1,6,8,5,0,0,0,0,1,6,7,4,0,0,,,,,,
4613082000,전라남도 여수시 삼일동,2025090412,34.8249833333333,127.689297222222,9,5,0,0,0,0,1,6,7,4,0,0,0,0,1,4,7,4,0,0,,,,,,
4613083000,전라남도 여수시 묘도동,2025090412,34.8729833333333,127.711886111111,9,5,0,0,0,0,1,6,7,4,0,0,0,0,1,4,7,4,0,0,,,,,,
4615000000,전라남도 순천시,2025090412,34.9476055555555,127.489330555555,7,5,0,0,0,0,1,6,7,4,0,0,0,0,1,4,5,1,0,0,,,,,,
4615025000,전라남도 순천시 승주읍,2025090412,35.0113555555555,127.391919444444,7,5,0,0,0,0,1,6,5,2,0,0,0,0,1,4,2,1,0,0,,,,,,
4615031000,전라남도 순천시 해룡면,2025090412,34.9106777777777,127.539844444444,8,5,0,0,0,0,1,6,7,4,0,0,0,0,1,4,5,1,0,0,,,,,,
4615032000,전라남도 순천시 서면,2025090412,34.9917361111111,127.490430555555,6,5,0,0,0,0,1,6,7,4,0,0,0,0,1,4,2,1,0,0,,,,,,
4615033000,전라남도 순천시 황전면,2025090412,35.0983111111111,127.429141666666,9,5,0,0,0,0,1,6,5,1,0,0,0,0,1,4,5,1,0,0,,,,,,
4615034000,전라남도 순천시 월등면,2025090412,35.0903361111111,127.382622222222,9,5,0,0,0,0,1,6,5,1,0,0,0,0,1,4,5,1,0,0,,,,,,
4615035000,전라남도 순천시 주암면,2025090412,35.0737777777777,127.237177777777,9,4,0,0,0,0,1,6,7,1,0,0,0,0,1,4,2,2,0,0,,,,,,
4615036000,전라남도 순천시 송광면,2025090412,34.9710027777777,127.265955555555,7,5,0,0,0,0,1,6,7,2,0,0,0,0,1,4,2,2,0,0,,,,,,
4615037000,전라남도 순천시 외서면,2025090412,34.9106861111111,127.279466666666,7,5,0,0,0,0,1,6,7,2,0,0,0,0,1,4,2,1,0,0,,,,,,
4615038000,전라남도 순천시 낙안면,2025090412,34.9049666666666,127.348355555555,5,5,0,0,0,0,1,6,7,4,0,0,0,0,1,4,2,1,0,0,,,,,,
4615039000,전라남도 순천시 별량면,2025090412,34.8711888888888,127.454175,8,5,0,0,0,0,1,6,7,4,0,0,0,0,1,4,5,1,0,0,,,,,,
4615040000,전라남도 순천시 상사면,2025090412,34.9359777777777,127.457311111111,6,5,0,0,0,0,1,6,7,4,0,0,0,0,1,4,5,1,0,0,,,,,,
4615051500,전라남도 순천시 향동,2025090412,34.9496305555555,127.481288888888,7,5,0,0,0,0,1,6,7,4,0,0,0,0,1,4,5,1,0,0,,,,,,
4615054000,전라남도 순천시 매곡동,2025090412,34.9608388888888,127.484919444444,7,5,0,0,0,0,1,6,7,4,0,0,0,0,1,4,5,1,0,0,,,,,,
4615055000,전라남도 순천시 삼산동,2025090412,34.9678138888888,127.485911111111,7,5,0,0,0,0,1,6,7,4,0,0,0,0,1,4,5,1,0,0,,,,,,
4615056000,전라남도 순천시 조곡동,2025090412,34.9448194444444,127.499175,7,5,0,0,0,0,1,6,7,4,0,0,0,0,1,4,5,1,0,0,,,,,,
4615057000,전라남도 순천시 덕연동,2025090412,34.9461638888888,127.507333333333,7,5,0,0,0,0,1,6,7,4,0,0,0,0,1,4,5,1,0,0,,,,,,
4615058000,전라남도 순천시 풍덕동,2025090412,34.9387583333333,127.499311111111,7,5,0,0,0,0,1,6,7,4,0,0,0,0,1,4,5,1,0,0,,,,,,
4615059000,전라남도 순천시 남제동,2025090412,34.9383083333333,127.490111111111,7,5,0,0,0,0,1,6,7,4,0,0,0,0,1,4,5,1,0,0,,,,,,
4615060000,전라남도 순천시 저전동,2025090412,34.9449138888888,127.486086111111,7,5,0,0,0,0,1,6,7,4,0,0,0,0,1,4,5,1,0,0,,,,,,
4615061000,전라남도 순천시 장천동,2025090412,34.9454166666666,127.488888888888,7,5,0,0,0,0,1,6,7,4,0,0,0,0,1,4,5,1,0,0,,,,,,
4615062000,전라남도 순천시 중앙동,2025090412,34.9529527777777,127.488577777777,7,5,0,0,0,0,1,6,7,4,0,0,0,0,1,4,5,1,0,0,,,,,,
4615063500,전라남도 순천시 도사동,2025090412,34.9245055555555,127.493708333333,7,4,0,0,0,0,1,6,7,4,0,0,0,0,1,4,5,1,0,0,,,,,,
4615066100,전라남도 순천시 왕조1동,2025090412,34.9594416666666,127.522941666666,7,5,0,0,0,0,1,6,7,4,0,0,0,0,1,4,5,1,0,0,,,,,,
4615066500,전라남도 순천시 왕조2동,2025090412,34.9522138888888,127.534555555555,7,5,0,0,0,0,1,6,7,4,0,0,0,0,1,4,5,1,0,0,,,,,,
4617000000,전라남도 나주시,2025090412,35.0128388888888,126.712866666666,8,1,0,0,0,0,1,7,7,1,0,0,0,0,1,4,5,4,0,0,,,,,,
4617025000,전라남도 나주시 남평읍,2025090412,35.0432916666666,126.845308333333,8,5,0,0,0,0,1,6,7,1,0,0,0,0,1,4,2,3,0,0,,,,,,
4617031000,전라남도 나주시 세지면,2025090412,34.9165972222222,126.751622222222,8,5,0,0,0,0,1,6,7,1,0,0,0,0,1,4,2,4,0,0,,,,,,
4617032000,전라남도 나주시 왕곡면,2025090412,34.9650833333333,126.671844444444,8,1,0,0,0,0,1,7,7,1,0,0,0,0,1,4,6,4,0,0,,,,,,
4617033000,전라남도 나주시 반남면,2025090412,34.9007138888888,126.653863888888,8,5,0,0,0,0,1,7,7,1,0,0,0,0,1,4,6,4,0,0,,,,,,
4617034000,전라남도 나주시 공산면,2025090412,34.9402444444444,126.610152777777,8,1,0,0,0,0,1,7,7,1,0,0,0,0,1,4,7,4,0,0,,,,,,
4617035000,전라남도 나주시 동강면,2025090412,34.9363944444444,126.566066666666,8,1,0,0,0,0,1,7,7,1,0,0,0,0,1,4,7,4,0,0,,,,,,
4617036000,전라남도 나주시 다시면,2025090412,35.0162722222222,126.639344444444,8,1,0,0,0,0,1,7,7,1,0,0,0,0,1,4,7,4,0,0,,,,,,
4617037000,전라남도 나주시 문평면,2025090412,35.0521138888888,126.605963888888,8,1,0,0,0,0,1,7,7,1,0,0,0,0,1,3,7,4,0,0,,,,,,
4617038000,전라남도 나주시 노안면,2025090412,35.0728777777777,126.734263888888,8,1,0,0,0,0,1,7,7,1,0,0,0,0,1,4,5,4,0,0,,,,,,
4617039000,전라남도 나주시 금천면,2025090412,35.0277777777777,126.755563888888,8,5,0,0,0,0,1,7,7,1,0,0,0,0,1,4,2,4,0,0,,,,,,
4617040000,전라남도 나주시 산포면,2025090412,35.0370055555555,126.807766666666,8,1,0,0,0,0,1,7,7,1,0,0,0,0,1,4,5,4,0,0,,,,,,
4617042000,전라남도 나주시 다도면,2025090412,34.9441805555555,126.829630555555,8,5,0,0,0,0,1,6,7,1,0,0,0,0,1,4,2,4,0,0,,,,,,
4617043000,전라남도 나주시 봉황면,2025090412,34.9552,126.786322222222,8,4,0,0,0,0,1,6,7,1,0,0,0,0,1,4,2,4,0,0,,,,,,
4617051000,전라남도 나주시 송월동,2025090412,35.01435,126.727155555555,8,1,0,0,0,0,1,7,7,1,0,0,0,0,1,4,5,4,0,0,,,,,,
4617052000,전라남도 나주시 영강동,2025090412,35.0009777777777,126.708952777777,8,1,0,0,0,0,1,7,7,1,0,0,0,0,1,4,5,4,0,0,,,,,,
4617054000,전라남도 나주시 금남동,2025090412,35.0281083333333,126.717866666666,8,1,0,0,0,0,1,7,7,1,0,0,0,0,1,4,5,4,0,0,,,,,,
4617055000,전라남도 나주시 성북동,2025090412,35.0318833333333,126.721444444444,8,1,0,0,0,0,1,7,7,1,0,0,0,0,1,4,5,4,0,0,,,,,,
4617058000,전라남도 나주시 영산동,2025090412,34.9967361111111,126.7161,8,1,0,0,0,0,1,7,7,1,0,0,0,0,1,4,5,4,0,0,,,,,,
4617060000,전라남도 나주시 이창동,2025090412,34.994475,126.712644444444,8,1,0,0,0,0,1,7,7,1,0,0,0,0,1,4,5,4,0,0,,,,,,
4617062000,전라남도 나주시 빛가람동,2025090412,35.0224527777778,126.789441666667,8,5,0,0,0,0,1,7,7,1,0,0,0,0,1,4,2,4,0,0,,,,,,
4623000000,전라남도 광양시,2025090412,34.9375361111111,127.698177777777,9,5,0,0,0,0,1,6,7,4,0,0,0,0,1,4,5,1,0,0,,,,,,
4623025000,전라남도 광양시 광양읍,2025090412,34.9702083333333,127.583199999999,7,5,0,0,0,0,1,6,7,4,0,0,0,0,1,4,5,1,0,0,,,,,,
4623031000,전라남도 광양시 봉강면,2025090412,35.0083638888888,127.583341666666,7,5,0,0,0,0,1,6,7,4,0,0,0,0,1,4,2,1,0,0,,,,,,
4623032000,전라남도 광양시 옥룡면,2025090412,35.0138083333333,127.621397222222,9,5,0,0,0,0,1,6,7,4,0,0,0,0,1,4,2,1,0,0,,,,,,
4623033000,전라남도 광양시 옥곡면,2025090412,34.9863194444444,127.701066666666,7,5,0,0,0,0,1,6,7,4,0,0,0,0,1,4,5,1,0,0,,,,,,
4623034000,전라남도 광양시 진상면,2025090412,35.0168666666666,127.721819444444,7,5,0,0,0,0,1,6,7,4,0,0,0,0,1,4,5,1,0,0,,,,,,
4623035000,전라남도 광양시 진월면,2025090412,34.9753305555555,127.760244444444,7,5,0,0,0,0,1,6,7,4,0,0,0,0,1,4,5,1,0,0,,,,,,
4623036000,전라남도 광양시 다압면,2025090412,35.1201972222222,127.693219444444,9,5,0,0,0,0,1,6,7,4,0,0,0,0,1,6,5,1,0,0,,,,,,
4623051500,전라남도 광양시 골약동,2025090412,34.9354305555555,127.680497222222,9,5,0,0,0,0,1,6,7,4,0,0,0,0,1,4,5,1,0,0,,,,,,
4623053000,전라남도 광양시 중마동,2025090412,34.9378527777777,127.699811111111,9,5,0,0,0,0,1,6,7,4,0,0,0,0,1,4,5,1,0,0,,,,,,
4623054000,전라남도 광양시 광영동,2025090412,34.9598277777777,127.724155555555,9,5,0,0,0,0,1,6,7,4,0,0,0,0,1,4,5,3,0,0,,,,,,
4623055000,전라남도 광양시 금호동,2025090412,34.9345972222222,127.725319444444,8,5,0,0,0,0,1,6,7,4,0,0,0,0,1,4,5,3,0,0,,,,,,
4623057000,전라남도 광양시 태인동,2025090412,34.9394027777777,127.751819444444,9,5,0,0,0,0,1,6,7,4,0,0,0,0,1,4,5,3,0,0,,,,,,
4671000000,전라남도 담양군,2025090412,35.318125,126.990163888888,7,5,0,0,0,0,1,6,7,1,0,0,0,0,1,4,5,2,0,0,,,,,,
4671025000,전라남도 담양군 담양읍,2025090412,35.3174888888888,126.983944444444,7,5,0,0,0,0,1,6,7,1,0,0,0,0,1,4,5,2,0,0,,,,,,
4671031000,전라남도 담양군 봉산면,2025090412,35.2731555555555,126.959011111111,7,4,0,0,0,0,1,6,7,1,0,0,0,0,1,4,5,3,0,0,,,,,,
4671032000,전라남도 담양군 고서면,2025090412,35.2204777777777,126.975197222222,8,5,0,0,0,0,1,6,7,1,0,0,0,0,1,4,5,3,0,0,,,,,,
4671033500,전라남도 담양군 가사문학면,2025090412,35.1744194444444,127.029933333333,9,4,0,0,0,0,1,6,7,1,0,0,0,0,1,4,2,3,0,0,,,,,,
4671034000,전라남도 담양군 창평면,2025090412,35.2357944444444,127.021086111111,8,4,0,0,0,0,1,6,7,1,0,0,0,0,1,4,2,3,0,0,,,,,,
4671035000,전라남도 담양군 대덕면,2025090412,35.2463861111111,127.039122222222,8,5,0,0,0,0,1,6,7,1,0,0,0,0,1,4,2,3,0,0,,,,,,
4671036000,전라남도 담양군 무정면,2025090412,35.2918361111111,127.032163888888,7,4,0,0,0,0,1,6,7,1,0,0,0,0,1,4,5,3,0,0,,,,,,
4671037000,전라남도 담양군 금성면,2025090412,35.3403222222222,127.027611111111,7,5,0,0,0,0,1,6,7,1,0,0,0,0,1,4,5,2,0,0,,,,,,
4671038000,전라남도 담양군 용면,2025090412,35.3618972222222,126.989597222222,7,4,0,0,0,0,1,6,7,1,0,0,0,0,1,4,5,2,0,0,,,,,,
4671039000,전라남도 담양군 월산면,2025090412,35.3372416666666,126.956755555555,7,4,0,0,0,0,1,6,7,1,0,0,0,0,1,4,5,2,0,0,,,,,,
4671040000,전라남도 담양군 수북면,2025090412,35.2987111111111,126.9308,7,4,0,0,0,0,1,6,7,1,0,0,0,0,1,4,5,3,0,0,,,,,,
4671041000,전라남도 담양군 대전면,2025090412,35.2718055555555,126.890088888888,7,3,0,0,0,0,1,6,7,1,0,0,0,0,1,4,5,3,0,0,,,,,,
4672000000,전라남도 곡성군,2025090412,35.2789555555555,127.294108333333,8,4,0,0,0,0,1,6,7,1,0,0,0,0,1,4,5,1,0,0,,,,,,
4672025000,전라남도 곡성군 곡성읍,2025090412,35.2791666666666,127.298444444444,8,4,0,0,0,0,1,6,7,1,0,0,0,0,1,4,5,1,0,0,,,,,,
4672031000,전라남도 곡성군 오곡면,2025090412,35.2692583333333,127.316111111111,8,4,0,0,0,0,1,6,7,1,0,0,0,0,1,4,5,1,0,0,,,,,,
4672032000,전라남도 곡성군 삼기면,2025090412,35.2329388888888,127.213797222222,9,4,0,0,0,0,1,6,7,1,0,0,0,0,1,4,2,1,0,0,,,,,,
4672033000,전라남도 곡성군 석곡면,2025090412,35.1299222222222,127.256222222222,9,4,0,0,0,0,1,6,7,1,0,0,0,0,1,4,2,1,0,0,,,,,,
4672034000,전라남도 곡성군 목사동면,2025090412,35.1176777777777,127.302033333333,9,4,0,0,0,0,1,6,7,1,0,0,0,0,1,4,2,1,0,0,,,,,,
4672035000,전라남도 곡성군 죽곡면,2025090412,35.1481333333333,127.321388888888,9,3,0,0,0,0,1,6,7,1,0,0,0,0,1,4,5,1,0,0,,,,,,
4672036000,전라남도 곡성군 고달면,2025090412,35.2926,127.343463888888,8,4,0,0,0,0,1,6,7,1,0,0,0,0,1,4,5,1,0,0,,,,,,
4672037000,전라남도 곡성군 옥과면,2025090412,35.2737722222222,127.137697222222,8,5,0,0,0,0,1,6,7,1,0,0,0,0,1,4,2,1,0,0,,,,,,
4672038000,전라남도 곡성군 입면,2025090412,35.2940805555555,127.206241666666,9,4,0,0,0,0,1,6,7,1,0,0,0,0,1,4,2,1,0,0,,,,,,
4672039000,전라남도 곡성군 겸면,2025090412,35.2525833333333,127.174541666666,9,4,0,0,0,0,1,6,7,1,0,0,0,0,1,4,2,1,0,0,,,,,,
4672040000,전라남도 곡성군 오산면,2025090412,35.2348888888888,127.123619444444,9,5,0,0,0,0,1,6,7,1,0,0,0,0,1,4,2,1,0,0,,,,,,
4673000000,전라남도 구례군,2025090412,35.1994583333333,127.464933333333,9,5,0,0,0,0,1,6,7,1,0,0,0,0,1,4,5,1,0,0,,,,,,
4673025000,전라남도 구례군 구례읍,2025090412,35.2056833333333,127.465219444444,9,4,0,0,0,0,1,6,7,1,0,0,0,0,1,6,5,1,0,0,,,,,,
4673031000,전라남도 구례군 문척면,2025090412,35.188725,127.4912,9,5,0,0,0,0,1,6,5,1,0,0,0,0,1,4,2,1,0,0,,,,,,
4673032000,전라남도 구례군 간전면,2025090412,35.1751388888888,127.545922222222,9,5,0,0,0,0,1,6,5,1,0,0,0,0,1,6,5,1,0,0,,,,,,
4673033000,전라남도 구례군 토지면,2025090412,35.1947666666666,127.528363888888,9,5,0,0,0,0,1,6,5,1,0,0,0,0,1,4,2,1,0,0,,,,,,
4673034000,전라남도 구례군 마산면,2025090412,35.2201166666666,127.489508333333,9,5,0,0,0,0,1,6,5,1,0,0,0,0,1,6,5,1,0,0,,,,,,
4673035000,전라남도 구례군 광의면,2025090412,35.2571583333333,127.442075,9,4,0,0,0,0,1,6,7,1,0,0,0,0,1,6,5,1,0,0,,,,,,
4673036000,전라남도 구례군 용방면,2025090412,35.2475916666666,127.432277777777,9,4,0,0,0,0,1,6,7,1,0,0,0,0,1,6,5,1,0,0,,,,,,
4673037000,전라남도 구례군 산동면,2025090412,35.3127527777777,127.441533333333,9,5,0,0,0,0,1,6,7,1,0,0,0,0,1,6,7,1,0,0,,,,,,
4677000000,전라남도 고흥군,2025090412,34.6080694444444,127.287055555555,9,5,0,0,0,0,1,4,7,4,0,0,0,0,1,4,7,4,0,0,,,,,,
4677025000,전라남도 고흥군 고흥읍,2025090412,34.6029694444444,127.282441666666,9,5,0,0,0,0,1,4,7,4,0,0,0,0,1,4,7,4,0,0,,,,,,
4677025300,전라남도 고흥군 도양읍,2025090412,34.5264027777777,127.140555555555,9,5,0,0,0,0,1,4,7,4,0,0,0,0,1,6,7,3,0,0,,,,,,
4677031000,전라남도 고흥군 풍양면,2025090412,34.5724305555555,127.244075,9,5,0,0,0,0,1,4,7,4,0,0,0,0,1,4,7,3,0,0,,,,,,
4677032000,전라남도 고흥군 도덕면,2025090412,34.5636111111111,127.179886111111,9,5,0,0,0,0,1,4,7,4,0,0,0,0,1,6,7,3,0,0,,,,,,
4677033000,전라남도 고흥군 금산면,2025090412,34.4559722222222,127.127197222222,9,5,0,0,0,0,1,4,7,4,0,0,0,0,1,6,7,3,0,0,,,,,,
4677034000,전라남도 고흥군 도화면,2025090412,34.5069666666666,127.319508333333,9,5,0,0,0,0,1,4,7,5,0,0,0,0,1,6,7,4,0,0,,,,,,
4677035000,전라남도 고흥군 포두면,2025090412,34.5683777777777,127.342677777777,9,5,0,0,0,0,1,4,7,4,0,0,0,0,1,6,7,4,0,0,,,,,,
4677036000,전라남도 고흥군 봉래면,2025090412,34.4605916666666,127.461152777777,9,5,0,0,0,0,1,6,9,5,0,0,0,0,1,6,7,4,0,0,,,,,,
4677037000,전라남도 고흥군 점암면,2025090412,34.6497138888888,127.381586111111,9,5,0,0,0,0,1,4,7,5,0,0,0,0,1,4,6,4,0,0,,,,,,
4677038000,전라남도 고흥군 과역면,2025090412,34.6781027777777,127.361975,9,5,0,0,0,0,1,4,7,4,0,0,0,0,1,4,6,4,0,0,,,,,,
4677039000,전라남도 고흥군 남양면,2025090412,34.7258305555555,127.3419,9,5,0,0,0,0,1,4,7,4,0,0,0,0,1,4,5,3,0,0,,,,,,
4677040000,전라남도 고흥군 동강면,2025090412,34.7762861111111,127.336066666666,9,5,0,0,0,0,1,4,7,4,0,0,0,0,1,4,5,2,0,0,,,,,,
4677041000,전라남도 고흥군 대서면,2025090412,34.7682,127.286255555555,8,5,0,0,0,0,1,4,7,4,0,0,0,0,1,4,5,2,0,0,,,,,,
4677042000,전라남도 고흥군 두원면,2025090412,34.6434555555555,127.275775,9,5,0,0,0,0,1,4,7,4,0,0,0,0,1,4,6,3,0,0,,,,,,
4677044000,전라남도 고흥군 영남면,2025090412,34.59885,127.458055555555,9,5,0,0,0,0,1,4,7,5,0,0,0,0,1,6,7,4,0,0,,,,,,
4677045000,전라남도 고흥군 동일면,2025090412,34.4989277777777,127.469363888888,9,5,0,0,0,0,1,6,9,5,0,0,0,0,1,6,7,4,0,0,,,,,,
4678000000,전라남도 보성군,2025090412,34.7683333333333,127.082088888888,9,5,0,0,0,0,1,6,6,4,0,0,0,0,1,4,5,2,0,0,,,,,,
4678025000,전라남도 보성군 보성읍,2025090412,34.7655166666666,127.082222222222,9,5,0,0,0,0,1,6,6,4,0,0,0,0,1,4,5,2,0,0,,,,,,
4678025300,전라남도 보성군 벌교읍,2025090412,34.8442138888888,127.343844444444,7,5,0,0,0,0,1,6,7,4,0,0,0,0,1,4,2,1,0,0,,,,,,
4678031000,전라남도 보성군 노동면,2025090412,34.7941722222222,127.072841666666,9,5,0,0,0,0,1,6,6,4,0,0,0,0,1,4,5,2,0,0,,,,,,
4678032000,전라남도 보성군 미력면,2025090412,34.7978388888888,127.089641666666,9,5,0,0,0,0,1,6,6,4,0,0,0,0,1,4,5,2,0,0,,,,,,
4678033000,전라남도 보성군 겸백면,2025090412,34.8263638888888,127.153930555555,7,5,0,0,0,0,1,6,7,4,0,0,0,0,1,4,2,2,0,0,,,,,,
4678034000,전라남도 보성군 율어면,2025090412,34.8675361111111,127.189108333333,7,5,0,0,0,0,1,6,7,2,0,0,0,0,1,3,2,2,0,0,,,,,,
4678035000,전라남도 보성군 복내면,2025090412,34.8899361111111,127.133333333333,9,5,0,0,0,0,1,6,7,1,0,0,0,0,1,3,2,2,0,0,,,,,,
4678036000,전라남도 보성군 문덕면,2025090412,34.9262166666666,127.174541666666,9,4,0,0,0,0,1,6,7,2,0,0,0,0,1,3,2,2,0,0,,,,,,
4678037000,전라남도 보성군 조성면,2025090412,34.8054,127.249744444444,7,5,0,0,0,0,1,6,7,4,0,0,0,0,1,4,2,2,0,0,,,,,,
4678038000,전라남도 보성군 득량면,2025090412,34.7590333333333,127.170775,8,5,0,0,0,0,1,4,7,4,0,0,0,0,1,4,5,2,0,0,,,,,,
4678039000,전라남도 보성군 회천면,2025090412,34.6656527777777,127.087441666666,8,4,0,0,0,0,1,4,6,4,0,0,0,0,1,4,6,3,0,0,,,,,,
4678040000,전라남도 보성군 웅치면,2025090412,34.7127972222222,127.022352777777,9,5,0,0,0,0,1,6,6,4,0,0,0,0,1,4,2,1,0,0,,,,,,
4679000000,전라남도 화순군,2025090412,35.0614805555555,126.988566666666,9,5,0,0,0,0,1,6,7,1,0,0,0,0,1,4,2,3,0,0,,,,,,
4679025000,전라남도 화순군 화순읍,2025090412,35.0569194444444,126.986688888888,9,5,0,0,0,0,1,6,7,1,0,0,0,0,1,4,2,3,0,0,,,,,,
4679031000,전라남도 화순군 한천면,2025090412,34.9748305555555,127.000788888888,9,5,0,0,0,0,1,6,7,1,0,0,0,0,1,4,2,2,0,0,,,,,,
4679032000,전라남도 화순군 춘양면,2025090412,34.9475388888888,126.962108333333,8,5,0,0,0,0,1,6,7,1,0,0,0,0,1,4,2,3,0,0,,,,,,
4679033000,전라남도 화순군 청풍면,2025090412,34.8732305555555,126.972344444444,9,5,0,0,0,0,1,6,7,1,0,0,0,0,1,4,2,3,0,0,,,,,,
4679034000,전라남도 화순군 이양면,2025090412,34.8847666666666,126.990677777777,9,5,0,0,0,0,1,6,7,2,0,0,0,0,1,4,2,3,0,0,,,,,,
4679035000,전라남도 화순군 능주면,2025090412,34.9868444444444,126.959966666666,8,5,0,0,0,0,1,6,7,1,0,0,0,0,1,4,2,3,0,0,,,,,,
4679036000,전라남도 화순군 도곡면,2025090412,34.9931,126.919575,8,5,0,0,0,0,1,6,7,1,0,0,0,0,1,4,2,3,0,0,,,,,,
4679037000,전라남도 화순군 도암면,2025090412,34.9347138888888,126.898888888888,9,5,0,0,0,0,1,6,7,1,0,0,0,0,1,4,2,2,0,0,,,,,,
4679038000,전라남도 화순군 이서면,2025090412,35.1073805555555,127.073166666666,9,4,0,0,0,0,1,6,7,1,0,0,0,0,1,4,2,3,0,0,,,,,,
4679039500,전라남도 화순군 백아면,2025090412,35.1650694444444,127.134386111111,9,5,0,0,0,0,1,6,7,1,0,0,0,0,1,4,2,1,0,0,,,,,,
4679040000,전라남도 화순군 동복면,2025090412,35.0680861111111,127.131233333333,9,4,0,0,0,0,1,6,7,1,0,0,0,0,1,4,2,3,0,0,,,,,,
4679041500,전라남도 화순군 사평면,2025090412,35.0041972222222,127.097955555555,9,5,0,0,0,0,1,6,7,1,0,0,0,0,1,4,2,3,0,0,,,,,,
4679042000,전라남도 화순군 동면,2025090412,35.0268583333333,127.040666666666,9,5,0,0,0,0,1,6,7,1,0,0,0,0,1,4,2,3,0,0,,,,,,
4680000000,전라남도 장흥군,2025090412,34.678525,126.909108333333,9,5,0,0,0,0,1,6,5,4,0,0,0,0,1,3,2,2,0,0,,,,,,
4680025000,전라남도 장흥군 장흥읍,2025090412,34.6766583333333,126.904711111111,8,5,0,0,0,0,1,6,5,4,0,0,0,0,1,3,2,2,0,0,,,,,,
4680025300,전라남도 장흥군 관산읍,2025090412,34.5584166666666,126.940977777777,9,4,0,0,0,0,1,4,5,4,0,0,0,0,1,4,5,3,0,0,,,,,,
4680025600,전라남도 장흥군 대덕읍,2025090412,34.4943638888888,126.888966666666,9,4,0,0,0,0,1,4,5,4,0,0,0,0,1,4,5,3,0,0,,,,,,
4680031000,전라남도 장흥군 용산면,2025090412,34.6117666666666,126.916133333333,9,4,0,0,0,0,1,4,5,4,0,0,0,0,1,4,5,2,0,0,,,,,,
4680032000,전라남도 장흥군 안양면,2025090412,34.6469055555555,126.976077777777,8,5,0,0,0,0,1,4,5,4,0,0,0,0,1,4,2,2,0,0,,,,,,
4680033000,전라남도 장흥군 장동면,2025090412,34.7468055555555,126.997375,9,5,0,0,0,0,1,6,6,4,0,0,0,0,1,4,2,1,0,0,,,,,,
4680034000,전라남도 장흥군 장평면,2025090412,34.7705916666666,126.976975,9,5,0,0,0,0,1,6,5,2,0,0,0,0,1,4,2,3,0,0,,,,,,
4680035000,전라남도 장흥군 유치면,2025090412,34.7991944444444,126.841152777777,9,5,0,0,0,0,1,6,7,2,0,0,0,0,1,4,5,3,0,0,,,,,,
4680036000,전라남도 장흥군 부산면,2025090412,34.7202833333333,126.905463888888,8,5,0,0,0,0,1,6,7,2,0,0,0,0,1,4,2,3,0,0,,,,,,
4680037000,전라남도 장흥군 회진면,2025090412,34.4784166666666,126.941633333333,9,5,0,0,0,0,1,4,7,4,0,0,0,0,1,4,7,3,0,0,,,,,,
4681000000,전라남도 강진군,2025090412,34.6389111111111,126.769197222222,8,5,0,0,0,0,1,6,5,4,0,0,0,0,1,4,2,3,0,0,,,,,,
4681025000,전라남도 강진군 강진읍,2025090412,34.6327694444444,126.775577777777,8,5,0,0,0,0,1,6,5,4,0,0,0,0,1,4,2,3,0,0,,,,,,
4681031000,전라남도 강진군 군동면,2025090412,34.6417555555555,126.817108333333,8,5,0,0,0,0,1,6,5,4,0,0,0,0,1,4,2,2,0,0,,,,,,
4681032000,전라남도 강진군 칠량면,2025090412,34.5696055555555,126.801255555555,9,4,0,0,0,0,1,4,5,4,0,0,0,0,1,4,5,3,0,0,,,,,,
4681033000,전라남도 강진군 대구면,2025090412,34.4922611111111,126.802866666666,9,5,0,0,0,0,1,4,5,4,0,0,0,0,1,4,5,3,0,0,,,,,,
4681034000,전라남도 강진군 도암면,2025090412,34.5432083333333,126.729941666666,9,4,0,0,0,0,1,6,5,4,0,0,0,0,1,4,2,3,0,0,,,,,,
4681035000,전라남도 강진군 신전면,2025090412,34.5103777777777,126.722055555555,9,4,0,0,0,0,1,4,5,4,0,0,0,0,1,4,5,3,0,0,,,,,,
4681036000,전라남도 강진군 성전면,2025090412,34.6895833333333,126.711141666666,8,5,0,0,0,0,1,6,7,4,0,0,0,0,1,4,2,4,0,0,,,,,,
4681037000,전라남도 강진군 작천면,2025090412,34.7011166666666,126.773463888888,9,5,0,0,0,0,1,6,7,4,0,0,0,0,1,4,2,3,0,0,,,,,,
4681038000,전라남도 강진군 병영면,2025090412,34.7137805555555,126.814752777777,8,5,0,0,0,0,1,6,7,2,0,0,0,0,1,4,5,3,0,0,,,,,,
4681039000,전라남도 강진군 옴천면,2025090412,34.7419444444444,126.796452777777,9,5,0,0,0,0,1,6,7,2,0,0,0,0,1,4,5,3,0,0,,,,,,
4681040000,전라남도 강진군 마량면,2025090412,34.4473361111111,126.820997222222,9,5,0,0,0,0,1,4,6,4,0,0,0,0,1,4,5,3,0,0,,,,,,
4682000000,전라남도 해남군,2025090412,34.5704361111111,126.601288888888,9,5,0,0,0,0,1,6,7,4,0,0,0,0,1,4,5,4,0,0,,,,,,
4682025000,전라남도 해남군 해남읍,2025090412,34.56205,126.601263888888,9,5,0,0,0,0,1,6,7,4,0,0,0,0,1,4,5,4,0,0,,,,,,
4682031000,전라남도 해남군 삼산면,2025090412,34.5177138888888,126.612022222222,9,4,0,0,0,0,1,6,7,4,0,0,0,0,1,4,5,4,0,0,,,,,,
4682032000,전라남도 해남군 화산면,2025090412,34.4882,126.517263888888,9,5,0,0,0,0,1,6,7,4,0,0,0,0,1,4,5,4,0,0,,,,,,
4682033000,전라남도 해남군 현산면,2025090412,34.4567444444444,126.555597222222,9,4,0,0,0,0,1,6,7,4,0,0,0,0,1,4,5,4,0,0,,,,,,
4682034000,전라남도 해남군 송지면,2025090412,34.3664416666666,126.521444444444,9,5,0,0,0,0,1,6,7,5,0,0,0,0,1,4,5,4,0,0,,,,,,
4682035000,전라남도 해남군 북평면,2025090412,34.4049972222222,126.627455555555,9,5,0,0,0,0,1,6,7,4,0,0,0,0,1,4,5,3,0,0,,,,,,
4682036000,전라남도 해남군 북일면,2025090412,34.4610472222222,126.678097222222,9,4,0,0,0,0,1,6,7,4,0,0,0,0,1,3,5,3,0,0,,,,,,
4682037000,전라남도 해남군 옥천면,2025090412,34.5643527777777,126.649866666666,9,4,0,0,0,0,1,6,5,4,0,0,0,0,1,4,5,3,0,0,,,,,,
4682038000,전라남도 해남군 계곡면,2025090412,34.6419888888888,126.6616,9,5,0,0,0,0,1,6,7,4,0,0,0,0,1,4,5,4,0,0,,,,,,
4682039000,전라남도 해남군 마산면,2025090412,34.6185166666666,126.570130555555,9,5,0,0,0,0,1,6,7,4,0,0,0,0,1,4,6,4,0,0,,,,,,
4682040000,전라남도 해남군 황산면,2025090412,34.5737972222222,126.438430555555,9,5,0,0,0,0,1,6,7,4,0,0,0,0,1,4,6,4,0,0,,,,,,
4682041000,전라남도 해남군 산이면,2025090412,34.6416111111111,126.449908333333,9,5,0,0,0,0,1,6,7,4,0,0,0,0,1,4,6,4,0,0,,,,,,
4682042000,전라남도 해남군 문내면,2025090412,34.5888472222222,126.310611111111,9,4,0,0,0,0,1,6,7,4,0,0,0,0,1,4,6,4,0,0,,,,,,
4682043000,전라남도 해남군 화원면,2025090412,34.6677527777777,126.329730555555,9,1,0,0,0,0,1,7,7,4,0,0,0,0,1,4,7,4,0,0,,,,,,
4683000000,전라남도 영암군,2025090412,34.7969888888888,126.698619444444,9,5,0,0,0,0,1,6,7,2,0,0,0,0,1,4,5,3,0,0,,,,,,
4683025000,전라남도 영암군 영암읍,2025090412,34.7966666666666,126.703397222222,9,5,0,0,0,0,1,6,7,2,0,0,0,0,1,4,5,3,0,0,,,,,,
4683025300,전라남도 영암군 삼호읍,2025090412,34.7429083333333,126.471188888888,9,5,0,0,0,0,1,6,7,4,0,0,0,0,1,3,6,4,0,0,,,,,,
4683031000,전라남도 영암군 덕진면,2025090412,34.8157694444444,126.699075,9,5,0,0,0,0,1,6,7,2,0,0,0,0,1,4,5,4,0,0,,,,,,
4683032000,전라남도 영암군 금정면,2025090412,34.8599583333333,126.751044444444,9,5,0,0,0,0,1,6,7,1,0,0,0,0,1,4,5,4,0,0,,,,,,
4683033000,전라남도 영암군 신북면,2025090412,34.8872194444444,126.694597222222,8,5,0,0,0,0,1,6,7,1,0,0,0,0,1,4,6,4,0,0,,,,,,
4683034000,전라남도 영암군 시종면,2025090412,34.8655138888888,126.609122222222,8,1,0,0,0,0,1,6,7,1,0,0,0,0,1,4,6,4,0,0,,,,,,
4683035000,전라남도 영암군 도포면,2025090412,34.8421055555555,126.645752777777,9,5,0,0,0,0,1,6,7,2,0,0,0,0,1,4,6,4,0,0,,,,,,
4683036000,전라남도 영암군 군서면,2025090412,34.7765111111111,126.652597222222,9,5,0,0,0,0,1,6,7,2,0,0,0,0,1,4,5,3,0,0,,,,,,
4683037000,전라남도 영암군 서호면,2025090412,34.7518888888888,126.586952777777,8,5,0,0,0,0,1,6,7,4,0,0,0,0,1,4,5,4,0,0,,,,,,
4683038000,전라남도 영암군 학산면,2025090412,34.7231,126.572155555555,9,5,0,0,0,0,1,6,7,4,0,0,0,0,1,4,5,4,0,0,,,,,,
4683039000,전라남도 영암군 미암면,2025090412,34.6961638888888,126.573808333333,9,5,0,0,0,0,1,6,7,4,0,0,0,0,1,4,6,4,0,0,,,,,,
4684000000,전라남도 무안군,2025090412,34.9873694444444,126.4837,9,1,0,0,0,0,1,7,7,1,0,0,0,0,1,4,7,4,0,0,,,,,,
4684025000,전라남도 무안군 무안읍,2025090412,34.9874694444444,126.478333333333,9,1,0,0,0,0,1,7,7,1,0,0,0,0,1,4,7,4,0,0,,,,,,
4684025300,전라남도 무안군 일로읍,2025090412,34.8483083333333,126.492366666666,8,1,0,0,0,0,1,7,7,4,0,0,0,0,1,4,6,4,0,0,,,,,,
4684025600,전라남도 무안군 삼향읍,2025090412,34.8200361111111,126.443586111111,9,1,0,0,0,0,1,7,7,4,0,0,0,0,1,4,7,4,0,0,,,,,,
4684032000,전라남도 무안군 몽탄면,2025090412,34.9276611111111,126.504108333333,8,1,0,0,0,0,1,7,7,4,0,0,0,0,1,4,7,4,0,0,,,,,,
4684033000,전라남도 무안군 청계면,2025090412,34.9079388888888,126.430841666666,8,1,0,0,0,0,1,7,7,4,0,0,0,0,1,4,7,4,0,0,,,,,,
4684034000,전라남도 무안군 현경면,2025090412,35.0183305555555,126.413952777777,8,1,0,0,0,0,1,7,7,4,0,0,0,0,1,4,7,4,0,0,,,,,,
4684035000,전라남도 무안군 망운면,2025090412,35.0098111111111,126.396608333333,8,1,0,0,0,0,1,7,7,4,0,0,0,0,1,4,7,4,0,0,,,,,,
4684036000,전라남도 무안군 해제면,2025090412,35.1073916666666,126.296541666666,7,1,0,0,0,0,1,7,8,5,0,0,0,0,1,6,7,4,0,0,,,,,,
4684037000,전라남도 무안군 운남면,2025090412,34.9591416666666,126.345286111111,8,1,0,0,0,0,1,7,9,5,0,0,0,0,1,6,7,4,0,0,,,,,,
4686000000,전라남도 함평군,2025090412,35.0627444444444,126.518619444444,8,1,0,0,0,0,1,7,7,1,0,0,0,0,1,4,7,4,0,0,,,,,,
4686025000,전라남도 함평군 함평읍,2025090412,35.0623138888888,126.522222222222,8,1,0,0,0,0,1,7,7,1,0,0,0,0,1,4,7,4,0,0,,,,,,
4686031000,전라남도 함평군 손불면,2025090412,35.140175,126.433797222222,7,1,0,0,0,0,1,7,7,1,0,0,0,0,1,4,7,4,0,0,,,,,,
4686032000,전라남도 함평군 신광면,2025090412,35.1525527777777,126.499752777777,6,1,0,0,0,0,1,6,7,1,0,0,0,0,1,4,7,3,0,0,,,,,,
4686033000,전라남도 함평군 학교면,2025090412,35.0138416666666,126.539588888888,9,1,0,0,0,0,1,7,7,1,0,0,0,0,1,4,7,4,0,0,,,,,,
4686034000,전라남도 함평군 엄다면,2025090412,35.0071888888888,126.517908333333,9,1,0,0,0,0,1,7,7,1,0,0,0,0,1,4,7,4,0,0,,,,,,
4686035000,전라남도 함평군 대동면,2025090412,35.0656555555555,126.533422222222,8,1,0,0,0,0,1,7,7,1,0,0,0,0,1,4,7,4,0,0,,,,,,
4686036000,전라남도 함평군 나산면,2025090412,35.1108,126.610986111111,8,1,0,0,0,0,1,6,7,1,0,0,0,0,1,3,6,4,0,0,,,,,,
4686037000,전라남도 함평군 해보면,2025090412,35.1774138888888,126.603219444444,6,1,0,0,0,0,1,6,7,1,0,0,0,0,1,3,5,2,0,0,,,,,,
4686038000,전라남도 함평군 월야면,2025090412,35.1769361111111,126.634311111111,6,1,0,0,0,0,1,6,7,1,0,0,0,0,1,3,5,2,0,0,,,,,,
4687000000,전라남도 영광군,2025090412,35.2741666666666,126.514086111111,4,1,0,0,0,0,1,6,7,1,0,0,0,0,1,3,5,2,0,0,,,,,,
4687025000,전라남도 영광군 영광읍,2025090412,35.2749,126.513930555555,4,1,0,0,0,0,1,6,7,1,0,0,0,0,1,3,5,2,0,0,,,,,,
4687025300,전라남도 영광군 백수읍,2025090412,35.2801694444444,126.422786111111,4,1,0,0,0,0,1,6,7,1,0,0,0,0,1,3,5,3,0,0,,,,,,
4687025600,전라남도 영광군 홍농읍,2025090412,35.3926472222222,126.447419444444,4,1,0,0,0,0,1,6,7,1,0,0,0,0,1,4,7,2,0,0,,,,,,
4687031000,전라남도 영광군 대마면,2025090412,35.298325,126.579533333333,6,1,0,0,0,0,1,6,7,1,0,0,0,0,1,3,5,2,0,0,,,,,,
4687032000,전라남도 영광군 묘량면,2025090412,35.2540333333333,126.545211111111,7,1,0,0,0,0,1,6,7,1,0,0,0,0,1,3,5,2,0,0,,,,,,
4687033000,전라남도 영광군 불갑면,2025090412,35.2059222222222,126.509641666666,7,1,0,0,0,0,1,6,7,1,0,0,0,0,1,4,7,2,0,0,,,,,,
4687034000,전라남도 영광군 군서면,2025090412,35.2547583333333,126.477211111111,6,1,0,0,0,0,1,6,7,1,0,0,0,0,1,3,5,2,0,0,,,,,,
4687035000,전라남도 영광군 군남면,2025090412,35.2366555555555,126.454711111111,4,1,0,0,0,0,1,6,7,1,0,0,0,0,1,3,5,2,0,0,,,,,,
4687036000,전라남도 영광군 염산면,2025090412,35.2147833333333,126.373966666666,6,1,0,0,0,0,1,7,7,2,0,0,0,0,1,3,5,2,0,0,,,,,,
4687037000,전라남도 영광군 법성면,2025090412,35.3589944444444,126.448022222222,4,1,0,0,0,0,1,6,7,1,0,0,0,0,1,4,7,2,0,0,,,,,,
4687038000,전라남도 영광군 낙월면,2025090412,35.1991361111111,126.139622222222,4,4,0,0,0,0,1,7,9,5,0,0,0,0,1,6,7,4,0,0,,,,,,
4688000000,전라남도 장성군,2025090412,35.2988111111111,126.786975,6,4,0,0,0,0,1,6,7,1,0,0,0,0,1,4,5,2,0,0,,,,,,
4688025000,전라남도 장성군 장성읍,2025090412,35.3000055555555,126.787286111111,6,4,0,0,0,0,1,6,7,1,0,0,0,0,1,4,5,2,0,0,,,,,,
4688031000,전라남도 장성군 진원면,2025090412,35.2701055555555,126.835463888888,7,3,0,0,0,0,1,6,7,1,0,0,0,0,1,4,5,2,0,0,,,,,,
4688032000,전라남도 장성군 남면,2025090412,35.2412555555555,126.814288888888,7,4,0,0,0,0,1,6,7,1,0,0,0,0,1,4,5,3,0,0,,,,,,
4688033000,전라남도 장성군 동화면,2025090412,35.2812333333333,126.740922222222,7,4,0,0,0,0,1,6,7,1,0,0,0,0,1,3,5,2,0,0,,,,,,
4688034000,전라남도 장성군 삼서면,2025090412,35.2291111111111,126.648477777777,7,1,0,0,0,0,1,6,7,1,0,0,0,0,1,3,5,2,0,0,,,,,,
4688035000,전라남도 장성군 삼계면,2025090412,35.2564888888888,126.666575,7,1,0,0,0,0,1,6,7,1,0,0,0,0,1,3,5,2,0,0,,,,,,
4688036000,전라남도 장성군 황룡면,2025090412,35.2857999999999,126.775055555555,6,4,0,0,0,0,1,6,7,1,0,0,0,0,1,4,5,2,0,0,,,,,,
4688037000,전라남도 장성군 서삼면,2025090412,35.3310416666666,126.769222222222,4,4,0,0,0,0,1,6,7,1,0,0,0,0,1,4,2,2,0,0,,,,,,
4688038000,전라남도 장성군 북일면,2025090412,35.3717361111111,126.8094,7,4,0,0,0,0,1,6,7,1,0,0,0,0,1,4,2,1,0,0,,,,,,
4688039000,전라남도 장성군 북이면,2025090412,35.4256694444444,126.810752777777,6,3,0,0,0,0,1,6,7,1,0,0,0,0,1,4,2,1,0,0,,,,,,
4688040000,전라남도 장성군 북하면,2025090412,35.4042722222222,126.881763888888,6,3,0,0,0,0,1,6,7,1,0,0,0,0,1,4,2,1,0,0,,,,,,
4689000000,전라남도 완도군,2025090412,34.3078527777777,126.757097222222,9,4,0,0,0,0,1,4,7,4,0,0,0,0,1,6,7,3,0,0,,,,,,
4689025000,전라남도 완도군 완도읍,2025090412,34.3135861111111,126.747577777777,9,4,0,0,0,0,1,4,7,4,0,0,0,0,1,6,7,3,0,0,,,,,,
4689025300,전라남도 완도군 금일읍,2025090412,34.3456916666666,127.031552777777,9,5,0,0,0,0,1,4,7,4,0,0,0,0,1,6,7,3,0,0,,,,,,
4689025600,전라남도 완도군 노화읍,2025090412,34.1746888888888,126.577866666666,9,5,0,0,0,0,1,6,9,6,0,0,0,0,1,6,6,3,0,0,,,,,,
4689031000,전라남도 완도군 군외면,2025090412,34.3862555555555,126.649475,9,5,0,0,0,0,1,4,7,4,0,0,0,0,1,3,5,3,0,0,,,,,,
4689032000,전라남도 완도군 신지면,2025090412,34.3316027777777,126.829263888888,9,4,0,0,0,0,1,4,7,4,0,0,0,0,1,6,7,3,0,0,,,,,,
4689033000,전라남도 완도군 고금면,2025090412,34.3917805555555,126.806397222222,9,5,0,0,0,0,1,4,7,4,0,0,0,0,1,4,7,3,0,0,,,,,,
4689034000,전라남도 완도군 약산면,2025090412,34.3904944444444,126.900244444444,9,4,0,0,0,0,1,4,7,4,0,0,0,0,1,4,7,3,0,0,,,,,,
4689035000,전라남도 완도군 청산면,2025090412,34.1767194444444,126.860997222222,7,3,0,0,0,0,1,4,9,5,0,0,0,0,1,6,7,3,0,0,,,,,,
4689036000,전라남도 완도군 소안면,2025090412,34.17165,126.653022222222,9,4,0,0,0,0,1,4,9,5,0,0,0,0,1,6,7,3,0,0,,,,,,
4689037000,전라남도 완도군 금당면,2025090412,34.42675,127.073266666666,9,5,0,0,0,0,1,4,7,4,0,0,0,0,1,6,7,3,0,0,,,,,,
4689038000,전라남도 완도군 보길면,2025090412,34.1659166666666,126.569608333333,9,5,0,0,0,0,1,6,9,6,0,0,0,0,1,6,6,3,0,0,,,,,,
4689039000,전라남도 완도군 생일면,2025090412,34.32995,126.999697222222,7,4,0,0,0,0,1,4,7,4,0,0,0,0,1,6,7,3,0,0,,,,,,
4690000000,전라남도 진도군,2025090412,34.48375,126.265544444444,9,5,0,0,0,0,1,6,9,6,0,0,0,0,1,5,6,5,0,0,,,,,,
4690025000,전라남도 진도군 진도읍,2025090412,34.4777555555555,126.264966666666,9,5,0,0,0,0,1,6,9,5,0,0,0,0,1,4,6,4,0,0,,,,,,
4690031000,전라남도 진도군 군내면,2025090412,34.5093805555555,126.293977777777,9,4,0,0,0,0,1,6,9,5,0,0,0,0,1,4,5,4,0,0,,,,,,
4690032000,전라남도 진도군 고군면,2025090412,34.4873388888888,126.345022222222,9,5,0,0,0,0,1,6,9,5,0,0,0,0,1,4,5,4,0,0,,,,,,
4690033000,전라남도 진도군 의신면,2025090412,34.4361694444444,126.285463888888,9,5,0,0,0,0,1,6,9,5,0,0,0,0,1,4,6,4,0,0,,,,,,
4690034000,전라남도 진도군 임회면,2025090412,34.4028916666666,126.192163888888,9,4,0,0,0,0,1,7,9,5,0,0,0,0,1,3,7,5,0,0,,,,,,
4690035000,전라남도 진도군 지산면,2025090412,34.4224916666666,126.169311111111,9,4,0,0,0,0,1,7,9,5,0,0,0,0,1,3,7,5,0,0,,,,,,
4690036000,전라남도 진도군 조도면,2025090412,34.29385,126.049075,9,4,0,0,0,0,1,7,9,5,0,0,0,0,1,5,7,5,0,0,,,,,,
4691000000,전라남도 신안군,2025090412,34.7898111111111,126.381730555555,9,1,0,0,0,0,1,7,7,4,0,0,0,0,1,4,7,5,0,0,,,,,,
4691025000,전라남도 신안군 지도읍,2025090412,35.0582166666666,126.209588888888,7,1,0,0,0,0,1,7,9,5,0,0,0,0,1,6,7,4,0,0,,,,,,
4691025300,전라남도 신안군 압해읍,2025090412,34.8623611111111,126.314411111111,8,1,0,0,0,0,1,7,9,5,0,0,0,0,1,4,7,4,0,0,,,,,,
4691031000,전라남도 신안군 증도면,2025090412,34.9997277777777,126.141622222222,7,1,0,0,0,0,1,7,9,5,0,0,0,0,1,6,7,4,0,0,,,,,,
4691032000,전라남도 신안군 임자면,2025090412,35.0811416666666,126.113186111111,4,1,0,0,0,0,1,7,9,5,0,0,0,0,1,6,7,4,0,0,,,,,,
4691033000,전라남도 신안군 자은면,2025090412,34.8813555555555,126.049411111111,7,1,0,0,0,0,1,7,9,5,0,0,0,0,1,6,7,4,0,0,,,,,,
4691034000,전라남도 신안군 비금면,2025090412,34.7522,125.928633333333,8,3,0,0,0,0,1,7,9,5,0,0,0,0,1,6,7,5,0,0,,,,,,
4691035000,전라남도 신안군 도초면,2025090412,34.7004916666666,125.955408333333,8,3,0,0,0,0,1,7,9,5,0,0,0,0,1,6,7,4,0,0,,,,,,
4691036000,전라남도 신안군 흑산면,2025090412,34.679775,125.431263888888,4,3,0,0,0,0,1,6,9,5,0,0,0,0,1,4,7,5,0,0,,,,,,
4691037000,전라남도 신안군 하의면,2025090412,34.6037111111111,126.038552777777,8,3,0,0,0,0,1,7,9,5,0,0,0,0,1,4,7,5,0,0,,,,,,
4691038000,전라남도 신안군 신의면,2025090412,34.5819972222222,126.090286111111,7,3,0,0,0,0,1,7,9,5,0,0,0,0,1,4,7,5,0,0,,,,,,
4691039000,전라남도 신안군 장산면,2025090412,34.6396666666666,126.150930555555,7,3,0,0,0,0,1,7,9,5,0,0,0,0,1,4,7,5,0,0,,,,,,
4691040000,전라남도 신안군 안좌면,2025090412,34.7529472222222,126.126666666666,8,3,0,0,0,0,1,7,9,5,0,0,0,0,1,4,7,4,0,0,,,,,,
4691041000,전라남도 신안군 팔금면,2025090412,34.7819277777777,126.144522222222,9,3,0,0,0,0,1,7,9,5,0,0,0,0,1,4,7,4,0,0,,,,,,
4691042000,전라남도 신안군 암태면,2025090412,34.8241111111111,126.114041666666,7,3,0,0,0,0,1,7,9,5,0,0,0,0,1,4,7,4,0,0,,,,,,
4700000000,경상북도,2025090412,36.5759985118295,128.505832256098,7,4,0,0,0,0,1,6,7,4,0,0,0,0,1,6,7,4,0,0,,,,,,
4711100000,경상북도 포항시남구,2025090412,36.0056861111111,129.361666666666,8,4,0,0,0,0,1,6,9,5,0,0,0,0,1,4,7,3,0,0,,,,,,
4711125000,경상북도 포항시남구 구룡포읍,2025090412,35.982075,129.548530555555,5,5,0,0,0,0,1,6,9,5,0,0,0,0,1,4,7,4,0,0,,,,,,
4711125300,경상북도 포항시남구 연일읍,2025090412,35.988625,129.346419444444,8,4,0,0,0,0,1,6,9,5,0,0,0,0,1,4,7,3,0,0,,,,,,
4711125600,경상북도 포항시남구 오천읍,2025090412,35.9601972222222,129.417033333333,7,4,0,0,0,0,1,6,9,5,0,0,0,0,1,4,7,4,0,0,,,,,,
4711131000,경상북도 포항시남구 대송면,2025090412,35.9654944444444,129.362244444444,7,4,0,0,0,0,1,6,9,5,0,0,0,0,1,4,7,3,0,0,,,,,,
4711132000,경상북도 포항시남구 동해면,2025090412,35.9855083333333,129.442541666666,7,4,0,0,0,0,1,6,9,5,0,0,0,0,1,4,7,4,0,0,,,,,,
4711133000,경상북도 포항시남구 장기면,2025090412,35.8927777777777,129.494919444444,7,4,0,0,0,0,1,6,9,5,0,0,0,0,1,4,7,4,0,0,,,,,,
4711135000,경상북도 포항시남구 호미곶면,2025090412,36.0808541,129.5555306,7,4,0,0,0,0,1,8,9,5,0,0,0,0,1,6,7,4,0,0,,,,,,
4711152500,경상북도 포항시남구 상대동,2025090412,36.0140192,129.3569633,8,4,0,0,0,0,1,6,9,5,0,0,0,0,1,4,7,3,0,0,,,,,,
4711154500,경상북도 포항시남구 해도동,2025090412,36.0232859,129.3714474,8,4,0,0,0,0,1,6,9,5,0,0,0,0,1,4,7,3,0,0,,,,,,
4711155000,경상북도 포항시남구 송도동,2025090412,36.0288888888888,129.377833333333,8,4,0,0,0,0,1,6,9,5,0,0,0,0,1,4,7,3,0,0,,,,,,
4711156000,경상북도 포항시남구 청림동,2025090412,35.9943833333333,129.407997222222,7,4,0,0,0,0,1,6,9,5,0,0,0,0,1,4,7,4,0,0,,,,,,
4711157000,경상북도 포항시남구 제철동,2025090412,35.9893111111111,129.399419444444,7,4,0,0,0,0,1,6,9,5,0,0,0,0,1,4,7,4,0,0,,,,,,
4711158000,경상북도 포항시남구 효곡동,2025090412,36.0050472222222,129.333177777777,8,4,0,0,0,0,1,6,9,5,0,0,0,0,1,4,7,3,0,0,,,,,,
4711159000,경상북도 포항시남구 대이동,2025090412,36.0141583333333,129.345333333333,8,4,0,0,0,0,1,6,9,5,0,0,0,0,1,4,7,3,0,0,,,,,,
4711300000,경상북도 포항시북구,2025090412,36.03885,129.367908333333,7,4,0,0,0,0,1,6,9,5,0,0,0,0,1,4,7,4,0,0,,,,,,
4711325000,경상북도 포항시북구 흥해읍,2025090412,36.1041277777777,129.344041666666,7,4,0,0,0,0,1,6,9,5,0,0,0,0,1,4,7,4,0,0,,,,,,
4711331000,경상북도 포항시북구 신광면,2025090412,36.1270888888888,129.265244444444,8,5,0,0,0,0,1,6,9,4,0,0,0,0,1,4,7,3,0,0,,,,,,
4711332000,경상북도 포항시북구 청하면,2025090412,36.1961722222222,129.339833333333,8,4,0,0,0,0,1,6,9,5,0,0,0,0,1,4,7,4,0,0,,,,,,
4711333000,경상북도 포항시북구 송라면,2025090412,36.2259,129.359230555555,7,5,0,0,0,0,1,6,9,5,0,0,0,0,1,4,7,4,0,0,,,,,,
4711334000,경상북도 포항시북구 기계면,2025090412,36.0694583333333,129.212555555555,8,5,0,0,0,0,1,6,9,4,0,0,0,0,1,4,7,3,0,0,,,,,,
4711335000,경상북도 포항시북구 죽장면,2025090412,36.1572222222222,129.098022222222,7,4,0,0,0,0,1,6,7,4,0,0,0,0,1,4,7,3,0,0,,,,,,
4711336000,경상북도 포항시북구 기북면,2025090412,36.1256083333333,129.1686,8,5,0,0,0,0,1,6,7,4,0,0,0,0,1,4,7,3,0,0,,,,,,
4711352000,경상북도 포항시북구 중앙동,2025090412,36.0367805555555,129.366288888888,7,4,0,0,0,0,1,6,9,5,0,0,0,0,1,4,7,4,0,0,,,,,,
4711363000,경상북도 포항시북구 양학동,2025090412,36.0223111111111,129.352686111111,8,4,0,0,0,0,1,6,9,5,0,0,0,0,1,4,7,3,0,0,,,,,,
4711365500,경상북도 포항시북구 죽도동,2025090412,36.0318403,129.3640625,7,4,0,0,0,0,1,6,9,5,0,0,0,0,1,4,7,4,0,0,,,,,,
4711366500,경상북도 포항시북구 용흥동,2025090412,36.0354083333333,129.359908333333,7,4,0,0,0,0,1,6,9,5,0,0,0,0,1,4,7,4,0,0,,,,,,
4711368000,경상북도 포항시북구 우창동,2025090412,36.0516888888888,129.363944444444,7,4,0,0,0,0,1,6,9,5,0,0,0,0,1,4,7,4,0,0,,,,,,
4711369000,경상북도 포항시북구 두호동,2025090412,36.0578694444444,129.382352777777,7,4,0,0,0,0,1,6,9,5,0,0,0,0,1,4,7,4,0,0,,,,,,
4711370000,경상북도 포항시북구 장량동,2025090412,36.0671972222222,129.381363888888,7,4,0,0,0,0,1,6,9,5,0,0,0,0,1,4,7,4,0,0,,,,,,
4711371000,경상북도 포항시북구 환여동,2025090412,36.0669666666666,129.400244444444,7,4,0,0,0,0,1,6,9,5,0,0,0,0,1,4,7,4,0,0,,,,,,
4713000000,경상북도 경주시,2025090412,35.8531694444444,129.227022222222,9,5,0,0,0,0,1,6,9,4,0,0,0,0,1,4,7,3,0,0,,,,,,
4713025000,경상북도 경주시 감포읍,2025090412,35.8043722222222,129.503888888888,8,3,0,0,0,0,1,6,9,5,0,0,0,0,1,4,7,4,0,0,,,,,,
4713025300,경상북도 경주시 안강읍,2025090412,35.9871972222222,129.229444444444,8,3,0,0,0,0,1,6,9,4,0,0,0,0,1,4,7,3,0,0,,,,,,
4713025600,경상북도 경주시 건천읍,2025090412,35.8470111111111,129.104697222222,9,4,0,0,0,0,1,6,7,4,0,0,0,0,1,4,7,3,0,0,,,,,,
4713025900,경상북도 경주시 외동읍,2025090412,35.7129527777777,129.327366666666,8,4,0,0,0,0,1,6,9,4,0,0,0,0,1,4,5,3,0,0,,,,,,
4713031500,경상북도 경주시 문무대왕면,2025090412,35.7880916666666,129.445408333333,8,4,0,0,0,0,1,6,9,5,0,0,0,0,1,4,7,4,0,0,,,,,,
4713032000,경상북도 경주시 양남면,2025090412,35.6747611111111,129.462663888888,8,4,0,0,0,0,1,6,9,5,0,0,0,0,1,4,7,4,0,0,,,,,,
4713033000,경상북도 경주시 내남면,2025090412,35.749475,129.202475,9,5,0,0,0,0,1,6,9,4,0,0,0,0,1,4,5,3,0,0,,,,,,
4713034000,경상북도 경주시 산내면,2025090412,35.7546444444444,129.049575,9,5,0,0,0,0,1,6,7,4,0,0,0,0,1,4,7,3,0,0,,,,,,
4713035000,경상북도 경주시 서면,2025090412,35.8884083333333,129.054866666666,9,4,0,0,0,0,1,6,7,4,0,0,0,0,1,4,7,3,0,0,,,,,,
4713036000,경상북도 경주시 현곡면,2025090412,35.8633388888888,129.204697222222,9,5,0,0,0,0,1,6,9,4,0,0,0,0,1,4,7,3,0,0,,,,,,
4713037000,경상북도 경주시 강동면,2025090412,35.9847361111111,129.275544444444,8,3,0,0,0,0,1,6,9,4,0,0,0,0,1,4,7,3,0,0,,,,,,
4713038000,경상북도 경주시 천북면,2025090412,35.8922916666666,129.273430555555,8,5,0,0,0,0,1,6,9,4,0,0,0,0,1,4,7,3,0,0,,,,,,
4713051500,경상북도 경주시 중부동,2025090412,35.8389583333333,129.208552777777,9,5,0,0,0,0,1,6,9,4,0,0,0,0,1,4,7,3,0,0,,,,,,
4713053000,경상북도 경주시 황오동,2025090412,35.8381388888888,129.217055555555,9,5,0,0,0,0,1,6,9,4,0,0,0,0,1,4,7,3,0,0,,,,,,
4713055000,경상북도 경주시 성건동,2025090412,35.8478222222222,129.209641666666,9,5,0,0,0,0,1,6,9,4,0,0,0,0,1,4,7,3,0,0,,,,,,
4713057000,경상북도 경주시 황남동,2025090412,35.8322972222222,129.212866666666,9,5,0,0,0,0,1,6,9,4,0,0,0,0,1,4,7,3,0,0,,,,,,
4713059000,경상북도 경주시 선도동,2025090412,35.8230138888888,129.190544444444,9,5,0,0,0,0,1,6,9,4,0,0,0,0,1,4,7,3,0,0,,,,,,
4713060500,경상북도 경주시 월성동,2025090412,35.8335861111111,129.222022222222,9,5,0,0,0,0,1,6,9,4,0,0,0,0,1,4,7,3,0,0,,,,,,
4713061500,경상북도 경주시 용강동,2025090412,35.8611638888888,129.225463888888,9,5,0,0,0,0,1,6,9,4,0,0,0,0,1,4,7,3,0,0,,,,,,
4713062100,경상북도 경주시 황성동,2025090412,35.856825,129.220752777777,9,5,0,0,0,0,1,6,9,4,0,0,0,0,1,4,7,3,0,0,,,,,,
4713063000,경상북도 경주시 동천동,2025090412,35.8517277777777,129.224988888888,9,5,0,0,0,0,1,6,9,4,0,0,0,0,1,4,7,3,0,0,,,,,,
4713065000,경상북도 경주시 불국동,2025090412,35.7720277777777,129.302833333333,9,5,0,0,0,0,1,6,9,4,0,0,0,0,1,4,5,3,0,0,,,,,,
4713066000,경상북도 경주시 보덕동,2025090412,35.8317194444444,129.289833333333,9,5,0,0,0,0,1,6,9,4,0,0,0,0,1,4,7,3,0,0,,,,,,
4715000000,경상북도 김천시,2025090412,36.1368972222222,128.1158,8,3,0,0,0,0,1,6,7,4,0,0,0,0,1,6,5,2,0,0,,,,,,
4715025000,경상북도 김천시 아포읍,2025090412,36.1569055555555,128.255677777777,8,3,0,0,0,0,1,6,7,4,0,0,0,0,1,6,5,3,0,0,,,,,,
4715031000,경상북도 김천시 농소면,2025090412,36.1030555555555,128.174508333333,8,3,0,0,0,0,1,6,7,4,0,0,0,0,1,6,5,3,0,0,,,,,,
4715032000,경상북도 김천시 남면,2025090412,36.1049527777777,128.191688888888,8,3,0,0,0,0,1,6,7,4,0,0,0,0,1,6,5,3,0,0,,,,,,
4715034000,경상북도 김천시 개령면,2025090412,36.164775,128.188422222222,8,3,0,0,0,0,1,6,7,4,0,0,0,0,1,6,5,3,0,0,,,,,,
4715035000,경상북도 김천시 감문면,2025090412,36.2112944444444,128.183355555555,7,3,0,0,0,0,1,6,7,4,0,0,0,0,1,6,5,3,0,0,,,,,,
4715036000,경상북도 김천시 어모면,2025090412,36.1776527777777,128.120888888888,7,3,0,0,0,0,1,6,7,4,0,0,0,0,1,6,5,2,0,0,,,,,,
4715037000,경상북도 김천시 봉산면,2025090412,36.1385472222222,128.0624,8,3,0,0,0,0,1,6,7,4,0,0,0,0,1,4,5,3,0,0,,,,,,
4715038000,경상북도 김천시 대항면,2025090412,36.1215277777777,128.024352777777,8,3,0,0,0,0,1,6,7,4,0,0,0,0,1,4,5,3,0,0,,,,,,
4715039000,경상북도 김천시 감천면,2025090412,36.0630527777777,128.127677777777,8,3,0,0,0,0,1,6,7,4,0,0,0,0,1,6,5,3,0,0,,,,,,
4715040000,경상북도 김천시 조마면,2025090412,36.0319749999999,128.101263888888,8,3,0,0,0,0,1,6,7,4,0,0,0,0,1,6,5,3,0,0,,,,,,
4715041000,경상북도 김천시 구성면,2025090412,36.0295194444444,128.049919444444,8,5,0,0,0,0,1,6,7,4,0,0,0,0,1,4,5,2,0,0,,,,,,
4715042000,경상북도 김천시 지례면,2025090412,35.9818444444444,128.028844444444,8,5,0,0,0,0,1,6,7,4,0,0,0,0,1,4,5,2,0,0,,,,,,
4715043000,경상북도 김천시 부항면,2025090412,35.9872444444444,127.957277777777,8,5,0,0,0,0,1,6,7,4,0,0,0,0,1,4,5,1,0,0,,,,,,
4715044000,경상북도 김천시 대덕면,2025090412,35.9148972222222,127.971011111111,9,5,0,0,0,0,1,6,7,4,0,0,0,0,1,4,5,1,0,0,,,,,,
4715045000,경상북도 김천시 증산면,2025090412,35.8990111111111,128.0374,9,5,0,0,0,0,1,6,7,4,0,0,0,0,1,4,5,1,0,0,,,,,,
4715051600,경상북도 김천시 자산동,2025090412,36.1222487,128.127875,8,3,0,0,0,0,1,6,7,4,0,0,0,0,1,6,5,2,0,0,,,,,,
4715053600,경상북도 김천시 평화남산동,2025090412,36.1252893,128.1095406,8,3,0,0,0,0,1,6,7,4,0,0,0,0,1,6,5,2,0,0,,,,,,
4715056500,경상북도 김천시 양금동,2025090412,36.1104222222222,128.126175,8,3,0,0,0,0,1,6,7,4,0,0,0,0,1,6,5,2,0,0,,,,,,
4715057500,경상북도 김천시 대신동,2025090412,36.1321361111111,128.119866666666,8,3,0,0,0,0,1,6,7,4,0,0,0,0,1,6,5,2,0,0,,,,,,
4715059500,경상북도 김천시 대곡동,2025090412,36.1215722222222,128.091452777777,8,3,0,0,0,0,1,6,7,4,0,0,0,0,1,6,5,2,0,0,,,,,,
4715061000,경상북도 김천시 지좌동,2025090412,36.1167416666666,128.146708333333,8,3,0,0,0,0,1,6,7,4,0,0,0,0,1,6,5,3,0,0,,,,,,
4715064000,경상북도 김천시 율곡동,2025090412,36.12446944,128.181725,8,3,0,0,0,0,1,6,7,4,0,0,0,0,1,6,5,3,0,0,,,,,,
4717000000,경상북도 안동시,2025090412,36.5654638888888,128.731622222222,8,1,0,0,0,0,1,7,7,4,0,0,0,0,1,4,7,3,0,0,,,,,,
4717025000,경상북도 안동시 풍산읍,2025090412,36.5771805555555,128.574263888888,8,3,0,0,0,0,1,6,7,4,0,0,0,0,1,4,7,2,0,0,,,,,,
4717031000,경상북도 안동시 와룡면,2025090412,36.6134833333333,128.768763888888,7,2,0,0,0,0,1,7,7,4,0,0,0,0,1,4,7,3,0,0,,,,,,
4717032000,경상북도 안동시 북후면,2025090412,36.6821805555555,128.704508333333,8,4,0,0,0,0,1,7,7,4,0,0,0,0,1,4,7,3,0,0,,,,,,
4717033000,경상북도 안동시 서후면,2025090412,36.6140333333333,128.666111111111,8,2,0,0,0,0,1,7,7,4,0,0,0,0,1,4,7,3,0,0,,,,,,
4717034000,경상북도 안동시 풍천면,2025090412,36.5532555555555,128.508741666666,8,3,0,0,0,0,1,6,7,4,0,0,0,0,1,4,7,2,0,0,,,,,,
4717035000,경상북도 안동시 일직면,2025090412,36.4723805555555,128.661863888888,8,1,0,0,0,0,1,7,7,4,0,0,0,0,1,4,7,3,0,0,,,,,,
4717036000,경상북도 안동시 남후면,2025090412,36.5206972222222,128.692263888888,8,1,0,0,0,0,1,7,7,4,0,0,0,0,1,4,7,3,0,0,,,,,,
4717037000,경상북도 안동시 남선면,2025090412,36.5232055555555,128.772130555555,7,1,0,0,0,0,1,7,7,4,0,0,0,0,1,4,7,3,0,0,,,,,,
4717038000,경상북도 안동시 임하면,2025090412,36.5218611111111,128.833133333333,5,2,0,0,0,0,1,7,7,4,0,0,0,0,1,4,7,2,0,0,,,,,,
4717039000,경상북도 안동시 길안면,2025090412,36.4530333333333,128.896763888888,5,3,0,0,0,0,1,7,7,4,0,0,0,0,1,4,5,1,0,0,,,,,,
4717040000,경상북도 안동시 임동면,2025090412,36.5659416666666,128.919886111111,5,2,0,0,0,0,1,7,7,4,0,0,0,0,1,4,7,3,0,0,,,,,,
4717041000,경상북도 안동시 예안면,2025090412,36.6583638888888,128.887419444444,7,2,0,0,0,0,1,7,7,4,0,0,0,0,1,4,7,3,0,0,,,,,,
4717042000,경상북도 안동시 도산면,2025090412,36.7390055555555,128.835577777777,7,3,0,0,0,0,1,7,7,4,0,0,0,0,1,4,5,3,0,0,,,,,,
4717043000,경상북도 안동시 녹전면,2025090412,36.7399083333333,128.775955555555,7,3,0,0,0,0,1,7,7,4,0,0,0,0,1,4,5,3,0,0,,,,,,
4717051000,경상북도 안동시 중구동,2025090412,36.5638305555555,128.731933333333,8,1,0,0,0,0,1,7,7,4,0,0,0,0,1,4,7,3,0,0,,,,,,
4717052000,경상북도 안동시 명륜동,2025090412,36.5793805555555,128.737130555555,8,1,0,0,0,0,1,7,7,4,0,0,0,0,1,4,7,3,0,0,,,,,,
4717055500,경상북도 안동시 용상동,2025090412,36.5561833333333,128.751886111111,7,1,0,0,0,0,1,7,7,4,0,0,0,0,1,4,7,3,0,0,,,,,,
4717058500,경상북도 안동시 서구동,2025090412,36.5613833333333,128.719730555555,7,1,0,0,0,0,1,7,7,4,0,0,0,0,1,4,7,3,0,0,,,,,,
4717060000,경상북도 안동시 태화동,2025090412,36.5597277777777,128.715963888888,7,1,0,0,0,0,1,7,7,4,0,0,0,0,1,4,7,3,0,0,,,,,,
4717062000,경상북도 안동시 평화동,2025090412,36.5661999999999,128.715375,7,1,0,0,0,0,1,7,7,4,0,0,0,0,1,4,7,3,0,0,,,,,,
4717063000,경상북도 안동시 안기동,2025090412,36.5800305555555,128.716730555555,7,1,0,0,0,0,1,7,7,4,0,0,0,0,1,4,7,3,0,0,,,,,,
4717065000,경상북도 안동시 옥동,2025090412,36.5586222222222,128.703999999999,7,1,0,0,0,0,1,7,7,4,0,0,0,0,1,4,7,3,0,0,,,,,,
4717066000,경상북도 안동시 송하동,2025090412,36.5675722222222,128.698530555555,7,1,0,0,0,0,1,7,7,4,0,0,0,0,1,4,7,3,0,0,,,,,,
4717069000,경상북도 안동시 강남동,2025090412,36.5493444444444,128.721952777777,7,1,0,0,0,0,1,7,7,4,0,0,0,0,1,4,7,3,0,0,,,,,,
4719000000,경상북도 구미시,2025090412,36.11655,128.346777777777,8,3,0,0,0,0,1,6,7,4,0,0,0,0,1,6,7,3,0,0,,,,,,
4719025000,경상북도 구미시 선산읍,2025090412,36.2399277777777,128.301175,8,3,0,0,0,0,1,6,7,4,0,0,0,0,1,6,5,3,0,0,,,,,,
4719025300,경상북도 구미시 고아읍,2025090412,36.1533472222222,128.351986111111,8,3,0,0,0,0,1,6,7,4,0,0,0,0,1,6,7,3,0,0,,,,,,
4719025600,경상북도 구미시 산동읍,2025090412,36.1667833333333,128.436355555555,7,2,0,0,0,0,1,6,7,4,0,0,0,0,1,4,7,3,0,0,,,,,,
4719031000,경상북도 구미시 무을면,2025090412,36.2577972222222,128.199663888888,7,3,0,0,0,0,1,6,7,4,0,0,0,0,1,4,5,3,0,0,,,,,,
4719032000,경상북도 구미시 옥성면,2025090412,36.2928666666666,128.280955555555,7,3,0,0,0,0,1,6,7,4,0,0,0,0,1,4,5,3,0,0,,,,,,
4719033000,경상북도 구미시 도개면,2025090412,36.2965194444444,128.332963888888,7,3,0,0,0,0,1,6,7,4,0,0,0,0,1,4,7,3,0,0,,,,,,
4719034000,경상북도 구미시 해평면,2025090412,36.1967722222222,128.393741666666,7,3,0,0,0,0,1,6,7,4,0,0,0,0,1,6,7,3,0,0,,,,,,
4719036000,경상북도 구미시 장천면,2025090412,36.1228694444444,128.497441666666,8,2,0,0,0,0,1,6,7,4,0,0,0,0,1,4,7,3,0,0,,,,,,
4719051000,경상북도 구미시 송정동,2025090412,36.1154,128.349622222222,8,3,0,0,0,0,1,6,7,4,0,0,0,0,1,6,7,3,0,0,,,,,,
4719053500,경상북도 구미시 원평동,2025090412,36.1249305555555,128.3408,8,3,0,0,0,0,1,6,7,4,0,0,0,0,1,6,7,3,0,0,,,,,,
4719055100,경상북도 구미시 도량동,2025090412,36.1375583333333,128.334688888888,8,3,0,0,0,0,1,6,7,4,0,0,0,0,1,6,7,3,0,0,,,,,,
4719055500,경상북도 구미시 지산동,2025090412,36.1366805555555,128.348055555555,8,3,0,0,0,0,1,6,7,4,0,0,0,0,1,6,7,3,0,0,,,,,,
4719056500,경상북도 구미시 선주원남동,2025090412,36.1213583333333,128.339419444444,8,3,0,0,0,0,1,6,7,4,0,0,0,0,1,6,7,3,0,0,,,,,,
4719058200,경상북도 구미시 형곡1동,2025090412,36.1109944444444,128.336666666666,8,3,0,0,0,0,1,6,7,4,0,0,0,0,1,6,7,3,0,0,,,,,,
4719058300,경상북도 구미시 형곡2동,2025090412,36.1033027777777,128.3378,7,3,0,0,0,0,1,6,7,4,0,0,0,0,1,6,5,3,0,0,,,,,,
4719059000,경상북도 구미시 신평1동,2025090412,36.1179222222222,128.361466666666,7,3,0,0,0,0,1,6,7,4,0,0,0,0,1,6,7,3,0,0,,,,,,
4719060000,경상북도 구미시 신평2동,2025090412,36.1200611111111,128.367975,7,3,0,0,0,0,1,6,7,4,0,0,0,0,1,6,7,3,0,0,,,,,,
4719061000,경상북도 구미시 비산동,2025090412,36.1207083333333,128.383077777777,7,3,0,0,0,0,1,6,7,4,0,0,0,0,1,6,7,3,0,0,,,,,,
4719063000,경상북도 구미시 광평동,2025090412,36.1017416666666,128.368266666666,7,2,0,0,0,0,1,6,7,4,0,0,0,0,1,6,7,3,0,0,,,,,,
4719064500,경상북도 구미시 상모사곡동,2025090412,36.0967361111111,128.360111111111,7,3,0,0,0,0,1,6,7,4,0,0,0,0,1,6,5,3,0,0,,,,,,
4719066000,경상북도 구미시 임오동,2025090412,36.0862555555555,128.371477777777,7,2,0,0,0,0,1,6,7,4,0,0,0,0,1,6,7,3,0,0,,,,,,
4719067000,경상북도 구미시 인동동,2025090412,36.1040361111111,128.422855555555,8,4,0,0,0,0,1,6,7,4,0,0,0,0,1,6,7,3,0,0,,,,,,
4719068000,경상북도 구미시 진미동,2025090412,36.1030166666666,128.420855555555,8,4,0,0,0,0,1,6,7,4,0,0,0,0,1,6,7,3,0,0,,,,,,
4719069000,경상북도 구미시 양포동,2025090412,36.1338805555555,128.427833333333,8,2,0,0,0,0,1,6,7,4,0,0,0,0,1,4,7,3,0,0,,,,,,
4719070000,경상북도 구미시 공단동,2025090412,36.0984472222222,128.386675,7,2,0,0,0,0,1,6,7,4,0,0,0,0,1,6,7,3,0,0,,,,,,
4721000000,경상북도 영주시,2025090412,36.8029361111111,128.626344444444,6,1,0,0,0,0,1,6,7,4,0,0,0,0,1,4,5,3,0,0,,,,,,
4721025000,경상북도 영주시 풍기읍,2025090412,36.868,128.527155555555,5,2,0,0,0,0,1,6,7,4,0,0,0,0,1,4,5,1,0,0,,,,,,
4721031000,경상북도 영주시 이산면,2025090412,36.8188916666666,128.658497222222,6,1,0,0,0,0,1,6,7,4,0,0,0,0,1,4,5,3,0,0,,,,,,
4721032000,경상북도 영주시 평은면,2025090412,36.74015,128.678086111111,7,1,0,0,0,0,1,7,7,4,0,0,0,0,1,4,5,3,0,0,,,,,,
4721033000,경상북도 영주시 문수면,2025090412,36.7692277777777,128.632697222222,6,2,0,0,0,0,1,6,7,4,0,0,0,0,1,4,5,3,0,0,,,,,,
4721034000,경상북도 영주시 장수면,2025090412,36.7717972222222,128.580875,6,2,0,0,0,0,1,6,7,4,0,0,0,0,1,4,5,3,0,0,,,,,,
4721035000,경상북도 영주시 안정면,2025090412,36.8428166666666,128.558863888888,5,2,0,0,0,0,1,6,7,4,0,0,0,0,1,4,5,1,0,0,,,,,,
4721036000,경상북도 영주시 봉현면,2025090412,36.8585527777777,128.527333333333,5,2,0,0,0,0,1,6,7,4,0,0,0,0,1,4,5,1,0,0,,,,,,
4721037000,경상북도 영주시 순흥면,2025090412,36.912875,128.577286111111,4,3,0,0,0,0,1,6,7,4,0,0,0,0,1,4,5,1,0,0,,,,,,
4721038000,경상북도 영주시 단산면,2025090412,36.9484222222222,128.621666666666,4,3,0,0,0,0,1,7,7,4,0,0,0,0,1,4,5,1,0,0,,,,,,
4721039000,경상북도 영주시 부석면,2025090412,36.9760083333333,128.656363888888,5,3,0,0,0,0,1,7,7,4,0,0,0,0,1,4,5,2,0,0,,,,,,
4721051000,경상북도 영주시 상망동,2025090412,36.8258472222222,128.631697222222,6,1,0,0,0,0,1,6,7,4,0,0,0,0,1,4,5,3,0,0,,,,,,
4721052500,경상북도 영주시 하망동,2025090412,36.8209833333333,128.632577777777,6,1,0,0,0,0,1,6,7,4,0,0,0,0,1,4,5,3,0,0,,,,,,
4721055000,경상북도 영주시 영주1동,2025090412,36.8235555555555,128.622188888888,6,1,0,0,0,0,1,6,7,4,0,0,0,0,1,4,5,3,0,0,,,,,,
4721056000,경상북도 영주시 영주2동,2025090412,36.8178527777777,128.621030555555,6,1,0,0,0,0,1,6,7,4,0,0,0,0,1,4,5,3,0,0,,,,,,
4721059000,경상북도 영주시 휴천1동,2025090412,36.8155749999999,128.632130555555,6,1,0,0,0,0,1,6,7,4,0,0,0,0,1,4,5,3,0,0,,,,,,
4721060000,경상북도 영주시 휴천2동,2025090412,36.8071805555555,128.624011111111,6,1,0,0,0,0,1,6,7,4,0,0,0,0,1,4,5,3,0,0,,,,,,
4721061000,경상북도 영주시 휴천3동,2025090412,36.8095611111111,128.629886111111,6,1,0,0,0,0,1,6,7,4,0,0,0,0,1,4,5,3,0,0,,,,,,
4721062000,경상북도 영주시 가흥1동,2025090412,36.8158333333333,128.620197222222,6,1,0,0,0,0,1,6,7,4,0,0,0,0,1,4,5,3,0,0,,,,,,
4721063000,경상북도 영주시 가흥2동,2025090412,36.8264694444444,128.614066666666,6,2,0,0,0,0,1,6,7,4,0,0,0,0,1,4,5,3,0,0,,,,,,
4723000000,경상북도 영천시,2025090412,35.9700527777777,128.940775,9,4,0,0,0,0,1,6,7,4,0,0,0,0,1,4,7,3,0,0,,,,,,
4723025000,경상북도 영천시 금호읍,2025090412,35.9303361111111,128.879811111111,9,3,0,0,0,0,1,6,7,4,0,0,0,0,1,4,7,3,0,0,,,,,,
4723031000,경상북도 영천시 청통면,2025090412,35.989075,128.825286111111,8,3,0,0,0,0,1,6,7,4,0,0,0,0,1,4,7,3,0,0,,,,,,
4723032000,경상북도 영천시 신녕면,2025090412,36.0423361111111,128.792022222222,9,4,0,0,0,0,1,6,7,4,0,0,0,0,1,4,7,3,0,0,,,,,,
4723033000,경상북도 영천시 화산면,2025090412,36.0173666666666,128.854574999999,8,4,0,0,0,0,1,6,7,4,0,0,0,0,1,4,7,3,0,0,,,,,,
4723034000,경상북도 영천시 화북면,2025090412,36.1052777777777,128.921697222222,9,3,0,0,0,0,1,6,7,4,0,0,0,0,1,4,5,3,0,0,,,,,,
4723035000,경상북도 영천시 화남면,2025090412,36.0562027777777,128.891355555555,8,4,0,0,0,0,1,6,7,4,0,0,0,0,1,4,7,3,0,0,,,,,,
4723036000,경상북도 영천시 자양면,2025090412,36.0755,129.020441666666,9,4,0,0,0,0,1,6,7,4,0,0,0,0,1,4,7,3,0,0,,,,,,
4723037000,경상북도 영천시 임고면,2025090412,36.0181,128.976297222222,8,4,0,0,0,0,1,6,7,4,0,0,0,0,1,4,7,3,0,0,,,,,,
4723038000,경상북도 영천시 고경면,2025090412,35.9985861111111,129.048111111111,9,5,0,0,0,0,1,6,7,4,0,0,0,0,1,4,7,3,0,0,,,,,,
4723039000,경상북도 영천시 북안면,2025090412,35.9122666666666,129.011397222222,9,4,0,0,0,0,1,6,7,4,0,0,0,0,1,4,7,3,0,0,,,,,,
4723040000,경상북도 영천시 대창면,2025090412,35.8729166666666,128.897022222222,9,4,0,0,0,0,1,6,7,4,0,0,0,0,1,4,7,3,0,0,,,,,,
4723051000,경상북도 영천시 동부동,2025090412,35.9715555555555,128.944730555555,9,4,0,0,0,0,1,6,7,4,0,0,0,0,1,4,7,3,0,0,,,,,,
4723052000,경상북도 영천시 중앙동,2025090412,35.9703861111111,128.932041666666,9,4,0,0,0,0,1,6,7,4,0,0,0,0,1,4,7,3,0,0,,,,,,
4723053500,경상북도 영천시 서부동,2025090412,35.9606138888888,128.923788888888,9,4,0,0,0,0,1,6,7,4,0,0,0,0,1,4,7,3,0,0,,,,,,
4723054000,경상북도 영천시 완산동,2025090412,35.9619055555555,128.941797222222,9,4,0,0,0,0,1,6,7,4,0,0,0,0,1,4,7,3,0,0,,,,,,
4723055500,경상북도 영천시 남부동,2025090412,35.9542277777777,128.934933333333,9,4,0,0,0,0,1,6,7,4,0,0,0,0,1,4,7,3,0,0,,,,,,
4725000000,경상북도 상주시,2025090412,36.4079694444444,128.161263888888,7,3,0,0,0,0,1,6,7,4,0,0,0,0,1,4,5,3,0,0,,,,,,
4725025000,경상북도 상주시 함창읍,2025090412,36.5671805555555,128.181641666666,6,3,0,0,0,0,1,6,7,4,0,0,0,0,1,4,5,3,0,0,,,,,,
4725031000,경상북도 상주시 중동면,2025090412,36.4234222222222,128.273755555555,8,3,0,0,0,0,1,6,7,4,0,0,0,0,1,4,5,3,0,0,,,,,,
4725032500,경상북도 상주시 사벌국면,2025090412,36.4634166666666,128.210799999999,7,5,0,0,0,0,1,6,7,4,0,0,0,0,1,4,5,4,0,0,,,,,,
4725033000,경상북도 상주시 낙동면,2025090412,36.3720888888888,128.250408333333,7,3,0,0,0,0,1,6,7,4,0,0,0,0,1,4,5,3,0,0,,,,,,
4725034000,경상북도 상주시 청리면,2025090412,36.3356638888888,128.1328,5,3,0,0,0,0,1,6,7,4,0,0,0,0,1,4,5,3,0,0,,,,,,
4725035000,경상북도 상주시 공성면,2025090412,36.2804694444444,128.094597222222,7,3,0,0,0,0,1,6,7,4,0,0,0,0,1,4,5,3,0,0,,,,,,
4725036000,경상북도 상주시 외남면,2025090412,36.3545027777777,128.091586111111,5,3,0,0,0,0,1,6,7,4,0,0,0,0,1,4,5,3,0,0,,,,,,
4725037000,경상북도 상주시 내서면,2025090412,36.4093083333333,128.069222222222,7,3,0,0,0,0,1,6,7,4,0,0,0,0,1,4,5,2,0,0,,,,,,
4725038000,경상북도 상주시 모동면,2025090412,36.3171444444444,127.961552777777,7,4,0,0,0,0,1,6,7,4,0,0,0,0,1,4,5,1,0,0,,,,,,
4725039000,경상북도 상주시 모서면,2025090412,36.3395416666666,127.962244444444,7,4,0,0,0,0,1,6,7,4,0,0,0,0,1,4,5,1,0,0,,,,,,
4725040000,경상북도 상주시 화동면,2025090412,36.3866333333333,127.956263888888,7,3,0,0,0,0,1,6,7,4,0,0,0,0,1,4,5,2,0,0,,,,,,
4725041000,경상북도 상주시 화서면,2025090412,36.4424999999999,127.953577777777,6,3,0,0,0,0,1,6,7,4,0,0,0,0,1,4,5,2,0,0,,,,,,
4725042000,경상북도 상주시 화북면,2025090412,36.5603944444444,127.9194,6,3,0,0,0,0,1,6,7,4,0,0,0,0,1,4,5,2,0,0,,,,,,
4725043000,경상북도 상주시 외서면,2025090412,36.4763666666666,128.110319444444,7,3,0,0,0,0,1,6,7,4,0,0,0,0,1,4,5,3,0,0,,,,,,
4725044000,경상북도 상주시 은척면,2025090412,36.5287888888888,128.073755555555,6,3,0,0,0,0,1,6,7,4,0,0,0,0,1,4,5,2,0,0,,,,,,
4725045000,경상북도 상주시 공검면,2025090412,36.5092416666666,128.1608,5,4,0,0,0,0,1,6,7,4,0,0,0,0,1,4,5,4,0,0,,,,,,
4725046000,경상북도 상주시 이안면,2025090412,36.5765138888888,128.147752777777,6,2,0,0,0,0,1,6,7,4,0,0,0,0,1,4,5,2,0,0,,,,,,
4725047000,경상북도 상주시 화남면,2025090412,36.4453527777777,127.907686111111,4,3,0,0,0,0,1,6,7,4,0,0,0,0,1,4,5,2,0,0,,,,,,
4725052000,경상북도 상주시 남원동,2025090412,36.4125388888888,128.1548,7,3,0,0,0,0,1,6,7,4,0,0,0,0,1,4,5,3,0,0,,,,,,
4725053000,경상북도 상주시 북문동,2025090412,36.4260611111111,128.160008333333,7,3,0,0,0,0,1,6,7,4,0,0,0,0,1,4,5,3,0,0,,,,,,
4725054000,경상북도 상주시 계림동,2025090412,36.4191499999999,128.1665,7,3,0,0,0,0,1,6,7,4,0,0,0,0,1,4,5,3,0,0,,,,,,
4725055000,경상북도 상주시 동문동,2025090412,36.4144444444444,128.171308333333,7,3,0,0,0,0,1,6,7,4,0,0,0,0,1,4,5,3,0,0,,,,,,
4725056000,경상북도 상주시 동성동,2025090412,36.4123472222222,128.171944444444,7,3,0,0,0,0,1,6,7,4,0,0,0,0,1,4,5,3,0,0,,,,,,
4725057000,경상북도 상주시 신흥동,2025090412,36.4006861111111,128.162163888888,7,3,0,0,0,0,1,6,7,4,0,0,0,0,1,4,5,3,0,0,,,,,,
4728000000,경상북도 문경시,2025090412,36.5836305555555,128.189019444444,4,2,0,0,0,0,1,6,7,4,0,0,0,0,1,4,5,3,0,0,,,,,,
4728025000,경상북도 문경시 문경읍,2025090412,36.7343861111111,128.109222222222,4,3,0,0,0,0,1,6,7,4,0,0,0,0,1,4,5,3,0,0,,,,,,
4728025300,경상북도 문경시 가은읍,2025090412,36.6397527777777,128.064244444444,6,3,0,0,0,0,1,6,7,4,0,0,0,0,1,4,5,2,0,0,,,,,,
4728031000,경상북도 문경시 영순면,2025090412,36.5791583333333,128.238186111111,4,2,0,0,0,0,1,6,7,4,0,0,0,0,1,4,5,3,0,0,,,,,,
4728032000,경상북도 문경시 산양면,2025090412,36.6087805555555,128.260955555555,4,2,0,0,0,0,1,6,7,4,0,0,0,0,1,4,5,3,0,0,,,,,,
4728033000,경상북도 문경시 호계면,2025090412,36.6283111111111,128.208063888888,4,2,0,0,0,0,1,6,7,4,0,0,0,0,1,4,5,3,0,0,,,,,,
4728034000,경상북도 문경시 산북면,2025090412,36.6530833333333,128.261608333333,4,2,0,0,0,0,1,6,7,4,0,0,0,0,1,4,5,3,0,0,,,,,,
4728035000,경상북도 문경시 동로면,2025090412,36.7704694444444,128.317177777777,4,2,0,0,0,0,1,6,7,4,0,0,0,0,1,4,5,3,0,0,,,,,,
4728036000,경상북도 문경시 마성면,2025090412,36.68975,128.118855555555,4,2,0,0,0,0,1,6,7,4,0,0,0,0,1,4,5,2,0,0,,,,,,
4728037000,경상북도 문경시 농암면,2025090412,36.5978055555555,128.005897222222,6,3,0,0,0,0,1,6,7,4,0,0,0,0,1,4,5,2,0,0,,,,,,
4728057000,경상북도 문경시 점촌1동,2025090412,36.5957138888888,128.199975,4,2,0,0,0,0,1,6,7,4,0,0,0,0,1,4,5,3,0,0,,,,,,
4728058000,경상북도 문경시 점촌2동,2025090412,36.5872166666666,128.198266666666,4,2,0,0,0,0,1,6,7,4,0,0,0,0,1,4,5,3,0,0,,,,,,
4728059000,경상북도 문경시 점촌3동,2025090412,36.6000277777777,128.208641666666,4,2,0,0,0,0,1,6,7,4,0,0,0,0,1,4,5,3,0,0,,,,,,
4728060000,경상북도 문경시 점촌4동,2025090412,36.6362777777777,128.172499999999,4,2,0,0,0,0,1,6,7,4,0,0,0,0,1,4,5,2,0,0,,,,,,
4728061000,경상북도 문경시 점촌5동,2025090412,36.5881805555555,128.189919444444,4,2,0,0,0,0,1,6,7,4,0,0,0,0,1,4,5,3,0,0,,,,,,
4729000000,경상북도 경산시,2025090412,35.8220888888888,128.743463888888,9,4,0,0,0,0,1,6,7,4,0,0,0,0,1,4,7,4,0,0,,,,,,
4729025000,경상북도 경산시 하양읍,2025090412,35.9101777777777,128.821419444444,9,4,0,0,0,0,1,6,7,4,0,0,0,0,1,4,7,3,0,0,,,,,,
4729025300,경상북도 경산시 진량읍,2025090412,35.8710305555555,128.818552777777,9,4,0,0,0,0,1,6,7,4,0,0,0,0,1,4,7,3,0,0,,,,,,
4729025600,경상북도 경산시 압량읍,2025090412,35.8403222222222,128.762108333333,9,4,0,0,0,0,1,6,7,4,0,0,0,0,1,4,7,4,0,0,,,,,,
4729031000,경상북도 경산시 와촌면,2025090412,35.9433416666666,128.838775,9,3,0,0,0,0,1,6,7,4,0,0,0,0,1,4,7,3,0,0,,,,,,
4729033000,경상북도 경산시 자인면,2025090412,35.8179,128.824844444444,9,4,0,0,0,0,1,6,7,4,0,0,0,0,1,4,7,4,0,0,,,,,,
4729034000,경상북도 경산시 용성면,2025090412,35.7902305555555,128.878111111111,9,4,0,0,0,0,1,6,7,4,0,0,0,0,1,4,7,4,0,0,,,,,,
4729035000,경상북도 경산시 남산면,2025090412,35.7903555555555,128.839622222222,9,4,0,0,0,0,1,6,7,4,0,0,0,0,1,4,7,4,0,0,,,,,,
4729037000,경상북도 경산시 남천면,2025090412,35.7636694444444,128.729108333333,9,5,0,0,0,0,1,6,7,4,0,0,0,0,1,4,7,4,0,0,,,,,,
4729051000,경상북도 경산시 중방동,2025090412,35.8241111111111,128.7362,9,4,0,0,0,0,1,6,7,4,0,0,0,0,1,4,7,4,0,0,,,,,,
4729052000,경상북도 경산시 중앙동,2025090412,35.8170833333333,128.742663888888,9,4,0,0,0,0,1,6,7,4,0,0,0,0,1,4,7,4,0,0,,,,,,
4729053000,경상북도 경산시 남부동,2025090412,35.8107083333333,128.741430555555,9,4,0,0,0,0,1,6,7,4,0,0,0,0,1,4,7,4,0,0,,,,,,
4729054100,경상북도 경산시 서부1동,2025090412,35.8176,128.730088888888,9,4,0,0,0,0,1,6,7,4,0,0,0,0,1,4,7,4,0,0,,,,,,
4729054200,경상북도 경산시 서부2동,2025090412,35.8315277777777,128.728333333333,9,4,0,0,0,0,1,6,7,4,0,0,0,0,1,4,7,4,0,0,,,,,,
4729055000,경상북도 경산시 북부동,2025090412,35.8302833333333,128.748797222222,9,4,0,0,0,0,1,6,7,4,0,0,0,0,1,4,7,4,0,0,,,,,,
4729056000,경상북도 경산시 동부동,2025090412,35.8164194444444,128.756466666666,9,4,0,0,0,0,1,6,7,4,0,0,0,0,1,4,7,4,0,0,,,,,,
4773000000,경상북도 의성군,2025090412,36.3497583333333,128.699363888888,7,1,0,0,0,0,1,6,7,4,0,0,0,0,1,4,5,3,0,0,,,,,,
4773025000,경상북도 의성군 의성읍,2025090412,36.3529916666666,128.697055555555,7,1,0,0,0,0,1,6,7,4,0,0,0,0,1,4,5,3,0,0,,,,,,
4773031000,경상북도 의성군 단촌면,2025090412,36.4191361111111,128.676444444444,7,1,0,0,0,0,1,6,7,4,0,0,0,0,1,4,7,3,0,0,,,,,,
4773032000,경상북도 의성군 점곡면,2025090412,36.42115,128.770252777777,7,1,0,0,0,0,1,7,7,4,0,0,0,0,1,4,7,3,0,0,,,,,,
4773033000,경상북도 의성군 옥산면,2025090412,36.3899444444444,128.8123,6,1,0,0,0,0,1,7,7,4,0,0,0,0,1,4,5,3,0,0,,,,,,
4773034000,경상북도 의성군 사곡면,2025090412,36.3033861111111,128.790111111111,7,4,0,0,0,0,1,6,7,4,0,0,0,0,1,4,5,3,0,0,,,,,,
4773035000,경상북도 의성군 춘산면,2025090412,36.2345833333333,128.814011111111,6,3,0,0,0,0,1,6,7,4,0,0,0,0,1,4,5,3,0,0,,,,,,
4773036000,경상북도 의성군 가음면,2025090412,36.2311638888888,128.726944444444,6,3,0,0,0,0,1,6,7,4,0,0,0,0,1,4,5,3,0,0,,,,,,
4773037000,경상북도 의성군 금성면,2025090412,36.2584222222222,128.683308333333,8,1,0,0,0,0,1,6,7,4,0,0,0,0,1,4,5,3,0,0,,,,,,
4773038000,경상북도 의성군 봉양면,2025090412,36.2977999999999,128.578552777777,8,2,0,0,0,0,1,6,7,4,0,0,0,0,1,4,7,3,0,0,,,,,,
4773039000,경상북도 의성군 비안면,2025090412,36.3343888888888,128.492466666666,8,2,0,0,0,0,1,6,7,4,0,0,0,0,1,4,7,3,0,0,,,,,,
4773040000,경상북도 의성군 구천면,2025090412,36.3444333333333,128.434866666666,8,3,0,0,0,0,1,6,7,4,0,0,0,0,1,4,7,3,0,0,,,,,,
4773041000,경상북도 의성군 단밀면,2025090412,36.3730777777777,128.383830555555,7,3,0,0,0,0,1,6,7,4,0,0,0,0,1,4,7,3,0,0,,,,,,
4773042000,경상북도 의성군 단북면,2025090412,36.3845972222222,128.407022222222,7,3,0,0,0,0,1,6,7,4,0,0,0,0,1,4,7,2,0,0,,,,,,
4773043000,경상북도 의성군 안계면,2025090412,36.3809305555555,128.442419444444,8,3,0,0,0,0,1,6,7,4,0,0,0,0,1,4,7,3,0,0,,,,,,
4773044000,경상북도 의성군 다인면,2025090412,36.4473805555555,128.355719444444,8,3,0,0,0,0,1,6,7,4,0,0,0,0,1,4,7,3,0,0,,,,,,
4773045000,경상북도 의성군 신평면,2025090412,36.470725,128.504730555555,8,2,0,0,0,0,1,6,7,4,0,0,0,0,1,4,7,3,0,0,,,,,,
4773046000,경상북도 의성군 안평면,2025090412,36.3737861111111,128.586444444444,8,2,0,0,0,0,1,6,7,4,0,0,0,0,1,4,7,3,0,0,,,,,,
4773047000,경상북도 의성군 안사면,2025090412,36.4280333333333,128.463944444444,7,3,0,0,0,0,1,6,7,4,0,0,0,0,1,4,7,3,0,0,,,,,,
4775000000,경상북도 청송군,2025090412,36.4332916666666,129.0594,7,3,0,0,0,0,1,7,7,4,0,0,0,0,1,4,5,3,0,0,,,,,,
4775025000,경상북도 청송군 청송읍,2025090412,36.4311861111111,129.059019444444,7,3,0,0,0,0,1,7,7,4,0,0,0,0,1,4,5,3,0,0,,,,,,
4775031500,경상북도 청송군 주왕산면,2025090412,36.3539416666666,129.161666666666,9,3,0,0,0,0,1,6,7,4,0,0,0,0,1,4,5,3,0,0,,,,,,
4775032000,경상북도 청송군 부남면,2025090412,36.3416555555555,129.065611111111,9,3,0,0,0,0,1,6,7,4,0,0,0,0,1,4,5,3,0,0,,,,,,
4775033000,경상북도 청송군 현동면,2025090412,36.2877277777777,129.019133333333,9,3,0,0,0,0,1,6,7,4,0,0,0,0,1,4,5,3,0,0,,,,,,
4775034000,경상북도 청송군 현서면,2025090412,36.2729444444444,128.898233333333,7,3,0,0,0,0,1,7,7,4,0,0,0,0,1,4,5,3,0,0,,,,,,
4775035000,경상북도 청송군 안덕면,2025090412,36.2860499999999,128.962222222222,9,3,0,0,0,0,1,6,7,4,0,0,0,0,1,4,5,3,0,0,,,,,,
4775036000,경상북도 청송군 파천면,2025090412,36.4601333333333,129.040111111111,8,3,0,0,0,0,1,7,7,4,0,0,0,0,1,4,5,3,0,0,,,,,,
4775037000,경상북도 청송군 진보면,2025090412,36.5265305555555,129.049019444444,8,3,0,0,0,0,1,7,7,4,0,0,0,0,1,4,5,3,0,0,,,,,,
4776000000,경상북도 영양군,2025090412,36.6642749999999,129.114622222222,7,1,0,0,0,0,1,6,7,4,0,0,0,0,1,4,7,3,0,0,,,,,,
4776025000,경상북도 영양군 영양읍,2025090412,36.6641611111111,129.116486111111,7,1,0,0,0,0,1,6,7,4,0,0,0,0,1,4,7,3,0,0,,,,,,
4776031000,경상북도 영양군 입암면,2025090412,36.5903055555555,129.092630555555,8,3,0,0,0,0,1,6,7,4,0,0,0,0,1,4,5,3,0,0,,,,,,
4776032000,경상북도 영양군 청기면,2025090412,36.6582777777777,129.064522222222,7,2,0,0,0,0,1,6,7,4,0,0,0,0,1,4,7,3,0,0,,,,,,
4776033000,경상북도 영양군 일월면,2025090412,36.69945,129.131030555555,8,3,0,0,0,0,1,6,7,4,0,0,0,0,1,4,7,4,0,0,,,,,,
4776034000,경상북도 영양군 수비면,2025090412,36.7622611111111,129.204899999999,9,4,0,0,0,0,1,6,7,4,0,0,0,0,1,4,7,4,0,0,,,,,,
4776035000,경상북도 영양군 석보면,2025090412,36.5551527777777,129.126944444444,8,4,0,0,0,0,1,6,7,4,0,0,0,0,1,4,5,3,0,0,,,,,,
4777000000,경상북도 영덕군,2025090412,36.4121027777777,129.368355555555,7,4,0,0,0,0,1,7,8,5,0,0,0,0,1,6,7,3,0,0,,,,,,
4777025000,경상북도 영덕군 영덕읍,2025090412,36.4065361111111,129.375130555555,7,4,0,0,0,0,1,7,8,5,0,0,0,0,1,6,7,3,0,0,,,,,,
4777031000,경상북도 영덕군 강구면,2025090412,36.3589333333333,129.380986111111,7,4,0,0,0,0,1,7,8,5,0,0,0,0,1,6,7,3,0,0,,,,,,
4777032000,경상북도 영덕군 남정면,2025090412,36.2831083333333,129.374852777777,5,4,0,0,0,0,1,6,8,5,0,0,0,0,1,4,7,3,0,0,,,,,,
4777033000,경상북도 영덕군 달산면,2025090412,36.3961944444444,129.305586111111,7,4,0,0,0,0,1,7,7,5,0,0,0,0,1,4,7,3,0,0,,,,,,
4777034000,경상북도 영덕군 지품면,2025090412,36.4455694444444,129.284197222222,8,3,0,0,0,0,1,6,7,4,0,0,0,0,1,4,7,3,0,0,,,,,,
4777035000,경상북도 영덕군 축산면,2025090412,36.5060444444444,129.4166,7,3,0,0,0,0,1,7,8,5,0,0,0,0,1,6,7,4,0,0,,,,,,
4777036000,경상북도 영덕군 영해면,2025090412,36.534575,129.409466666666,7,3,0,0,0,0,1,7,8,5,0,0,0,0,1,6,7,4,0,0,,,,,,
4777037000,경상북도 영덕군 병곡면,2025090412,36.5994305555555,129.412975,8,3,0,0,0,0,1,7,8,5,0,0,0,0,1,6,7,4,0,0,,,,,,
4777038000,경상북도 영덕군 창수면,2025090412,36.5432638888888,129.350686111111,7,3,0,0,0,0,1,7,8,5,0,0,0,0,1,6,7,3,0,0,,,,,,
4782000000,경상북도 청도군,2025090412,35.6443111111111,128.7362,9,4,0,0,0,0,1,6,7,4,0,0,0,0,1,6,7,4,0,0,,,,,,
4782025000,경상북도 청도군 화양읍,2025090412,35.6468666666666,128.708444444444,9,4,0,0,0,0,1,6,7,4,0,0,0,0,1,6,7,4,0,0,,,,,,
4782025300,경상북도 청도군 청도읍,2025090412,35.6423888888888,128.743530555555,9,4,0,0,0,0,1,6,7,4,0,0,0,0,1,4,7,4,0,0,,,,,,
4782031000,경상북도 청도군 각남면,2025090412,35.6388111111111,128.6612,9,5,0,0,0,0,1,6,7,4,0,0,0,0,1,6,7,4,0,0,,,,,,
4782032000,경상북도 청도군 풍각면,2025090412,35.6358083333333,128.620555555555,9,5,0,0,0,0,1,6,7,4,0,0,0,0,1,6,7,4,0,0,,,,,,
4782033000,경상북도 청도군 각북면,2025090412,35.6843027777777,128.591466666666,9,4,0,0,0,0,1,6,7,4,0,0,0,0,1,6,7,4,0,0,,,,,,
4782034000,경상북도 청도군 이서면,2025090412,35.6602305555555,128.672888888888,9,5,0,0,0,0,1,6,7,4,0,0,0,0,1,6,7,4,0,0,,,,,,
4782035000,경상북도 청도군 운문면,2025090412,35.7125888888888,128.915463888888,9,5,0,0,0,0,1,6,7,4,0,0,0,0,1,4,7,4,0,0,,,,,,
4782036000,경상북도 청도군 금천면,2025090412,35.6838472222222,128.894886111111,9,3,0,0,0,0,1,6,7,4,0,0,0,0,1,4,7,4,0,0,,,,,,
4782037000,경상북도 청도군 매전면,2025090412,35.6640416666666,128.857866666666,9,5,0,0,0,0,1,6,7,4,0,0,0,0,1,4,7,4,0,0,,,,,,
4783000000,경상북도 고령군,2025090412,35.7229861111111,128.265022222222,7,4,0,0,0,0,1,6,7,4,0,0,0,0,1,6,5,4,0,0,,,,,,
4783025300,경상북도 고령군 대가야읍,2025090412,35.7305416666667,128.267902777778,7,4,0,0,0,0,1,6,7,4,0,0,0,0,1,6,5,4,0,0,,,,,,
4783031000,경상북도 고령군 덕곡면,2025090412,35.7763472222222,128.235177777777,8,4,0,0,0,0,1,6,7,4,0,0,0,0,1,6,5,4,0,0,,,,,,
4783032000,경상북도 고령군 운수면,2025090412,35.7660777777777,128.292597222222,6,3,0,0,0,0,1,6,7,4,0,0,0,0,1,6,5,4,0,0,,,,,,
4783033000,경상북도 고령군 성산면,2025090412,35.7469194444444,128.362075,5,4,0,0,0,0,1,6,7,4,0,0,0,0,1,6,5,4,0,0,,,,,,
4783034000,경상북도 고령군 다산면,2025090412,35.8227833333333,128.456533333333,7,4,0,0,0,0,1,6,7,4,0,0,0,0,1,6,7,4,0,0,,,,,,
4783035000,경상북도 고령군 개진면,2025090412,35.7051916666666,128.3524,5,5,0,0,0,0,1,6,7,4,0,0,0,0,1,6,5,4,0,0,,,,,,
4783036000,경상북도 고령군 우곡면,2025090412,35.6748694444444,128.344175,5,5,0,0,0,0,1,6,7,4,0,0,0,0,1,6,5,4,0,0,,,,,,
4783037000,경상북도 고령군 쌍림면,2025090412,35.6767944444444,128.244066666666,5,5,0,0,0,0,1,6,7,4,0,0,0,0,1,6,5,4,0,0,,,,,,
4784000000,경상북도 성주군,2025090412,35.91914912,128.2829915,7,4,0,0,0,0,1,6,7,4,0,0,0,0,1,6,5,1,0,0,,,,,,
4784025000,경상북도 성주군 성주읍,2025090412,35.91908944,128.2896128,7,4,0,0,0,0,1,6,7,4,0,0,0,0,1,6,5,1,0,0,,,,,,
4784031000,경상북도 성주군 선남면,2025090412,35.90084223,128.3517364,7,3,0,0,0,0,1,6,7,4,0,0,0,0,1,6,5,4,0,0,,,,,,
4784032000,경상북도 성주군 용암면,2025090412,35.83626415,128.3368282,6,3,0,0,0,0,1,6,7,4,0,0,0,0,1,6,5,1,0,0,,,,,,
4784033000,경상북도 성주군 수륜면,2025090412,35.83294961,128.192362,7,4,0,0,0,0,1,6,7,4,0,0,0,0,1,6,5,4,0,0,,,,,,
4784034000,경상북도 성주군 가천면,2025090412,35.88439894,128.1661841,8,4,0,0,0,0,1,6,7,4,0,0,0,0,1,6,5,2,0,0,,,,,,
4784035500,경상북도 성주군 금수강산면,2025090412,35.91957788,128.1757824,8,4,0,0,0,0,1,6,7,4,0,0,0,0,1,6,5,2,0,0,,,,,,
4784036000,경상북도 성주군 대가면,2025090412,35.91031956,128.2287433,7,4,0,0,0,0,1,6,7,4,0,0,0,0,1,6,5,1,0,0,,,,,,
4784037000,경상북도 성주군 벽진면,2025090412,35.94849528,128.2164059,7,4,0,0,0,0,1,6,7,4,0,0,0,0,1,6,5,1,0,0,,,,,,
4784038000,경상북도 성주군 초전면,2025090412,35.97454541,128.2633358,7,4,0,0,0,0,1,6,7,4,0,0,0,0,1,6,5,1,0,0,,,,,,
4784039000,경상북도 성주군 월항면,2025090412,35.94557269,128.3157599,5,4,0,0,0,0,1,6,7,4,0,0,0,0,1,6,5,4,0,0,,,,,,
4785000000,경상북도 칠곡군,2025090412,35.9925472222222,128.403797222222,7,4,0,0,0,0,1,6,7,4,0,0,0,0,1,6,7,3,0,0,,,,,,
4785025000,경상북도 칠곡군 왜관읍,2025090412,35.9860083333333,128.3999,7,4,0,0,0,0,1,6,7,4,0,0,0,0,1,6,7,3,0,0,,,,,,
4785025300,경상북도 칠곡군 북삼읍,2025090412,36.0599055555555,128.345152777777,5,3,0,0,0,0,1,6,7,4,0,0,0,0,1,6,5,3,0,0,,,,,,
4785025600,경상북도 칠곡군 석적읍,2025090412,36.0483777777777,128.411377777777,7,4,0,0,0,0,1,6,7,4,0,0,0,0,1,6,7,3,0,0,,,,,,
4785031000,경상북도 칠곡군 지천면,2025090412,35.9531166666666,128.493299999999,7,3,0,0,0,0,1,6,7,4,0,0,0,0,1,6,7,4,0,0,,,,,,
4785032000,경상북도 칠곡군 동명면,2025090412,35.9810416666666,128.555733333333,7,3,0,0,0,0,1,6,7,4,0,0,0,0,1,4,7,3,0,0,,,,,,
4785033000,경상북도 칠곡군 가산면,2025090412,36.0829944444444,128.541077777777,7,3,0,0,0,0,1,6,7,4,0,0,0,0,1,4,7,3,0,0,,,,,,
4785036000,경상북도 칠곡군 약목면,2025090412,36.0298305555555,128.365997222222,7,4,0,0,0,0,1,6,7,4,0,0,0,0,1,6,7,3,0,0,,,,,,
4785037000,경상북도 칠곡군 기산면,2025090412,35.983425,128.384966666666,7,4,0,0,0,0,1,6,7,4,0,0,0,0,1,6,7,3,0,0,,,,,,
4790000000,경상북도 예천군,2025090412,36.65495,128.455022222222,7,3,0,0,0,0,1,6,7,4,0,0,0,0,1,4,5,3,0,0,,,,,,
4790025000,경상북도 예천군 예천읍,2025090412,36.6541111111111,128.455822222222,7,3,0,0,0,0,1,6,7,4,0,0,0,0,1,4,5,3,0,0,,,,,,
4790025300,경상북도 예천군 호명읍,2025090412,36.5914166666666,128.470555555555,8,3,0,0,0,0,1,6,7,4,0,0,0,0,1,4,7,3,0,0,,,,,,
4790031000,경상북도 예천군 용문면,2025090412,36.6872833333333,128.413186111111,4,2,0,0,0,0,1,6,7,4,0,0,0,0,1,4,5,3,0,0,,,,,,
4790034000,경상북도 예천군 감천면,2025090412,36.7182472222222,128.528675,5,2,0,0,0,0,1,6,7,4,0,0,0,0,1,4,5,3,0,0,,,,,,
4790035000,경상북도 예천군 보문면,2025090412,36.6623888888888,128.513166666666,8,3,0,0,0,0,1,6,7,4,0,0,0,0,1,4,5,3,0,0,,,,,,
4790037000,경상북도 예천군 유천면,2025090412,36.6325,128.392311111111,4,2,0,0,0,0,1,6,7,4,0,0,0,0,1,4,5,3,0,0,,,,,,
4790038000,경상북도 예천군 용궁면,2025090412,36.6057333333333,128.279630555555,5,2,0,0,0,0,1,6,7,4,0,0,0,0,1,4,5,3,0,0,,,,,,
4790039000,경상북도 예천군 개포면,2025090412,36.6054888888888,128.368708333333,7,2,0,0,0,0,1,6,7,4,0,0,0,0,1,4,5,4,0,0,,,,,,
4790040000,경상북도 예천군 지보면,2025090412,36.5453333333333,128.392563888888,8,2,0,0,0,0,1,6,7,4,0,0,0,0,1,4,7,3,0,0,,,,,,
4790041000,경상북도 예천군 풍양면,2025090412,36.5076583333333,128.301241666666,6,2,0,0,0,0,1,6,7,4,0,0,0,0,1,4,5,4,0,0,,,,,,
4790042000,경상북도 예천군 효자면,2025090412,36.771367,128.41885,4,2,0,0,0,0,1,6,7,4,0,0,0,0,1,4,5,1,0,0,,,,,,
4790043000,경상북도 예천군 은풍면,2025090412,36.7451086,128.4431143,7,2,0,0,0,0,1,6,7,4,0,0,0,0,1,4,5,3,0,0,,,,,,
4792000000,경상북도 봉화군,2025090412,36.8902611111111,128.734875,5,3,0,0,0,0,1,7,7,4,0,0,0,0,1,4,5,3,0,0,,,,,,
4792025000,경상북도 봉화군 봉화읍,2025090412,36.8849333333333,128.741877777777,6,3,0,0,0,0,1,7,7,4,0,0,0,0,1,4,5,3,0,0,,,,,,
4792031000,경상북도 봉화군 물야면,2025090412,36.9722944444444,128.738022222222,5,3,0,0,0,0,1,7,7,4,0,0,0,0,1,4,5,3,0,0,,,,,,
4792032000,경상북도 봉화군 봉성면,2025090412,36.883025,128.820308333333,6,3,0,0,0,0,1,7,7,4,0,0,0,0,1,4,5,3,0,0,,,,,,
4792033000,경상북도 봉화군 법전면,2025090412,36.9078861111111,128.879188888888,5,1,0,0,0,0,1,6,7,4,0,0,0,0,1,4,5,3,0,0,,,,,,
4792034000,경상북도 봉화군 춘양면,2025090412,36.9322416666666,128.917155555555,5,4,0,0,0,0,1,6,7,3,0,0,0,0,1,4,5,3,0,0,,,,,,
4792035000,경상북도 봉화군 소천면,2025090412,36.9348472222222,129.005408333333,5,4,0,0,0,0,1,6,7,3,0,0,0,0,1,4,5,3,0,0,,,,,,
4792036000,경상북도 봉화군 재산면,2025090412,36.8131027777777,128.9641,7,1,0,0,0,0,1,6,7,3,0,0,0,0,1,4,5,3,0,0,,,,,,
4792037000,경상북도 봉화군 명호면,2025090412,36.8559666666666,128.9024,7,1,0,0,0,0,1,7,7,4,0,0,0,0,1,4,5,3,0,0,,,,,,
4792038000,경상북도 봉화군 상운면,2025090412,36.8309416666666,128.757419444444,7,3,0,0,0,0,1,7,7,4,0,0,0,0,1,4,5,3,0,0,,,,,,
4792039000,경상북도 봉화군 석포면,2025090412,37.0457916666666,129.067488888888,5,2,0,0,0,0,1,6,7,3,0,0,0,0,1,4,7,3,0,0,,,,,,
4793000000,경상북도 울진군,2025090412,36.9901861111111,129.402786111111,8,1,0,0,0,0,1,6,8,4,0,0,0,0,1,6,8,4,0,0,,,,,,
4793025000,경상북도 울진군 울진읍,2025090412,36.9943361111111,129.4054,8,1,0,0,0,0,1,6,8,4,0,0,0,0,1,6,8,4,0,0,,,,,,
4793025300,경상북도 울진군 평해읍,2025090412,36.72515,129.443708333333,8,3,0,0,0,0,1,6,8,5,0,0,0,0,1,6,7,4,0,0,,,,,,
4793031000,경상북도 울진군 북면,2025090412,37.1020083333333,129.3754,6,2,0,0,0,0,1,6,8,4,0,0,0,0,1,6,8,4,0,0,,,,,,
4793033000,경상북도 울진군 근남면,2025090412,36.9599055555555,129.396819444444,8,1,0,0,0,0,1,6,8,4,0,0,0,0,1,6,8,4,0,0,,,,,,
4793035000,경상북도 울진군 기성면,2025090412,36.7952694444444,129.453733333333,8,1,0,0,0,0,1,6,8,5,0,0,0,0,1,6,7,4,0,0,,,,,,
4793036000,경상북도 울진군 온정면,2025090412,36.7211916666666,129.347677777777,8,3,0,0,0,0,1,6,8,4,0,0,0,0,1,6,7,4,0,0,,,,,,
4793037000,경상북도 울진군 죽변면,2025090412,37.0568972222222,129.424575,8,1,0,0,0,0,1,6,8,4,0,0,0,0,1,6,8,4,0,0,,,,,,
4793038000,경상북도 울진군 후포면,2025090412,36.6755666666666,129.441730555555,8,3,0,0,0,0,1,6,8,5,0,0,0,0,1,6,7,4,0,0,,,,,,
4793039000,경상북도 울진군 금강송면,2025090412,36.9355194444444,129.247186111111,8,4,0,0,0,0,1,6,7,4,0,0,0,0,1,4,7,4,0,0,,,,,,
4793040000,경상북도 울진군 매화면,2025090412,36.9131055555556,129.382211111111,8,1,0,0,0,0,1,6,8,4,0,0,0,0,1,6,8,4,0,0,,,,,,
4794000000,경상북도 울릉군,2025090412,37.480575,130.903788888888,5,3,0,0,0,0,2,4,7,4,0,0,0,0,2,8,9,4,0,0,,,,,,
4794025000,경상북도 울릉군 울릉읍,2025090412,37.4811138888888,130.901755555555,5,3,0,0,0,0,2,4,7,3,0,0,0,0,2,7,9,4,0,0,,,,,,
4794031000,경상북도 울릉군 서면,2025090412,37.4637694444444,130.836188888888,5,3,0,0,0,0,1,6,7,3,0,0,0,0,2,7,8,4,0,0,,,,,,
4794032000,경상북도 울릉군 북면,2025090412,37.5367833333333,130.872752777777,5,3,0,0,0,0,1,6,7,4,0,0,0,0,2,7,8,4,0,0,,,,,,
4794033000,경상북도 울릉군 독도,2025090412,37.2414386,131.8648471,8,3,0,0,0,0,1,6,7,4,0,0,0,0,2,8,9,4,0,0,,,,,,
4800000000,경상남도,2025090412,35.2347361111111,128.694166666666,9,5,0,0,0,0,1,6,6,4,0,0,0,0,1,4,7,4,0,0,,,,,,
4812100000,경상남도 창원시의창구,2025090412,35.2540033,128.6401544,9,5,0,0,0,0,1,6,6,4,0,0,0,0,1,4,7,4,0,0,,,,,,
4812125000,경상남도 창원시의창구 동읍,2025090412,35.284725,128.682513,9,5,0,0,0,0,1,6,6,4,0,0,0,0,1,4,7,4,0,0,,,,,,
4812131000,경상남도 창원시의창구 북면,2025090412,35.3477816,128.6070384,9,5,0,0,0,0,1,6,6,4,0,0,0,0,1,6,7,4,0,0,,,,,,
4812132000,경상남도 창원시의창구 대산면,2025090412,35.332427,128.7077811,9,5,0,0,0,0,1,6,6,4,0,0,0,0,1,4,7,4,0,0,,,,,,
4812151000,경상남도 창원시의창구 의창동,2025090412,35.2621267,128.6229495,9,5,0,0,0,0,1,6,6,4,0,0,0,0,1,5,7,4,0,0,,,,,,
4812152000,경상남도 창원시의창구 팔룡동,2025090412,35.2578111,128.6123236,9,5,0,0,0,0,1,6,6,4,0,0,0,0,1,5,7,4,0,0,,,,,,
4812153000,경상남도 창원시의창구 명곡동,2025090412,35.2535471,128.6402341,9,5,0,0,0,0,1,6,6,4,0,0,0,0,1,4,7,4,0,0,,,,,,
4812154000,경상남도 창원시의창구 봉림동,2025090412,35.2519644,128.6673448,9,5,0,0,0,0,1,6,6,4,0,0,0,0,1,4,7,4,0,0,,,,,,
4812300000,경상남도 창원시성산구,2025090412,35.1983844,128.7029401,7,5,0,0,0,0,1,6,5,4,0,0,0,0,1,4,7,4,0,0,,,,,,
4812351000,경상남도 창원시성산구 반송동,2025090412,35.2359429,128.6695125,9,5,0,0,0,0,1,6,6,4,0,0,0,0,1,4,7,4,0,0,,,,,,
4812351500,경상남도 창원시성산구 용지동,2025090412,35.2362277,128.6841286,9,5,0,0,0,0,1,6,6,4,0,0,0,0,1,4,7,4,0,0,,,,,,
4812352000,경상남도 창원시성산구 중앙동,2025090412,35.2210983,128.673695,9,5,0,0,0,0,1,6,6,4,0,0,0,0,1,4,7,4,0,0,,,,,,
4812353000,경상남도 창원시성산구 상남동,2025090412,35.216268,128.687212,7,5,0,0,0,0,1,6,5,4,0,0,0,0,1,4,7,4,0,0,,,,,,
4812354000,경상남도 창원시성산구 사파동,2025090412,35.215843,128.708712,7,5,0,0,0,0,1,6,5,4,0,0,0,0,1,4,7,4,0,0,,,,,,
4812355000,경상남도 창원시성산구 가음정동,2025090412,35.2131393,128.700594,7,5,0,0,0,0,1,6,5,4,0,0,0,0,1,4,7,4,0,0,,,,,,
4812356000,경상남도 창원시성산구 성주동,2025090412,35.1897409,128.6950205,7,5,0,0,0,0,1,6,5,4,0,0,0,0,1,4,7,4,0,0,,,,,,
4812357000,경상남도 창원시성산구 웅남동,2025090412,35.2053096,128.6271625,9,5,0,0,0,0,1,6,6,4,0,0,0,0,1,4,7,4,0,0,,,,,,
4812500000,경상남도 창원시마산합포구,2025090412,35.196874,128.567863,9,5,0,0,0,0,1,6,6,4,0,0,0,0,1,6,7,4,0,0,,,,,,
4812531000,경상남도 창원시마산합포구 구산면,2025090412,35.119699,128.580887,7,5,0,0,0,0,1,6,5,4,0,0,0,0,1,4,7,4,0,0,,,,,,
4812532000,경상남도 창원시마산합포구 진동면,2025090412,35.115182,128.488325,9,5,0,0,0,0,1,4,5,4,0,0,0,0,1,6,7,4,0,0,,,,,,
4812533000,경상남도 창원시마산합포구 진북면,2025090412,35.115474,128.467412,9,5,0,0,0,0,1,5,6,4,0,0,0,0,1,6,7,4,0,0,,,,,,
4812534000,경상남도 창원시마산합포구 진전면,2025090412,35.10289,128.418987,9,5,0,0,0,0,1,5,6,4,0,0,0,0,1,6,7,4,0,0,,,,,,
4812551000,경상남도 창원시마산합포구 현동,2025090412,35.1388574,128.5770118,9,5,0,0,0,0,1,6,6,4,0,0,0,0,1,4,7,4,0,0,,,,,,
4812552000,경상남도 창원시마산합포구 가포동,2025090412,35.169568,128.57205,9,5,0,0,0,0,1,6,6,4,0,0,0,0,1,4,7,4,0,0,,,,,,
4812553000,경상남도 창원시마산합포구 월영동,2025090412,35.1793142,128.5577505,9,5,0,0,0,0,1,6,6,4,0,0,0,0,1,6,7,4,0,0,,,,,,
4812554000,경상남도 창원시마산합포구 문화동,2025090412,35.184685,128.558175,9,5,0,0,0,0,1,6,6,4,0,0,0,0,1,6,7,4,0,0,,,,,,
4812556500,경상남도 창원시마산합포구 중앙동,2025090412,35.1940929,128.5641375,9,5,0,0,0,0,1,6,6,4,0,0,0,0,1,6,7,4,0,0,,,,,,
4812557000,경상남도 창원시마산합포구 완월동,2025090412,35.199526,128.564137,9,5,0,0,0,0,1,6,6,4,0,0,0,0,1,6,7,4,0,0,,,,,,
4812558000,경상남도 창원시마산합포구 자산동,2025090412,35.2055381,128.5654462,9,5,0,0,0,0,1,6,6,4,0,0,0,0,1,6,7,4,0,0,,,,,,
4812561000,경상남도 창원시마산합포구 교방동,2025090412,35.214335,128.566238,9,5,0,0,0,0,1,6,6,4,0,0,0,0,1,6,7,4,0,0,,,,,,
4812563000,경상남도 창원시마산합포구 오동동,2025090412,35.208768,128.5786,9,5,0,0,0,0,1,6,6,4,0,0,0,0,1,6,7,4,0,0,,,,,,
4812564000,경상남도 창원시마산합포구 합포동,2025090412,35.2109247,128.5791278,9,5,0,0,0,0,1,6,6,4,0,0,0,0,1,6,7,4,0,0,,,,,,
4812565000,경상남도 창원시마산합포구 산호동,2025090412,35.2160999,128.5859895,9,5,0,0,0,0,1,6,6,4,0,0,0,0,1,6,7,4,0,0,,,,,,
4812700000,경상남도 창원시마산회원구,2025090412,35.220932,128.579706,9,5,0,0,0,0,1,6,6,4,0,0,0,0,1,6,7,4,0,0,,,,,,
4812725000,경상남도 창원시마산회원구 내서읍,2025090412,35.24681,128.507625,9,5,0,0,0,0,1,6,6,4,0,0,0,0,1,6,7,3,0,0,,,,,,
4812751000,경상남도 창원시마산회원구 회원1동,2025090412,35.2182626,128.5742472,9,5,0,0,0,0,1,6,6,4,0,0,0,0,1,6,7,4,0,0,,,,,,
4812752000,경상남도 창원시마산회원구 회원2동,2025090412,35.218901,128.569238,9,5,0,0,0,0,1,6,6,4,0,0,0,0,1,6,7,4,0,0,,,,,,
4812754500,경상남도 창원시마산회원구 석전동,2025090412,35.230185,128.57335,9,5,0,0,0,0,1,6,6,4,0,0,0,0,1,6,7,4,0,0,,,,,,
4812755000,경상남도 창원시마산회원구 회성동,2025090412,35.233076,128.561637,9,5,0,0,0,0,1,6,6,4,0,0,0,0,1,6,7,4,0,0,,,,,,
4812756000,경상남도 창원시마산회원구 양덕1동,2025090412,35.23231,128.586212,9,5,0,0,0,0,1,6,6,4,0,0,0,0,1,6,7,4,0,0,,,,,,
4812757000,경상남도 창원시마산회원구 양덕2동,2025090412,35.229201,128.583925,9,5,0,0,0,0,1,6,6,4,0,0,0,0,1,6,7,4,0,0,,,,,,
4812758000,경상남도 창원시마산회원구 합성1동,2025090412,35.2422167,128.5839889,9,5,0,0,0,0,1,6,6,4,0,0,0,0,1,6,7,4,0,0,,,,,,
4812759000,경상남도 창원시마산회원구 합성2동,2025090412,35.2410453,128.586195,9,5,0,0,0,0,1,6,6,4,0,0,0,0,1,6,7,4,0,0,,,,,,
4812760000,경상남도 창원시마산회원구 구암1동,2025090412,35.2493833,128.593525,9,5,0,0,0,0,1,6,6,4,0,0,0,0,1,6,7,4,0,0,,,,,,
4812761000,경상남도 창원시마산회원구 구암2동,2025090412,35.24901,128.598388,9,5,0,0,0,0,1,6,6,4,0,0,0,0,1,6,7,4,0,0,,,,,,
4812762000,경상남도 창원시마산회원구 봉암동,2025090412,35.2175954,128.6024625,9,5,0,0,0,0,1,6,6,4,0,0,0,0,1,6,7,4,0,0,,,,,,
4812900000,경상남도 창원시진해구,2025090412,35.13306,128.710081,9,5,0,0,0,0,1,6,5,4,0,0,0,0,1,4,7,4,0,0,,,,,,
4812953000,경상남도 창원시진해구 충무동,2025090412,35.15054,128.660338,9,5,0,0,0,0,1,6,5,4,0,0,0,0,1,4,7,4,0,0,,,,,,
4812954000,경상남도 창원시진해구 여좌동,2025090412,35.1585489,128.6603153,9,5,0,0,0,0,1,6,5,4,0,0,0,0,1,4,7,4,0,0,,,,,,
4812955000,경상남도 창원시진해구 태백동,2025090412,35.1538996,128.6773763,9,5,0,0,0,0,1,6,5,4,0,0,0,0,1,4,7,4,0,0,,,,,,
4812956000,경상남도 창원시진해구 경화동,2025090412,35.154357,128.686838,9,5,0,0,0,0,1,6,5,4,0,0,0,0,1,4,7,4,0,0,,,,,,
4812957000,경상남도 창원시진해구 병암동,2025090412,35.154983,128.6895627,9,5,0,0,0,0,1,6,5,4,0,0,0,0,1,4,7,4,0,0,,,,,,
4812958000,경상남도 창원시진해구 석동,2025090412,35.1586454,128.7000326,9,5,0,0,0,0,1,6,5,4,0,0,0,0,1,4,7,4,0,0,,,,,,
4812959000,경상남도 창원시진해구 이동,2025090412,35.1493421,128.6999119,9,5,0,0,0,0,1,6,5,4,0,0,0,0,1,4,7,4,0,0,,,,,,
4812960000,경상남도 창원시진해구 자은동,2025090412,35.1470924,128.7054364,9,5,0,0,0,0,1,6,5,4,0,0,0,0,1,4,7,4,0,0,,,,,,
4812961000,경상남도 창원시진해구 덕산동,2025090412,35.1433466,128.7037445,9,5,0,0,0,0,1,6,5,4,0,0,0,0,1,4,7,4,0,0,,,,,,
4812962000,경상남도 창원시진해구 풍호동,2025090412,35.137599,128.707313,9,5,0,0,0,0,1,6,5,4,0,0,0,0,1,4,7,4,0,0,,,,,,
4812963000,경상남도 창원시진해구 웅천동,2025090412,35.111338,128.7496332,9,5,0,0,0,0,1,6,5,4,0,0,0,0,1,4,7,4,0,0,,,,,,
4812964000,경상남도 창원시진해구 웅동1동,2025090412,35.1258956,128.7826923,9,5,0,0,0,0,1,6,7,4,0,0,0,0,1,4,7,4,0,0,,,,,,
4812965000,경상남도 창원시진해구 웅동2동,2025090412,35.1012816,128.814835,9,5,0,0,0,0,1,6,7,4,0,0,0,0,1,4,7,4,0,0,,,,,,
4817000000,경상남도 진주시,2025090412,35.1770333333333,128.109999999999,9,5,0,0,0,0,1,6,6,4,0,0,0,0,1,6,7,4,0,0,,,,,,
4817025000,경상남도 진주시 문산읍,2025090412,35.1660027777777,128.166511111111,9,5,0,0,0,0,1,6,6,4,0,0,0,0,1,6,7,2,0,0,,,,,,
4817031000,경상남도 진주시 내동면,2025090412,35.1623833333333,128.069622222222,9,5,0,0,0,0,1,6,6,4,0,0,0,0,1,6,7,4,0,0,,,,,,
4817032000,경상남도 진주시 정촌면,2025090412,35.1281305555555,128.104975,9,5,0,0,0,0,1,6,6,4,0,0,0,0,1,6,7,4,0,0,,,,,,
4817033000,경상남도 진주시 금곡면,2025090412,35.0912638888888,128.190022222222,9,5,0,0,0,0,1,5,6,4,0,0,0,0,1,6,7,1,0,0,,,,,,
4817035000,경상남도 진주시 진성면,2025090412,35.1819222222222,128.225544444444,9,5,0,0,0,0,1,6,6,4,0,0,0,0,1,6,7,1,0,0,,,,,,
4817036000,경상남도 진주시 일반성면,2025090412,35.1680305555555,128.279277777777,9,5,0,0,0,0,1,6,6,4,0,0,0,0,1,6,7,1,0,0,,,,,,
4817037000,경상남도 진주시 이반성면,2025090412,35.1661722222222,128.328552777777,9,5,0,0,0,0,1,6,6,4,0,0,0,0,1,6,7,1,0,0,,,,,,
4817038000,경상남도 진주시 사봉면,2025090412,35.1852083333333,128.272711111111,9,5,0,0,0,0,1,6,6,4,0,0,0,0,1,6,7,1,0,0,,,,,,
4817039000,경상남도 진주시 지수면,2025090412,35.2318944444444,128.271844444444,9,5,0,0,0,0,1,6,6,4,0,0,0,0,1,6,7,2,0,0,,,,,,
4817040000,경상남도 진주시 대곡면,2025090412,35.2612194444444,128.171575,9,5,0,0,0,0,1,6,6,4,0,0,0,0,1,6,7,3,0,0,,,,,,
4817041000,경상남도 진주시 금산면,2025090412,35.2109333333333,128.150111111111,8,5,0,0,0,0,1,6,6,4,0,0,0,0,1,6,7,3,0,0,,,,,,
4817042000,경상남도 진주시 집현면,2025090412,35.23595,128.088586111111,9,5,0,0,0,0,1,6,6,4,0,0,0,0,1,6,7,3,0,0,,,,,,
4817043000,경상남도 진주시 미천면,2025090412,35.2961388888888,128.117577777777,9,5,0,0,0,0,1,6,6,4,0,0,0,0,1,6,7,2,0,0,,,,,,
4817044000,경상남도 진주시 명석면,2025090412,35.2165111111111,128.042541666666,9,5,0,0,0,0,1,6,7,4,0,0,0,0,1,6,7,2,0,0,,,,,,
4817045000,경상남도 진주시 대평면,2025090412,35.2296111111111,127.963022222222,9,5,0,0,0,0,1,6,7,4,0,0,0,0,1,6,7,2,0,0,,,,,,
4817046000,경상남도 진주시 수곡면,2025090412,35.1955861111111,127.934288888888,9,5,0,0,0,0,1,6,7,4,0,0,0,0,1,6,7,1,0,0,,,,,,
4817051500,경상남도 진주시 천전동,2025090412,35.180709,128.084786,9,5,0,0,0,0,1,6,6,4,0,0,0,0,1,6,7,4,0,0,,,,,,
4817055500,경상남도 진주시 성북동,2025090412,35.195742,128.078257,9,5,0,0,0,0,1,6,6,4,0,0,0,0,1,6,7,3,0,0,,,,,,
4817056500,경상남도 진주시 중앙동,2025090412,35.1889638888888,128.088422222222,9,5,0,0,0,0,1,6,6,4,0,0,0,0,1,6,7,4,0,0,,,,,,
4817059500,경상남도 진주시 상봉동,2025090412,35.198564,128.075111,9,5,0,0,0,0,1,6,6,4,0,0,0,0,1,6,7,3,0,0,,,,,,
4817067300,경상남도 진주시 상대동,2025090412,35.180217,128.111758,9,5,0,0,0,0,1,6,6,4,0,0,0,0,1,6,7,4,0,0,,,,,,
4817067800,경상남도 진주시 하대동,2025090412,35.1861777777777,128.129575,9,5,0,0,0,0,1,6,6,4,0,0,0,0,1,6,7,4,0,0,,,,,,
4817068000,경상남도 진주시 상평동,2025090412,35.1730861111111,128.111222222222,9,5,0,0,0,0,1,6,6,4,0,0,0,0,1,6,7,4,0,0,,,,,,
4817069500,경상남도 진주시 초장동,2025090412,35.1984472222222,128.117177777777,9,5,0,0,0,0,1,6,6,4,0,0,0,0,1,6,7,3,0,0,,,,,,
4817071000,경상남도 진주시 평거동,2025090412,35.16379,128.04002,9,5,0,0,0,0,1,6,6,4,0,0,0,0,1,6,7,2,0,0,,,,,,
4817071500,경상남도 진주시 신안동,2025090412,35.1814722222222,128.0712,9,5,0,0,0,0,1,6,6,4,0,0,0,0,1,6,7,4,0,0,,,,,,
4817072000,경상남도 진주시 이현동,2025090412,35.1896916666666,128.063952777777,9,5,0,0,0,0,1,6,6,4,0,0,0,0,1,6,7,4,0,0,,,,,,
4817073000,경상남도 진주시 판문동,2025090412,35.1650472222222,128.054466666666,9,5,0,0,0,0,1,6,6,4,0,0,0,0,1,6,7,4,0,0,,,,,,
4817074000,경상남도 진주시 가호동,2025090412,35.1569444444444,128.108822222222,9,5,0,0,0,0,1,6,6,4,0,0,0,0,1,6,7,4,0,0,,,,,,
4817075000,경상남도 진주시 충무공동,2025090412,35.182951,128.135843,9,5,0,0,0,0,1,6,6,4,0,0,0,0,1,6,7,4,0,0,,,,,,
4822000000,경상남도 통영시,2025090412,34.8512583333333,128.435277777777,9,4,0,0,0,0,1,6,7,4,0,0,0,0,1,6,7,4,0,0,,,,,,
4822025000,경상남도 통영시 산양읍,2025090412,34.8003166666666,128.397908333333,9,4,0,0,0,0,1,5,7,4,0,0,0,0,1,6,9,4,0,0,,,,,,
4822031000,경상남도 통영시 용남면,2025090412,34.86455,128.444588888888,9,4,0,0,0,0,1,6,7,4,0,0,0,0,1,6,7,4,0,0,,,,,,
4822033000,경상남도 통영시 도산면,2025090412,34.9000777777777,128.364155555555,7,5,0,0,0,0,1,5,5,3,0,0,0,0,1,6,7,4,0,0,,,,,,
4822034000,경상남도 통영시 광도면,2025090412,34.8965555555555,128.409208333333,7,5,0,0,0,0,1,5,5,3,0,0,0,0,1,6,7,4,0,0,,,,,,
4822035000,경상남도 통영시 욕지면,2025090412,34.6332083333333,128.265577777777,9,4,0,0,0,0,1,6,9,4,0,0,0,0,1,8,9,4,0,0,,,,,,
4822036000,경상남도 통영시 한산면,2025090412,34.7640111111111,128.5099,9,5,0,0,0,0,1,6,7,4,0,0,0,0,1,6,9,5,0,0,,,,,,
4822037000,경상남도 통영시 사량면,2025090412,34.8423916666666,128.222088888888,9,5,0,0,0,0,1,4,7,4,0,0,0,0,1,6,7,4,0,0,,,,,,
4822051000,경상남도 통영시 도천동,2025090412,34.8339194444444,128.415788888888,9,5,0,0,0,0,1,5,7,3,0,0,0,0,1,6,7,4,0,0,,,,,,
4822053000,경상남도 통영시 명정동,2025090412,34.8394638888888,128.421952777777,9,5,0,0,0,0,1,5,7,3,0,0,0,0,1,6,7,4,0,0,,,,,,
4822055000,경상남도 통영시 중앙동,2025090412,34.8434222222222,128.429197222222,9,4,0,0,0,0,1,6,7,4,0,0,0,0,1,6,7,4,0,0,,,,,,
4822059000,경상남도 통영시 정량동,2025090412,34.8399361111111,128.432433333333,9,4,0,0,0,0,1,6,7,4,0,0,0,0,1,6,7,4,0,0,,,,,,
4822060000,경상남도 통영시 북신동,2025090412,34.8539416666666,128.427686111111,9,4,0,0,0,0,1,6,7,4,0,0,0,0,1,6,7,4,0,0,,,,,,
4822066500,경상남도 통영시 미수동,2025090412,34.82363943,128.4005325,9,5,0,0,0,0,1,5,7,3,0,0,0,0,1,6,7,4,0,0,,,,,,
4822067000,경상남도 통영시 봉평동,2025090412,34.829575,128.416755555555,9,5,0,0,0,0,1,5,7,3,0,0,0,0,1,6,7,4,0,0,,,,,,
4822070000,경상남도 통영시 무전동,2025090412,34.85425,128.434641666666,9,4,0,0,0,0,1,6,7,4,0,0,0,0,1,6,7,4,0,0,,,,,,
4824000000,경상남도 사천시,2025090412,35.0002833333333,128.066777777777,9,4,0,0,0,0,1,5,6,4,0,0,0,0,1,6,7,4,0,0,,,,,,
4824025000,경상남도 사천시 사천읍,2025090412,35.0796805555555,128.093355555555,8,5,0,0,0,0,1,4,6,4,0,0,0,0,1,6,7,4,0,0,,,,,,
4824031000,경상남도 사천시 정동면,2025090412,35.0530083333333,128.126111111111,9,4,0,0,0,0,1,4,6,4,0,0,0,0,1,6,7,3,0,0,,,,,,
4824032000,경상남도 사천시 사남면,2025090412,35.0494444444444,128.077408333333,9,5,0,0,0,0,1,4,6,4,0,0,0,0,1,6,7,3,0,0,,,,,,
4824033000,경상남도 사천시 용현면,2025090412,35.0103527777777,128.063444444444,9,4,0,0,0,0,1,5,6,4,0,0,0,0,1,6,7,4,0,0,,,,,,
4824034000,경상남도 사천시 축동면,2025090412,35.1040555555555,128.090611111111,8,5,0,0,0,0,1,6,6,4,0,0,0,0,1,6,7,4,0,0,,,,,,
4824035000,경상남도 사천시 곤양면,2025090412,35.0544361111111,127.961819444444,7,5,0,0,0,0,1,6,6,4,0,0,0,0,1,6,7,4,0,0,,,,,,
4824036000,경상남도 사천시 곤명면,2025090412,35.1089194444444,127.943755555555,9,5,0,0,0,0,1,6,6,4,0,0,0,0,1,6,7,3,0,0,,,,,,
4824037000,경상남도 사천시 서포면,2025090412,35.0043194444444,127.979075,9,5,0,0,0,0,1,6,6,4,0,0,0,0,1,6,7,4,0,0,,,,,,
4824051000,경상남도 사천시 동서동,2025090412,34.9254444444444,128.071308333333,9,4,0,0,0,0,1,4,6,4,0,0,0,0,1,6,7,4,0,0,,,,,,
4824052000,경상남도 사천시 선구동,2025090412,34.9265972222222,128.074311111111,9,4,0,0,0,0,1,5,6,4,0,0,0,0,1,6,7,4,0,0,,,,,,
4824053000,경상남도 사천시 동서금동,2025090412,34.9278527777777,128.080855555555,9,4,0,0,0,0,1,5,6,4,0,0,0,0,1,6,7,4,0,0,,,,,,
4824055000,경상남도 사천시 벌용동,2025090412,34.940625,128.081863888888,9,4,0,0,0,0,1,5,6,4,0,0,0,0,1,6,7,4,0,0,,,,,,
4824057000,경상남도 사천시 향촌동,2025090412,34.9306444444444,128.095633333333,9,5,0,0,0,0,1,5,6,4,0,0,0,0,1,6,7,4,0,0,,,,,,
4824059500,경상남도 사천시 남양동,2025090412,34.9664861111111,128.065422222222,9,4,0,0,0,0,1,5,6,4,0,0,0,0,1,6,7,4,0,0,,,,,,
4825000000,경상남도 김해시,2025090412,35.2255055555555,128.891666666666,9,5,0,0,0,0,1,6,7,4,0,0,0,0,1,4,7,4,0,0,,,,,,
4825025000,경상남도 김해시 진영읍,2025090412,35.3012416666666,128.735555555555,9,5,0,0,0,0,1,6,6,4,0,0,0,0,1,4,7,4,0,0,,,,,,
4825032000,경상남도 김해시 주촌면,2025090412,35.2327083333333,128.832908333333,9,5,0,0,0,0,1,6,5,4,0,0,0,0,1,4,7,4,0,0,,,,,,
4825033000,경상남도 김해시 진례면,2025090412,35.2459555555555,128.749988888888,9,5,0,0,0,0,1,6,5,4,0,0,0,0,1,4,7,4,0,0,,,,,,
4825034000,경상남도 김해시 한림면,2025090412,35.3175055555555,128.804508333333,9,5,0,0,0,0,1,6,6,4,0,0,0,0,1,4,7,3,0,0,,,,,,
4825035000,경상남도 김해시 생림면,2025090412,35.3248833333333,128.851666666666,9,5,0,0,0,0,1,6,7,4,0,0,0,0,1,4,7,3,0,0,,,,,,
4825036000,경상남도 김해시 상동면,2025090412,35.3046444444444,128.932697222222,9,5,0,0,0,0,1,6,7,4,0,0,0,0,1,4,7,4,0,0,,,,,,
4825037000,경상남도 김해시 대동면,2025090412,35.2391972222222,128.982475,7,5,0,0,0,0,1,6,7,4,0,0,0,0,1,5,7,4,0,0,,,,,,
4825051000,경상남도 김해시 동상동,2025090412,35.2337861111111,128.885733333333,9,5,0,0,0,0,1,6,7,4,0,0,0,0,1,4,7,4,0,0,,,,,,
4825052000,경상남도 김해시 회현동,2025090412,35.2284916666666,128.880555555555,9,5,0,0,0,0,1,6,7,4,0,0,0,0,1,4,7,4,0,0,,,,,,
4825053000,경상남도 김해시 부원동,2025090412,35.2256694444444,128.888822222222,9,5,0,0,0,0,1,6,7,4,0,0,0,0,1,4,7,4,0,0,,,,,,
4825054000,경상남도 김해시 내외동,2025090412,35.23195,128.866722222222,9,5,0,0,0,0,1,6,7,4,0,0,0,0,1,4,7,4,0,0,,,,,,
4825055000,경상남도 김해시 북부동,2025090412,35.2592722222222,128.869752777777,9,5,0,0,0,0,1,6,7,4,0,0,0,0,1,4,7,4,0,0,,,,,,
4825056500,경상남도 김해시 칠산서부동,2025090412,35.2197666666666,128.873241666666,9,5,0,0,0,0,1,6,7,4,0,0,0,0,1,4,7,4,0,0,,,,,,
4825058000,경상남도 김해시 활천동,2025090412,35.2258805555555,128.902108333333,9,5,0,0,0,0,1,6,7,4,0,0,0,0,1,4,7,4,0,0,,,,,,
4825059000,경상남도 김해시 삼안동,2025090412,35.2407611111111,128.909641666666,9,5,0,0,0,0,1,6,7,4,0,0,0,0,1,4,7,4,0,0,,,,,,
4825060000,경상남도 김해시 불암동,2025090412,35.2189722222222,128.928986111111,9,5,0,0,0,0,1,6,7,4,0,0,0,0,1,5,7,4,0,0,,,,,,
4825061000,경상남도 김해시 장유1동,2025090412,35.2012527777778,128.812772222222,9,5,0,0,0,0,1,6,5,4,0,0,0,0,1,4,7,4,0,0,,,,,,
4825062000,경상남도 김해시 장유2동,2025090412,35.1970916666667,128.797786111111,9,5,0,0,0,0,1,6,5,4,0,0,0,0,1,4,7,4,0,0,,,,,,
4825063000,경상남도 김해시 장유3동,2025090412,35.1755333333333,128.811325,9,5,0,0,0,0,1,6,5,4,0,0,0,0,1,4,7,4,0,0,,,,,,
4827000000,경상남도 밀양시,2025090412,35.5007777777777,128.748944444444,8,5,0,0,0,0,1,6,7,4,0,0,0,0,1,6,7,4,0,0,,,,,,
4827025000,경상남도 밀양시 삼랑진읍,2025090412,35.3927277777777,128.84,9,5,0,0,0,0,1,6,7,4,0,0,0,0,1,4,7,3,0,0,,,,,,
4827025300,경상남도 밀양시 하남읍,2025090412,35.3724361111111,128.713288888888,9,5,0,0,0,0,1,6,6,4,0,0,0,0,1,6,7,4,0,0,,,,,,
4827031000,경상남도 밀양시 부북면,2025090412,35.5082222222222,128.732108333333,8,5,0,0,0,0,1,8,7,4,0,0,0,0,1,6,7,4,0,0,,,,,,
4827032000,경상남도 밀양시 상동면,2025090412,35.5497833333333,128.765544444444,8,5,0,0,0,0,1,6,7,4,0,0,0,0,1,6,7,4,0,0,,,,,,
4827033000,경상남도 밀양시 산외면,2025090412,35.4995805555555,128.817097222222,9,5,0,0,0,0,1,6,7,4,0,0,0,0,1,4,7,4,0,0,,,,,,
4827034000,경상남도 밀양시 산내면,2025090412,35.5812166666666,128.883111111111,9,5,0,0,0,0,1,6,7,4,0,0,0,0,1,4,7,4,0,0,,,,,,
4827035000,경상남도 밀양시 단장면,2025090412,35.5121833333333,128.878288888888,9,5,0,0,0,0,1,6,7,4,0,0,0,0,1,4,7,4,0,0,,,,,,
4827036000,경상남도 밀양시 상남면,2025090412,35.4452694444444,128.755841666666,8,5,0,0,0,0,1,6,7,4,0,0,0,0,1,4,7,3,0,0,,,,,,
4827037000,경상남도 밀양시 초동면,2025090412,35.4186083333333,128.675152777777,8,5,0,0,0,0,1,6,7,4,0,0,0,0,1,6,7,4,0,0,,,,,,
4827038000,경상남도 밀양시 무안면,2025090412,35.4676305555555,128.653741666666,8,5,0,0,0,0,1,8,7,4,0,0,0,0,1,6,7,4,0,0,,,,,,
4827039000,경상남도 밀양시 청도면,2025090412,35.5458388888888,128.626697222222,9,5,0,0,0,0,1,8,7,4,0,0,0,0,1,6,7,4,0,0,,,,,,
4827051000,경상남도 밀양시 내일동,2025090412,35.4912805555555,128.756355555555,8,5,0,0,0,0,1,6,7,4,0,0,0,0,1,6,7,4,0,0,,,,,,
4827052000,경상남도 밀양시 내이동,2025090412,35.4939888888888,128.748486111111,8,5,0,0,0,0,1,6,7,4,0,0,0,0,1,6,7,4,0,0,,,,,,
4827053000,경상남도 밀양시 삼문동,2025090412,35.479975,128.755277777777,8,5,0,0,0,0,1,6,7,4,0,0,0,0,1,6,7,4,0,0,,,,,,
4827054000,경상남도 밀양시 가곡동,2025090412,35.4756861111111,128.766777777777,8,5,0,0,0,0,1,6,7,4,0,0,0,0,1,6,7,4,0,0,,,,,,
4827055000,경상남도 밀양시 교동,2025090412,35.5079444444444,128.759386111111,9,5,0,0,0,0,1,6,7,4,0,0,0,0,1,6,7,4,0,0,,,,,,
4831000000,경상남도 거제시,2025090412,34.8773583333333,128.623355555555,9,5,0,0,0,0,1,6,7,4,0,0,0,0,1,6,7,5,0,0,,,,,,
4831031000,경상남도 거제시 일운면,2025090412,34.8265333333333,128.705333333333,9,4,0,0,0,0,1,6,7,4,0,0,0,0,1,6,9,5,0,0,,,,,,
4831032000,경상남도 거제시 동부면,2025090412,34.8184083333333,128.610375,9,5,0,0,0,0,1,6,7,4,0,0,0,0,1,6,7,5,0,0,,,,,,
4831033000,경상남도 거제시 남부면,2025090412,34.7290416666666,128.612333333333,9,4,0,0,0,0,1,6,7,4,0,0,0,0,1,6,9,5,0,0,,,,,,
4831034000,경상남도 거제시 거제면,2025090412,34.8478833333333,128.592611111111,9,5,0,0,0,0,1,6,7,4,0,0,0,0,1,6,7,5,0,0,,,,,,
4831035000,경상남도 거제시 둔덕면,2025090412,34.8336388888888,128.507311111111,7,5,0,0,0,0,1,6,7,4,0,0,0,0,1,6,7,5,0,0,,,,,,
4831036000,경상남도 거제시 사등면,2025090412,34.9158083333333,128.524475,7,5,0,0,0,0,1,6,5,4,0,0,0,0,1,6,7,5,0,0,,,,,,
4831037000,경상남도 거제시 연초면,2025090412,34.91145,128.658775,9,5,0,0,0,0,1,6,7,4,0,0,0,0,1,6,7,5,0,0,,,,,,
4831038000,경상남도 거제시 하청면,2025090412,34.9522055555555,128.657577777777,9,5,0,0,0,0,1,6,7,4,0,0,0,0,1,6,7,5,0,0,,,,,,
4831039000,경상남도 거제시 장목면,2025090412,34.9835111111111,128.684575,9,5,0,0,0,0,1,6,7,4,0,0,0,0,1,6,7,5,0,0,,,,,,
4831051000,경상남도 거제시 장승포동,2025090412,34.86425,128.7294,9,4,0,0,0,0,1,6,7,4,0,0,0,0,1,6,7,5,0,0,,,,,,
4831053000,경상남도 거제시 능포동,2025090412,34.8761166666666,128.736911111111,9,4,0,0,0,0,1,6,7,4,0,0,0,0,1,6,7,5,0,0,,,,,,
4831054000,경상남도 거제시 아주동,2025090412,34.8629388888888,128.694363888888,9,4,0,0,0,0,1,6,7,4,0,0,0,0,1,6,7,5,0,0,,,,,,
4831055000,경상남도 거제시 옥포1동,2025090412,34.8878611111111,128.694886111111,9,4,0,0,0,0,1,6,7,4,0,0,0,0,1,6,7,5,0,0,,,,,,
4831056000,경상남도 거제시 옥포2동,2025090412,34.8934777777777,128.690555555555,9,4,0,0,0,0,1,6,7,4,0,0,0,0,1,6,7,5,0,0,,,,,,
4831057000,경상남도 거제시 장평동,2025090412,34.8895579,128.6094674,9,5,0,0,0,0,1,6,7,4,0,0,0,0,1,6,7,5,0,0,,,,,,
4831058000,경상남도 거제시 고현동,2025090412,34.882599,128.623325,9,5,0,0,0,0,1,6,7,4,0,0,0,0,1,6,7,5,0,0,,,,,,
4831059000,경상남도 거제시 상문동,2025090412,34.8680902,128.6379441,9,5,0,0,0,0,1,6,7,4,0,0,0,0,1,6,7,5,0,0,,,,,,
4831060000,경상남도 거제시 수양동,2025090412,34.887941,128.6462865,9,4,0,0,0,0,1,6,7,4,0,0,0,0,1,6,7,5,0,0,,,,,,
4833000000,경상남도 양산시,2025090412,35.3319277777777,129.039411111111,7,5,0,0,0,0,1,6,7,4,0,0,0,0,1,4,7,4,0,0,,,,,,
4833025300,경상남도 양산시 물금읍,2025090412,35.3080388888888,128.990644444444,7,5,0,0,0,0,1,6,7,4,0,0,0,0,1,4,7,4,0,0,,,,,,
4833031000,경상남도 양산시 동면,2025090412,35.3204472222222,129.064141666666,7,4,0,0,0,0,1,6,7,4,0,0,0,0,1,4,7,4,0,0,,,,,,
4833032000,경상남도 양산시 원동면,2025090412,35.3616277777777,128.921066666666,8,5,0,0,0,0,1,6,7,4,0,0,0,0,1,4,7,3,0,0,,,,,,
4833033000,경상남도 양산시 상북면,2025090412,35.4153138888888,129.066666666666,9,5,0,0,0,0,1,6,7,4,0,0,0,0,1,4,5,3,0,0,,,,,,
4833034000,경상남도 양산시 하북면,2025090412,35.4862333333333,129.089222222222,8,5,0,0,0,0,1,6,7,4,0,0,0,0,1,4,5,3,0,0,,,,,,
4833051000,경상남도 양산시 중앙동,2025090412,35.3427361111111,129.043252777777,7,5,0,0,0,0,1,6,7,4,0,0,0,0,1,4,7,4,0,0,,,,,,
4833051500,경상남도 양산시 양주동,2025090412,35.3364654,129.0322113,7,5,0,0,0,0,1,6,7,4,0,0,0,0,1,4,7,4,0,0,,,,,,
4833052000,경상남도 양산시 삼성동,2025090412,35.3497583333333,129.042955555555,7,5,0,0,0,0,1,6,7,4,0,0,0,0,1,4,7,4,0,0,,,,,,
4833053000,경상남도 양산시 강서동,2025090412,35.3420972222222,129.028422222222,7,5,0,0,0,0,1,6,7,4,0,0,0,0,1,4,7,4,0,0,,,,,,
4833054000,경상남도 양산시 서창동,2025090412,35.4132166666666,129.175422222222,7,4,0,0,0,0,1,6,7,4,0,0,0,0,1,4,5,4,0,0,,,,,,
4833055000,경상남도 양산시 소주동,2025090412,35.4165805555555,129.1562,7,4,0,0,0,0,1,6,7,4,0,0,0,0,1,4,5,4,0,0,,,,,,
4833056000,경상남도 양산시 평산동,2025090412,35.3802611111111,129.150955555555,9,4,0,0,0,0,1,6,7,4,0,0,0,0,1,4,5,4,0,0,,,,,,
4833057000,경상남도 양산시 덕계동,2025090412,35.3704222222222,129.152263888888,9,4,0,0,0,0,1,6,7,4,0,0,0,0,1,4,5,4,0,0,,,,,,
4872000000,경상남도 의령군,2025090412,35.3191194444444,128.263822222222,9,5,0,0,0,0,1,6,6,4,0,0,0,0,1,6,7,3,0,0,,,,,,
4872025000,경상남도 의령군 의령읍,2025090412,35.318,128.262719444444,8,5,0,0,0,0,1,6,6,4,0,0,0,0,1,6,7,3,0,0,,,,,,
4872031000,경상남도 의령군 가례면,2025090412,35.3236472222222,128.247466666666,8,5,0,0,0,0,1,6,6,4,0,0,0,0,1,6,7,3,0,0,,,,,,
4872032000,경상남도 의령군 칠곡면,2025090412,35.3383333333333,128.194777777777,9,5,0,0,0,0,1,6,6,4,0,0,0,0,1,6,7,3,0,0,,,,,,
4872033000,경상남도 의령군 대의면,2025090412,35.3688277777777,128.110455555555,9,5,0,0,0,0,1,6,7,4,0,0,0,0,1,6,7,2,0,0,,,,,,
4872034000,경상남도 의령군 화정면,2025090412,35.2746444444444,128.213011111111,8,5,0,0,0,0,1,6,6,4,0,0,0,0,1,6,7,3,0,0,,,,,,
4872035000,경상남도 의령군 용덕면,2025090412,35.3450833333333,128.292819444444,8,5,0,0,0,0,1,6,6,4,0,0,0,0,1,6,7,3,0,0,,,,,,
4872036000,경상남도 의령군 정곡면,2025090412,35.3775,128.328552777777,8,5,0,0,0,0,1,6,6,4,0,0,0,0,1,6,7,3,0,0,,,,,,
4872037000,경상남도 의령군 지정면,2025090412,35.379475,128.388266666666,9,5,0,0,0,0,1,6,6,4,0,0,0,0,1,6,7,3,0,0,,,,,,
4872038000,경상남도 의령군 낙서면,2025090412,35.481125,128.379433333333,8,5,0,0,0,0,1,6,6,4,0,0,0,0,1,6,7,4,0,0,,,,,,
4872039000,경상남도 의령군 부림면,2025090412,35.4634166666666,128.326777777777,9,5,0,0,0,0,1,6,6,4,0,0,0,0,1,6,7,3,0,0,,,,,,
4872040000,경상남도 의령군 봉수면,2025090412,35.4692277777777,128.268388888888,9,5,0,0,0,0,1,6,7,4,0,0,0,0,1,6,7,2,0,0,,,,,,
4872041500,경상남도 의령군 궁류면,2025090412,35.4443055555555,128.251141666666,9,5,0,0,0,0,1,6,7,4,0,0,0,0,1,6,7,2,0,0,,,,,,
4872042000,경상남도 의령군 유곡면,2025090412,35.4302,128.315841666666,9,5,0,0,0,0,1,6,6,4,0,0,0,0,1,6,7,3,0,0,,,,,,
4873000000,경상남도 함안군,2025090412,35.2694055555555,128.408708333333,9,4,0,0,0,0,1,6,6,4,0,0,0,0,1,6,7,2,0,0,,,,,,
4873025000,경상남도 함안군 가야읍,2025090412,35.2691499999999,128.410441666666,9,4,0,0,0,0,1,6,6,4,0,0,0,0,1,6,7,2,0,0,,,,,,
4873025300,경상남도 함안군 칠원읍,2025090412,35.3088027777778,128.518563888889,9,5,0,0,0,0,1,6,6,4,0,0,0,0,1,6,7,1,0,0,,,,,,
4873031000,경상남도 함안군 함안면,2025090412,35.2390361111111,128.425922222222,9,4,0,0,0,0,1,6,6,4,0,0,0,0,1,6,7,2,0,0,,,,,,
4873032000,경상남도 함안군 군북면,2025090412,35.2586083333333,128.347230555555,9,5,0,0,0,0,1,6,6,4,0,0,0,0,1,6,7,2,0,0,,,,,,
4873033000,경상남도 함안군 법수면,2025090412,35.3124527777777,128.357597222222,9,5,0,0,0,0,1,6,6,4,0,0,0,0,1,6,7,4,0,0,,,,,,
4873034000,경상남도 함안군 대산면,2025090412,35.3471194444444,128.433708333333,8,5,0,0,0,0,1,6,6,4,0,0,0,0,1,6,7,4,0,0,,,,,,
4873035000,경상남도 함안군 칠서면,2025090412,35.3303611111111,128.500286111111,8,5,0,0,0,0,1,6,6,4,0,0,0,0,1,6,7,1,0,0,,,,,,
4873036000,경상남도 함안군 칠북면,2025090412,35.3435472222222,128.523855555555,9,5,0,0,0,0,1,6,6,4,0,0,0,0,1,6,7,4,0,0,,,,,,
4873038000,경상남도 함안군 산인면,2025090412,35.2762694444444,128.426477777777,9,4,0,0,0,0,1,6,6,4,0,0,0,0,1,6,7,2,0,0,,,,,,
4873039000,경상남도 함안군 여항면,2025090412,35.2071194444444,128.436708333333,9,5,0,0,0,0,1,6,6,4,0,0,0,0,1,6,7,1,0,0,,,,,,
4874000000,경상남도 창녕군,2025090412,35.5415361111111,128.494533333333,9,5,0,0,0,0,1,6,7,4,0,0,0,0,1,6,7,4,0,0,,,,,,
4874025000,경상남도 창녕군 창녕읍,2025090412,35.5376583333333,128.503355555555,9,5,0,0,0,0,1,6,7,4,0,0,0,0,1,6,7,4,0,0,,,,,,
4874025300,경상남도 창녕군 남지읍,2025090412,35.3860416666666,128.479433333333,8,5,0,0,0,0,1,6,6,4,0,0,0,0,1,6,7,4,0,0,,,,,,
4874031000,경상남도 창녕군 고암면,2025090412,35.5733555555555,128.513186111111,9,5,0,0,0,0,1,8,7,4,0,0,0,0,1,6,7,4,0,0,,,,,,
4874032000,경상남도 창녕군 성산면,2025090412,35.6257166666666,128.496188888888,7,5,0,0,0,0,1,6,7,4,0,0,0,0,1,6,7,4,0,0,,,,,,
4874033000,경상남도 창녕군 대합면,2025090412,35.6105861111111,128.474277777777,7,5,0,0,0,0,1,6,7,4,0,0,0,0,1,6,7,4,0,0,,,,,,
4874034000,경상남도 창녕군 이방면,2025090412,35.5740666666666,128.390030555555,7,5,0,0,0,0,1,6,7,4,0,0,0,0,1,6,7,4,0,0,,,,,,
4874035000,경상남도 창녕군 유어면,2025090412,35.5050527777777,128.413333333333,8,5,0,0,0,0,1,6,6,4,0,0,0,0,1,6,7,4,0,0,,,,,,
4874036000,경상남도 창녕군 대지면,2025090412,35.5525194444444,128.470063888888,9,5,0,0,0,0,1,6,7,4,0,0,0,0,1,6,7,4,0,0,,,,,,
4874037000,경상남도 창녕군 계성면,2025090412,35.4657388888888,128.515244444444,9,5,0,0,0,0,1,8,7,4,0,0,0,0,1,6,7,4,0,0,,,,,,
4874038000,경상남도 창녕군 영산면,2025090412,35.4505861111111,128.530152777777,9,5,0,0,0,0,1,6,7,4,0,0,0,0,1,6,7,4,0,0,,,,,,
4874039000,경상남도 창녕군 장마면,2025090412,35.4551055555555,128.475144444444,9,5,0,0,0,0,1,6,6,4,0,0,0,0,1,6,7,4,0,0,,,,,,
4874040000,경상남도 창녕군 도천면,2025090412,35.4320277777777,128.520252777777,8,5,0,0,0,0,1,6,7,4,0,0,0,0,1,6,7,4,0,0,,,,,,
4874041000,경상남도 창녕군 길곡면,2025090412,35.3840194444444,128.571288888888,8,5,0,0,0,0,1,6,6,4,0,0,0,0,1,6,7,4,0,0,,,,,,
4874042000,경상남도 창녕군 부곡면,2025090412,35.4316888888888,128.605130555555,8,5,0,0,0,0,1,6,7,4,0,0,0,0,1,6,7,4,0,0,,,,,,
4882000000,경상남도 고성군,2025090412,34.9699,128.324541666666,9,5,0,0,0,0,1,5,5,4,0,0,0,0,1,6,7,4,0,0,,,,,,
4882025000,경상남도 고성군 고성읍,2025090412,34.9711,128.326533333333,9,5,0,0,0,0,1,5,5,4,0,0,0,0,1,6,7,4,0,0,,,,,,
4882031000,경상남도 고성군 삼산면,2025090412,34.9336111111111,128.276052777777,9,5,0,0,0,0,1,5,5,4,0,0,0,0,1,6,7,4,0,0,,,,,,
4882032000,경상남도 고성군 하일면,2025090412,34.9403166666666,128.194641666666,9,5,0,0,0,0,1,5,6,4,0,0,0,0,1,6,7,4,0,0,,,,,,
4882033000,경상남도 고성군 하이면,2025090412,34.9255861111111,128.125077777777,9,5,0,0,0,0,1,5,6,4,0,0,0,0,1,6,7,4,0,0,,,,,,
4882034000,경상남도 고성군 상리면,2025090412,34.9966555555555,128.188566666666,9,5,0,0,0,0,1,5,6,3,0,0,0,0,1,6,7,4,0,0,,,,,,
4882035000,경상남도 고성군 대가면,2025090412,35.0142555555555,128.300555555555,9,5,0,0,0,0,1,5,5,4,0,0,0,0,1,6,7,4,0,0,,,,,,
4882036000,경상남도 고성군 영현면,2025090412,35.0510166666666,128.207677777777,9,5,0,0,0,0,1,5,5,4,0,0,0,0,1,6,7,3,0,0,,,,,,
4882037000,경상남도 고성군 영오면,2025090412,35.1047888888888,128.239852777777,9,5,0,0,0,0,1,6,6,4,0,0,0,0,1,6,7,1,0,0,,,,,,
4882038000,경상남도 고성군 개천면,2025090412,35.0956083333333,128.261077777777,9,5,0,0,0,0,1,5,6,4,0,0,0,0,1,6,7,4,0,0,,,,,,
4882039000,경상남도 고성군 구만면,2025090412,35.0847527777777,128.337097222222,9,5,0,0,0,0,1,5,6,4,0,0,0,0,1,6,7,4,0,0,,,,,,
4882040000,경상남도 고성군 회화면,2025090412,35.0570972222222,128.375522222222,9,5,0,0,0,0,1,5,6,4,0,0,0,0,1,6,7,4,0,0,,,,,,
4882041000,경상남도 고성군 마암면,2025090412,35.0520833333333,128.338911111111,9,5,0,0,0,0,1,5,6,4,0,0,0,0,1,6,7,4,0,0,,,,,,
4882042000,경상남도 고성군 동해면,2025090412,35.0383472222222,128.423199999999,7,5,0,0,0,0,1,4,5,4,0,0,0,0,1,6,7,4,0,0,,,,,,
4882043000,경상남도 고성군 거류면,2025090412,34.9886638888888,128.406466666666,7,5,0,0,0,0,1,5,5,4,0,0,0,0,1,6,7,4,0,0,,,,,,
4884000000,경상남도 남해군,2025090412,34.8345583333333,127.894466666666,9,5,0,0,0,0,1,6,7,4,0,0,0,0,1,6,7,4,0,0,,,,,,
4884025000,경상남도 남해군 남해읍,2025090412,34.8354166666666,127.895955555555,9,5,0,0,0,0,1,6,7,4,0,0,0,0,1,6,7,4,0,0,,,,,,
4884031000,경상남도 남해군 이동면,2025090412,34.7963111111111,127.9569,9,5,0,0,0,0,1,6,7,4,0,0,0,0,1,6,7,4,0,0,,,,,,
4884032000,경상남도 남해군 상주면,2025090412,34.7205694444444,127.9878,9,5,0,0,0,0,1,6,7,4,0,0,0,0,1,8,7,4,0,0,,,,,,
4884033000,경상남도 남해군 삼동면,2025090412,34.8278944444444,128.003144444444,9,5,0,0,0,0,1,5,7,4,0,0,0,0,1,6,7,4,0,0,,,,,,
4884034000,경상남도 남해군 미조면,2025090412,34.7089888888888,128.049066666666,9,5,0,0,0,0,1,6,7,4,0,0,0,0,1,8,9,4,0,0,,,,,,
4884035000,경상남도 남해군 남면,2025090412,34.7682999999999,127.888930555555,9,5,0,0,0,0,1,6,7,4,0,0,0,0,1,6,7,4,0,0,,,,,,
4884036000,경상남도 남해군 서면,2025090412,34.80695,127.840463888888,9,5,0,0,0,0,1,6,7,4,0,0,0,0,1,6,7,4,0,0,,,,,,
4884037000,경상남도 남해군 고현면,2025090412,34.892575,127.876466666666,9,5,0,0,0,0,1,6,7,4,0,0,0,0,1,6,7,4,0,0,,,,,,
4884038000,경상남도 남해군 설천면,2025090412,34.9217805555555,127.916175,9,5,0,0,0,0,1,6,7,4,0,0,0,0,1,6,7,4,0,0,,,,,,
4884039000,경상남도 남해군 창선면,2025090412,34.8547111111111,128.014319444444,9,5,0,0,0,0,1,5,7,4,0,0,0,0,1,6,7,4,0,0,,,,,,
4885000000,경상남도 하동군,2025090412,35.0642027777777,127.753430555555,9,5,0,0,0,0,1,6,7,4,0,0,0,0,1,4,5,1,0,0,,,,,,
4885025000,경상남도 하동군 하동읍,2025090412,35.0690194444444,127.747419444444,9,5,0,0,0,0,1,6,7,4,0,0,0,0,1,4,5,1,0,0,,,,,,
4885031000,경상남도 하동군 화개면,2025090412,35.1853083333333,127.627577777777,9,5,0,0,0,0,1,6,5,1,0,0,0,0,1,6,5,1,0,0,,,,,,
4885032000,경상남도 하동군 악양면,2025090412,35.1592944444444,127.711086111111,9,5,0,0,0,0,1,6,7,4,0,0,0,0,1,6,5,1,0,0,,,,,,
4885033000,경상남도 하동군 적량면,2025090412,35.0800777777777,127.779066666666,9,5,0,0,0,0,1,6,7,4,0,0,0,0,1,6,5,1,0,0,,,,,,
4885034000,경상남도 하동군 횡천면,2025090412,35.1066805555555,127.816111111111,9,5,0,0,0,0,1,6,7,4,0,0,0,0,1,6,5,1,0,0,,,,,,
4885035000,경상남도 하동군 고전면,2025090412,35.0190805555555,127.819444444444,8,5,0,0,0,0,1,6,6,4,0,0,0,0,1,6,5,1,0,0,,,,,,
4885036000,경상남도 하동군 금남면,2025090412,34.9474138888888,127.861133333333,9,4,0,0,0,0,1,6,7,4,0,0,0,0,1,6,7,4,0,0,,,,,,
4885037000,경상남도 하동군 진교면,2025090412,35.0274,127.903111111111,8,4,0,0,0,0,1,6,6,4,0,0,0,0,1,6,7,1,0,0,,,,,,
4885038000,경상남도 하동군 양보면,2025090412,35.0442416666666,127.847908333333,9,5,0,0,0,0,1,6,6,4,0,0,0,0,1,6,5,1,0,0,,,,,,
4885039000,경상남도 하동군 북천면,2025090412,35.111575,127.894988888888,9,5,0,0,0,0,1,6,7,4,0,0,0,0,1,6,7,3,0,0,,,,,,
4885040000,경상남도 하동군 청암면,2025090412,35.1529777777777,127.802163888888,9,5,0,0,0,0,1,6,7,4,0,0,0,0,1,6,5,1,0,0,,,,,,
4885041000,경상남도 하동군 옥종면,2025090412,35.1798833333333,127.881697222222,9,5,0,0,0,0,1,6,7,4,0,0,0,0,1,6,7,1,0,0,,,,,,
4885042000,경상남도 하동군 금성면,2025090412,34.9606944444444,127.792374999999,8,5,0,0,0,0,1,6,7,4,0,0,0,0,1,4,5,4,0,0,,,,,,
4886000000,경상남도 산청군,2025090412,35.4124916666666,127.875619444444,9,5,0,0,0,0,1,6,7,2,0,0,0,0,1,4,7,1,0,0,,,,,,
4886025000,경상남도 산청군 산청읍,2025090412,35.4103472222222,127.879622222222,9,5,0,0,0,0,1,6,7,2,0,0,0,0,1,4,7,1,0,0,,,,,,
4886031000,경상남도 산청군 차황면,2025090412,35.4606527777777,127.929988888888,9,5,0,0,0,0,1,6,7,4,0,0,0,0,1,4,5,1,0,0,,,,,,
4886032000,경상남도 산청군 오부면,2025090412,35.4556777777777,127.864133333333,9,5,0,0,0,0,1,6,7,4,0,0,0,0,1,4,7,1,0,0,,,,,,
4886033000,경상남도 산청군 생초면,2025090412,35.4901083333333,127.835063888888,9,5,0,0,0,0,1,6,7,4,0,0,0,0,1,4,7,2,0,0,,,,,,
4886034000,경상남도 산청군 금서면,2025090412,35.414125,127.865333333333,9,5,0,0,0,0,1,6,7,2,0,0,0,0,1,4,7,1,0,0,,,,,,
4886035000,경상남도 산청군 삼장면,2025090412,35.2951972222222,127.833930555555,9,5,0,0,0,0,1,6,7,2,0,0,0,0,1,6,7,1,0,0,,,,,,
4886036000,경상남도 산청군 시천면,2025090412,35.275275,127.842841666666,9,4,0,0,0,0,1,6,7,4,0,0,0,0,1,6,7,2,0,0,,,,,,
4886037000,경상남도 산청군 단성면,2025090412,35.295825,127.959811111111,7,5,0,0,0,0,1,6,7,4,0,0,0,0,1,6,7,1,0,0,,,,,,
4886038000,경상남도 산청군 신안면,2025090412,35.300925,127.975252777777,7,5,0,0,0,0,1,6,7,4,0,0,0,0,1,6,7,1,0,0,,,,,,
4886039000,경상남도 산청군 생비량면,2025090412,35.3419916666666,128.047263888888,9,5,0,0,0,0,1,6,7,4,0,0,0,0,1,6,7,1,0,0,,,,,,
4886040000,경상남도 산청군 신등면,2025090412,35.3796805555555,128.008977777777,7,5,0,0,0,0,1,6,7,4,0,0,0,0,1,6,7,1,0,0,,,,,,
4887000000,경상남도 함양군,2025090412,35.5174694444444,127.727419444444,9,5,0,0,0,0,1,6,7,4,0,0,0,0,1,4,7,4,0,0,,,,,,
4887025000,경상남도 함양군 함양읍,2025090412,35.5166194444444,127.728797222222,9,5,0,0,0,0,1,6,7,4,0,0,0,0,1,4,7,4,0,0,,,,,,
4887031000,경상남도 함양군 마천면,2025090412,35.3938944444444,127.665197222222,9,5,0,0,0,0,1,6,6,1,0,0,0,0,1,6,7,3,0,0,,,,,,
4887032000,경상남도 함양군 휴천면,2025090412,35.4776444444444,127.752375,9,5,0,0,0,0,1,6,7,4,0,0,0,0,1,4,7,4,0,0,,,,,,
4887033000,경상남도 함양군 유림면,2025090412,35.4631722222222,127.7945,8,5,0,0,0,0,1,6,7,4,0,0,0,0,1,4,7,2,0,0,,,,,,
4887034000,경상남도 함양군 수동면,2025090412,35.5191333333333,127.789908333333,7,5,0,0,0,0,1,6,7,4,0,0,0,0,1,4,7,2,0,0,,,,,,
4887035000,경상남도 함양군 지곡면,2025090412,35.5631722222222,127.776388888888,9,5,0,0,0,0,1,6,7,4,0,0,0,0,1,4,7,4,0,0,,,,,,
4887036000,경상남도 함양군 안의면,2025090412,35.6256333333333,127.813444444444,7,4,0,0,0,0,1,6,7,4,0,0,0,0,1,4,7,3,0,0,,,,,,
4887037000,경상남도 함양군 서하면,2025090412,35.6446194444444,127.697555555555,9,3,0,0,0,0,1,6,7,4,0,0,0,0,1,4,7,3,0,0,,,,,,
4887038000,경상남도 함양군 서상면,2025090412,35.6803694444444,127.688055555555,9,4,0,0,0,0,1,6,7,1,0,0,0,0,1,4,7,3,0,0,,,,,,
4887039000,경상남도 함양군 백전면,2025090412,35.5486472222222,127.637786111111,9,4,0,0,0,0,1,6,7,4,0,0,0,0,1,6,7,3,0,0,,,,,,
4887040000,경상남도 함양군 병곡면,2025090412,35.5254388888888,127.684288888888,9,4,0,0,0,0,1,6,7,4,0,0,0,0,1,6,7,4,0,0,,,,,,
4888000000,경상남도 거창군,2025090412,35.683625,127.911655555555,7,4,0,0,0,0,1,6,7,4,0,0,0,0,1,4,6,3,0,0,,,,,,
4888025000,경상남도 거창군 거창읍,2025090412,35.6849444444444,127.906019444444,7,4,0,0,0,0,1,6,7,4,0,0,0,0,1,4,6,3,0,0,,,,,,
4888031000,경상남도 거창군 주상면,2025090412,35.7466416666666,127.915277777777,7,4,0,0,0,0,1,6,7,4,0,0,0,0,1,4,6,3,0,0,,,,,,
4888032000,경상남도 거창군 웅양면,2025090412,35.8023666666666,127.919955555555,9,5,0,0,0,0,1,6,7,2,0,0,0,0,1,4,7,2,0,0,,,,,,
4888033000,경상남도 거창군 고제면,2025090412,35.8118194444444,127.873586111111,9,5,0,0,0,0,1,6,7,1,0,0,0,0,1,4,7,2,0,0,,,,,,
4888034000,경상남도 거창군 북상면,2025090412,35.7743944444444,127.821388888888,9,5,0,0,0,0,1,6,7,1,0,0,0,0,1,4,7,1,0,0,,,,,,
4888035000,경상남도 거창군 위천면,2025090412,35.7465583333333,127.835308333333,7,5,0,0,0,0,1,6,7,1,0,0,0,0,1,4,7,3,0,0,,,,,,
4888036000,경상남도 거창군 마리면,2025090412,35.6981777777777,127.856797222222,7,4,0,0,0,0,1,6,7,2,0,0,0,0,1,4,7,3,0,0,,,,,,
4888037000,경상남도 거창군 남상면,2025090412,35.6401666666666,127.912188888888,7,5,0,0,0,0,1,6,7,4,0,0,0,0,1,4,6,3,0,0,,,,,,
4888038000,경상남도 거창군 남하면,2025090412,35.6646833333333,127.945788888888,7,4,0,0,0,0,1,6,7,4,0,0,0,0,1,4,6,3,0,0,,,,,,
4888039000,경상남도 거창군 신원면,2025090412,35.5647055555555,127.9273,9,5,0,0,0,0,1,6,7,4,0,0,0,0,1,4,5,3,0,0,,,,,,
4888040000,경상남도 거창군 가조면,2025090412,35.7079694444444,128.0169,9,4,0,0,0,0,1,6,7,4,0,0,0,0,1,4,6,2,0,0,,,,,,
4888041000,경상남도 거창군 가북면,2025090412,35.759775,127.995463888888,9,4,0,0,0,0,1,6,7,2,0,0,0,0,1,4,6,2,0,0,,,,,,
4889000000,경상남도 합천군,2025090412,35.5636166666666,128.167930555555,7,5,0,0,0,0,1,6,7,4,0,0,0,0,1,6,5,1,0,0,,,,,,
4889025000,경상남도 합천군 합천읍,2025090412,35.5628833333333,128.160152777777,7,5,0,0,0,0,1,6,7,4,0,0,0,0,1,6,5,1,0,0,,,,,,
4889031000,경상남도 합천군 봉산면,2025090412,35.6230166666666,128.044052777777,8,5,0,0,0,0,1,6,7,4,0,0,0,0,1,4,6,2,0,0,,,,,,
4889032000,경상남도 합천군 묘산면,2025090412,35.6554305555555,128.115555555555,9,5,0,0,0,0,1,6,7,4,0,0,0,0,1,6,6,3,0,0,,,,,,
4889033000,경상남도 합천군 가야면,2025090412,35.7597,128.141641666666,8,5,0,0,0,0,1,6,7,4,0,0,0,0,1,6,6,4,0,0,,,,,,
4889034000,경상남도 합천군 야로면,2025090412,35.7021833333333,128.169908333333,8,5,0,0,0,0,1,6,7,4,0,0,0,0,1,6,6,1,0,0,,,,,,
4889035000,경상남도 합천군 율곡면,2025090412,35.5693277777777,128.220197222222,6,5,0,0,0,0,1,6,7,4,0,0,0,0,1,6,5,1,0,0,,,,,,
4889036000,경상남도 합천군 초계면,2025090412,35.5569277777777,128.267530555555,8,5,0,0,0,0,1,6,7,4,0,0,0,0,1,6,7,4,0,0,,,,,,
4889037000,경상남도 합천군 쌍책면,2025090412,35.5728305555555,128.284352777777,7,4,0,0,0,0,1,6,7,4,0,0,0,0,1,6,5,4,0,0,,,,,,
4889038000,경상남도 합천군 덕곡면,2025090412,35.6119833333333,128.361466666666,7,5,0,0,0,0,1,6,7,4,0,0,0,0,1,6,5,4,0,0,,,,,,
4889039000,경상남도 합천군 청덕면,2025090412,35.5563249999999,128.323977777777,7,5,0,0,0,0,1,6,7,4,0,0,0,0,1,6,7,4,0,0,,,,,,
4889040000,경상남도 합천군 적중면,2025090412,35.5445444444444,128.280863888888,8,5,0,0,0,0,1,6,7,4,0,0,0,0,1,6,7,4,0,0,,,,,,
4889041000,경상남도 합천군 대양면,2025090412,35.5135722222222,128.176708333333,7,5,0,0,0,0,1,6,7,4,0,0,0,0,1,6,7,1,0,0,,,,,,
4889042000,경상남도 합천군 쌍백면,2025090412,35.4385555555555,128.147644444444,9,5,0,0,0,0,1,6,7,4,0,0,0,0,1,6,7,2,0,0,,,,,,
4889043000,경상남도 합천군 삼가면,2025090412,35.4113277777777,128.123952777777,9,5,0,0,0,0,1,6,7,4,0,0,0,0,1,6,7,2,0,0,,,,,,
4889044000,경상남도 합천군 가회면,2025090412,35.4321277777777,128.035841666666,7,5,0,0,0,0,1,6,7,4,0,0,0,0,1,6,7,1,0,0,,,,,,
4889045000,경상남도 합천군 대병면,2025090412,35.5182333333333,128.016755555555,8,5,0,0,0,0,1,6,7,4,0,0,0,0,1,4,5,1,0,0,,,,,,
4889046000,경상남도 합천군 용주면,2025090412,35.5376694444444,128.115597222222,7,5,0,0,0,0,1,6,7,4,0,0,0,0,1,6,5,1,0,0,,,,,,
5000000000,제주특별자치도,2025090412,33.4856944444444,126.500333333333,9,5,0,0,0,0,1,7,7,1,0,0,0,0,1,5,6,5,0,0,,,,,,
5011000000,제주특별자치도 제주시,2025090412,33.4963111111111,126.533208333333,9,5,0,0,0,0,1,8,7,1,0,0,0,0,1,5,6,1,0,0,,,,,,
5011025000,제주특별자치도 제주시 한림읍,2025090412,33.4071444444444,126.269086111111,9,5,0,0,0,0,1,8,9,1,0,0,0,0,1,5,8,5,0,0,,,,,,
5011025300,제주특별자치도 제주시 애월읍,2025090412,33.4587388888888,126.331466666666,9,5,0,0,0,0,1,8,9,5,0,0,0,0,1,5,8,5,0,0,,,,,,
5011025600,제주특별자치도 제주시 구좌읍,2025090412,33.5193361111111,126.854075,9,4,0,0,0,0,1,8,7,5,0,0,0,0,1,6,8,3,0,0,,,,,,
5011025900,제주특별자치도 제주시 조천읍,2025090412,33.5311777777777,126.636233333333,8,5,0,0,0,0,1,7,7,4,0,0,0,0,1,6,6,1,0,0,,,,,,
5011031000,제주특별자치도 제주시 한경면,2025090412,33.3474,126.186019444444,7,5,0,0,0,0,1,8,9,6,0,0,0,0,1,5,8,5,0,0,,,,,,
5011032000,제주특별자치도 제주시 추자면,2025090412,33.9594722222222,126.296141666666,7,5,0,0,0,0,1,6,9,6,0,0,0,0,1,5,6,5,0,0,,,,,,
5011033000,제주특별자치도 제주시 우도면,2025090412,33.5032555555555,126.955422222222,9,4,0,0,0,0,1,8,7,4,0,0,0,0,1,6,8,3,0,0,,,,,,
5011051000,제주특별자치도 제주시 일도1동,2025090412,33.5116861111111,126.528186111111,9,5,0,0,0,0,1,7,7,1,0,0,0,0,1,5,6,1,0,0,,,,,,
5011052000,제주특별자치도 제주시 일도2동,2025090412,33.5084777777777,126.540319444444,9,5,0,0,0,0,1,8,7,1,0,0,0,0,1,5,6,1,0,0,,,,,,
5011053000,제주특별자치도 제주시 이도1동,2025090412,33.5051833333333,126.527588888888,9,5,0,0,0,0,1,8,7,1,0,0,0,0,1,5,6,1,0,0,,,,,,
5011054000,제주특별자치도 제주시 이도2동,2025090412,33.4938583333333,126.537375,9,5,0,0,0,0,1,8,7,1,0,0,0,0,1,5,6,1,0,0,,,,,,
5011055000,제주특별자치도 제주시 삼도1동,2025090412,33.500425,126.5203,9,5,0,0,0,0,1,8,7,1,0,0,0,0,1,5,6,1,0,0,,,,,,
5011056000,제주특별자치도 제주시 삼도2동,2025090412,33.5083861111111,126.523911111111,9,5,0,0,0,0,1,7,7,1,0,0,0,0,1,5,6,1,0,0,,,,,,
5011057000,제주특별자치도 제주시 용담1동,2025090412,33.5063472222222,126.515686111111,9,5,0,0,0,0,1,7,7,1,0,0,0,0,1,5,6,5,0,0,,,,,,
5011058000,제주특별자치도 제주시 용담2동,2025090412,33.5082472222222,126.513733333333,9,5,0,0,0,0,1,7,7,1,0,0,0,0,1,5,6,5,0,0,,,,,,
5011059000,제주특별자치도 제주시 건입동,2025090412,33.5116805555555,126.533708333333,9,5,0,0,0,0,1,7,7,1,0,0,0,0,1,5,6,1,0,0,,,,,,
5011060000,제주특별자치도 제주시 화북동,2025090412,33.5169722222222,126.567441666666,9,5,0,0,0,0,1,8,7,1,0,0,0,0,1,5,6,1,0,0,,,,,,
5011061000,제주특별자치도 제주시 삼양동,2025090412,33.5186944444444,126.587530555555,8,5,0,0,0,0,1,6,7,1,0,0,0,0,1,5,6,1,0,0,,,,,,
5011062000,제주특별자치도 제주시 봉개동,2025090412,33.4884555555555,126.596877777777,8,5,0,0,0,0,1,6,7,1,0,0,0,0,1,5,6,1,0,0,,,,,,
5011063000,제주특별자치도 제주시 아라동,2025090412,33.4730555555555,126.547008333333,8,5,0,0,0,0,1,6,7,1,0,0,0,0,1,5,6,1,0,0,,,,,,
5011064000,제주특별자치도 제주시 오라동,2025090412,33.4918944444444,126.513619444444,9,5,0,0,0,0,1,8,7,1,0,0,0,0,1,5,6,5,0,0,,,,,,
5011065000,제주특별자치도 제주시 연동,2025090412,33.4848666666666,126.498930555555,9,5,0,0,0,0,1,8,7,1,0,0,0,0,1,5,6,5,0,0,,,,,,
5011066000,제주특별자치도 제주시 노형동,2025090412,33.4798055555555,126.479197222222,9,5,0,0,0,0,1,8,7,1,0,0,0,0,1,5,6,5,0,0,,,,,,
5011067000,제주특별자치도 제주시 외도동,2025090412,33.4896027777777,126.434244444444,9,5,0,0,0,0,1,7,9,4,0,0,0,0,1,5,7,5,0,0,,,,,,
5011068000,제주특별자치도 제주시 이호동,2025090412,33.49655,126.460152777777,9,5,0,0,0,0,1,7,9,4,0,0,0,0,1,5,8,5,0,0,,,,,,
5011069000,제주특별자치도 제주시 도두동,2025090412,33.4998888888888,126.470088888888,9,5,0,0,0,0,1,7,7,1,0,0,0,0,1,5,6,5,0,0,,,,,,
5013000000,제주특별자치도 서귀포시,2025090412,33.25406007,126.55955,8,4,0,0,0,0,1,6,8,1,0,0,0,0,1,5,6,5,0,0,,,,,,
5013025000,제주특별자치도 서귀포시 대정읍/마라도포함,2025090412,33.2235722222222,126.254175,9,6,0,0,0,0,1,6,9,5,0,0,0,0,1,5,8,5,0,0,,,,,,
5013025300,제주특별자치도 서귀포시 남원읍,2025090412,33.2763583333333,126.722088888888,9,4,0,0,0,0,1,6,8,1,0,0,0,0,1,6,8,5,0,0,,,,,,
5013025900,제주특별자치도 서귀포시 성산읍,2025090412,33.43875,126.912941666666,9,4,0,0,0,0,1,8,8,5,0,0,0,0,1,6,8,3,0,0,,,,,,
5013031000,제주특별자치도 서귀포시 안덕면,2025090412,33.2463722222222,126.339066666666,9,5,0,0,0,0,1,6,8,5,0,0,0,0,1,5,8,5,0,0,,,,,,
5013032000,제주특별자치도 서귀포시 표선면,2025090412,33.3238277777777,126.833619444444,9,3,0,0,0,0,1,6,8,5,0,0,0,0,1,6,8,5,0,0,,,,,,
5013051000,제주특별자치도 서귀포시 송산동,2025090412,33.2418055555555,126.568063888888,9,6,0,0,0,0,1,6,8,5,0,0,0,0,1,5,7,5,0,0,,,,,,
5013052000,제주특별자치도 서귀포시 정방동,2025090412,33.2425833333333,126.567277777777,9,6,0,0,0,0,1,6,8,5,0,0,0,0,1,5,7,5,0,0,,,,,,
5013053000,제주특별자치도 서귀포시 중앙동,2025090412,33.2473527777777,126.567041666666,9,6,0,0,0,0,1,6,8,5,0,0,0,0,1,5,7,5,0,0,,,,,,
5013054000,제주특별자치도 서귀포시 천지동,2025090412,33.2445916666666,126.563288888888,9,6,0,0,0,0,1,6,8,5,0,0,0,0,1,5,7,5,0,0,,,,,,
5013055000,제주특별자치도 서귀포시 효돈동,2025090412,33.2600472222222,126.617622222222,9,4,0,0,0,0,1,6,8,1,0,0,0,0,1,5,6,5,0,0,,,,,,
5013056000,제주특별자치도 서귀포시 영천동,2025090412,33.2655777777777,126.588977777777,9,4,0,0,0,0,1,6,8,1,0,0,0,0,1,5,6,5,0,0,,,,,,
5013057000,제주특별자치도 서귀포시 동홍동,2025090412,33.2630222222222,126.569099999999,7,4,0,0,0,0,1,6,8,1,0,0,0,0,1,5,6,5,0,0,,,,,,
5013058000,제주특별자치도 서귀포시 서홍동,2025090412,33.2606333333333,126.552733333333,7,4,0,0,0,0,1,6,8,1,0,0,0,0,1,5,6,5,0,0,,,,,,
5013059000,제주특별자치도 서귀포시 대륜동,2025090412,33.2447833333333,126.513411111111,9,4,0,0,0,0,1,6,8,5,0,0,0,0,1,5,8,5,0,0,,,,,,
5013060000,제주특별자치도 서귀포시 대천동,2025090412,33.247475,126.479575,9,4,0,0,0,0,1,6,8,5,0,0,0,0,1,5,8,5,0,0,,,,,,
5013061000,제주특별자치도 서귀포시 중문동,2025090412,33.2481777777777,126.436777777777,9,4,0,0,0,0,1,6,8,5,0,0,0,0,1,5,8,5,0,0,,,,,,
5013062000,제주특별자치도 서귀포시 예래동,2025090412,33.251025,126.399908333333,9,6,0,0,0,0,1,6,8,5,0,0,0,0,1,5,8,5,0,0,,,,,,
5019000000,이어도,2025090412,0.0,0.0,9,6,0,0,0,0,1,6,10,6,0,0,0,0,1,6,8,5,0,0,,,,,,
5019099000,이어도,2025090412,0.0,0.0,9,6,0,0,0,0,1,6,10,6,0,0,0,0,1,6,8,5,0,0,,,,,,
5100000000,강원특별자치도,2025090412,37.8826916666666,127.731975,5,3,0,0,0,0,1,5,6,4,0,0,0,0,1,4,2,2,0,0,,,,,,
5111000000,강원특별자치도 춘천시,2025090412,37.8785416666666,127.732311111111,5,3,0,0,0,0,1,5,6,4,0,0,0,0,1,4,2,2,0,0,,,,,,
5111025000,강원특별자치도 춘천시 신북읍,2025090412,37.9231472222222,127.748363888888,5,3,0,0,0,0,1,5,6,4,0,0,0,0,1,4,2,2,0,0,,,,,,
5111031000,강원특별자치도 춘천시 동면,2025090412,37.9075305555555,127.783444444444,5,3,0,0,0,0,1,5,6,4,0,0,0,0,1,4,2,2,0,0,,,,,,
5111032000,강원특별자치도 춘천시 동산면,2025090412,37.7495333333333,127.798422222222,5,3,0,0,0,0,1,5,6,4,0,0,0,0,1,4,5,1,0,0,,,,,,
5111033000,강원특별자치도 춘천시 신동면,2025090412,37.8149083333333,127.718166666666,5,4,0,0,0,0,1,5,6,4,0,0,0,0,1,4,4,2,0,0,,,,,,
5111034000,강원특별자치도 춘천시 남면,2025090412,37.7293944444444,127.601911111111,5,4,0,0,0,0,1,5,6,4,0,0,0,0,1,4,2,3,0,0,,,,,,
5111035000,강원특별자치도 춘천시 서면,2025090412,37.8959833333333,127.695041666666,5,3,0,0,0,0,1,5,6,4,0,0,0,0,1,4,2,2,0,0,,,,,,
5111036000,강원특별자치도 춘천시 사북면,2025090412,38.0271666666666,127.642963888888,4,3,0,0,0,0,1,5,6,4,0,0,0,0,1,4,2,1,0,0,,,,,,
5111038000,강원특별자치도 춘천시 북산면,2025090412,37.9846055555555,127.888166666666,5,3,0,0,0,0,1,5,6,4,0,0,0,0,1,4,5,2,0,0,,,,,,
5111039000,강원특별자치도 춘천시 동내면,2025090412,37.845125,127.763308333333,5,3,0,0,0,0,1,5,6,4,0,0,0,0,1,4,4,1,0,0,,,,,,
5111040000,강원특별자치도 춘천시 남산면,2025090412,37.7890833333333,127.648308333333,5,3,0,0,0,0,1,5,6,4,0,0,0,0,1,4,5,2,0,0,,,,,,
5111052000,강원특별자치도 춘천시 교동,2025090412,37.8778611111111,127.738322222222,5,3,0,0,0,0,1,5,6,4,0,0,0,0,1,4,2,2,0,0,,,,,,
5111053000,강원특별자치도 춘천시 조운동,2025090412,37.8766944444444,127.732441666666,5,3,0,0,0,0,1,5,6,4,0,0,0,0,1,4,2,2,0,0,,,,,,
5111054500,강원특별자치도 춘천시 약사명동,2025090412,37.8738138888888,127.726919444444,5,3,0,0,0,0,1,5,6,4,0,0,0,0,1,4,2,2,0,0,,,,,,
5111057000,강원특별자치도 춘천시 근화동,2025090412,37.8779972222222,127.714475,5,3,0,0,0,0,1,5,6,4,0,0,0,0,1,4,2,2,0,0,,,,,,
5111058000,강원특별자치도 춘천시 소양동,2025090412,37.880075,127.726575,5,3,0,0,0,0,1,5,6,4,0,0,0,0,1,4,2,2,0,0,,,,,,
5111060000,강원특별자치도 춘천시 후평1동,2025090412,37.8822527777777,127.750619444444,5,3,0,0,0,0,1,5,6,4,0,0,0,0,1,4,2,2,0,0,,,,,,
5111061000,강원특별자치도 춘천시 후평2동,2025090412,37.8747944444444,127.752686111111,5,3,0,0,0,0,1,5,6,4,0,0,0,0,1,4,2,2,0,0,,,,,,
5111061100,강원특별자치도 춘천시 후평3동,2025090412,37.8738722222222,127.755997222222,5,3,0,0,0,0,1,5,6,4,0,0,0,0,1,4,2,2,0,0,,,,,,
5111062000,강원특별자치도 춘천시 효자1동,2025090412,37.8694361111111,127.729819444444,5,3,0,0,0,0,1,5,6,4,0,0,0,0,1,4,4,1,0,0,,,,,,
5111063000,강원특별자치도 춘천시 효자2동,2025090412,37.8696722222222,127.738511111111,5,3,0,0,0,0,1,5,6,4,0,0,0,0,1,4,4,1,0,0,,,,,,
5111064000,강원특별자치도 춘천시 효자3동,2025090412,37.8736222222222,127.743577777777,5,3,0,0,0,0,1,5,6,4,0,0,0,0,1,4,2,2,0,0,,,,,,
5111065000,강원특별자치도 춘천시 석사동,2025090412,37.8557833333333,127.744466666666,5,3,0,0,0,0,1,5,6,4,0,0,0,0,1,4,4,1,0,0,,,,,,
5111066000,강원특별자치도 춘천시 퇴계동,2025090412,37.8617416666666,127.728308333333,5,3,0,0,0,0,1,5,6,4,0,0,0,0,1,4,4,1,0,0,,,,,,
5111067500,강원특별자치도 춘천시 강남동,2025090412,37.8624861111111,127.722419444444,5,3,0,0,0,0,1,5,6,4,0,0,0,0,1,4,2,2,0,0,,,,,,
5111070500,강원특별자치도 춘천시 신사우동,2025090412,37.9031444444444,127.730122222222,5,3,0,0,0,0,1,5,6,4,0,0,0,0,1,4,2,2,0,0,,,,,,
5113000000,강원특별자치도 원주시,2025090412,37.3390833333333,127.922055555555,5,3,0,0,0,0,1,7,7,4,0,0,0,0,1,4,4,1,0,0,,,,,,
5113025000,강원특별자치도 원주시 문막읍,2025090412,37.3098111111111,127.819433333333,5,3,0,0,0,0,1,7,8,4,0,0,0,0,1,4,5,2,0,0,,,,,,
5113031000,강원특별자치도 원주시 소초면,2025090412,37.4151416666666,128.004588888888,4,3,0,0,0,0,1,5,7,4,0,0,0,0,1,4,5,2,0,0,,,,,,
5113032000,강원특별자치도 원주시 호저면,2025090412,37.4082333333333,127.9279,4,3,0,0,0,0,1,7,8,4,0,0,0,0,1,4,5,1,0,0,,,,,,
5113033000,강원특별자치도 원주시 지정면,2025090412,37.3593166666666,127.842433333333,5,3,0,0,0,0,1,7,8,4,0,0,0,0,1,4,4,1,0,0,,,,,,
5113035000,강원특별자치도 원주시 부론면,2025090412,37.2047833333333,127.752652777777,5,3,0,0,0,0,1,7,8,4,0,0,0,0,1,4,4,2,0,0,,,,,,
5113036000,강원특별자치도 원주시 귀래면,2025090412,37.1671833333333,127.887008333333,5,3,0,0,0,0,1,7,7,4,0,0,0,0,1,4,5,1,0,0,,,,,,
5113037000,강원특별자치도 원주시 흥업면,2025090412,37.2997777777777,127.923375,5,3,0,0,0,0,1,7,7,4,0,0,0,0,1,4,4,1,0,0,,,,,,
5113038000,강원특별자치도 원주시 판부면,2025090412,37.2713305555555,128.014108333333,4,3,0,0,0,0,1,6,7,4,0,0,0,0,1,4,5,1,0,0,,,,,,
5113039000,강원특별자치도 원주시 신림면,2025090412,37.2278527777777,128.081697222222,4,3,0,0,0,0,1,6,7,4,0,0,0,0,1,4,5,1,0,0,,,,,,
5113051500,강원특별자치도 원주시 중앙동,2025090412,37.3499861111111,127.949663888888,4,3,0,0,0,0,1,7,7,4,0,0,0,0,1,4,4,1,0,0,,,,,,
5113052000,강원특별자치도 원주시 원인동,2025090412,37.3427611111111,127.949,4,3,0,0,0,0,1,7,7,4,0,0,0,0,1,4,4,1,0,0,,,,,,
5113053000,강원특별자치도 원주시 개운동,2025090412,37.3374083333333,127.957908333333,4,3,0,0,0,0,1,7,7,4,0,0,0,0,1,4,4,1,0,0,,,,,,
5113054100,강원특별자치도 원주시 명륜1동,2025090412,37.3384055555555,127.955511111111,4,3,0,0,0,0,1,7,7,4,0,0,0,0,1,4,4,1,0,0,,,,,,
5113054200,강원특별자치도 원주시 명륜2동,2025090412,37.3287805555555,127.946111111111,4,3,0,0,0,0,1,7,7,4,0,0,0,0,1,4,4,1,0,0,,,,,,
5113055000,강원특별자치도 원주시 단구동,2025090412,37.3233527777777,127.962530555555,4,3,0,0,0,0,1,7,7,4,0,0,0,0,1,4,4,1,0,0,,,,,,
5113056000,강원특별자치도 원주시 일산동,2025090412,37.346825,127.944330555555,4,3,0,0,0,0,1,7,7,4,0,0,0,0,1,4,4,1,0,0,,,,,,
5113057500,강원특별자치도 원주시 학성동,2025090412,37.3506861111111,127.946377777777,4,3,0,0,0,0,1,7,7,4,0,0,0,0,1,4,4,1,0,0,,,,,,
5113059000,강원특별자치도 원주시 단계동,2025090412,37.3497916666666,127.936697222222,5,3,0,0,0,0,1,7,7,4,0,0,0,0,1,4,4,1,0,0,,,,,,
5113060000,강원특별자치도 원주시 우산동,2025090412,37.3687416666666,127.942230555555,5,3,0,0,0,0,1,7,8,4,0,0,0,0,1,4,5,1,0,0,,,,,,
5113061000,강원특별자치도 원주시 태장1동,2025090412,37.3522611111111,127.957488888888,4,3,0,0,0,0,1,7,7,4,0,0,0,0,1,4,4,1,0,0,,,,,,
5113062000,강원특별자치도 원주시 태장2동,2025090412,37.3795194444444,127.954222222222,4,3,0,0,0,0,1,7,7,4,0,0,0,0,1,4,5,2,0,0,,,,,,
5113063500,강원특별자치도 원주시 봉산동,2025090412,37.3447166666666,127.959175,4,3,0,0,0,0,1,7,7,4,0,0,0,0,1,4,4,1,0,0,,,,,,
5113065000,강원특별자치도 원주시 행구동,2025090412,37.3396888888888,127.986044444444,4,3,0,0,0,0,1,7,7,4,0,0,0,0,1,4,4,1,0,0,,,,,,
5113066000,강원특별자치도 원주시 무실동,2025090412,37.3345611111111,127.928775,5,3,0,0,0,0,1,7,7,4,0,0,0,0,1,4,4,1,0,0,,,,,,
5113067500,강원특별자치도 원주시 반곡관설동,2025090412,37.3156777777777,127.973741666666,4,3,0,0,0,0,1,7,7,4,0,0,0,0,1,4,4,1,0,0,,,,,,
5115000000,강원특별자치도 강릉시,2025090412,37.7491361111111,128.878497222222,4,1,0,0,0,0,1,4,5,3,0,0,0,0,1,6,7,4,0,0,,,,,,
5115025000,강원특별자치도 강릉시 주문진읍,2025090412,37.8897944444444,128.829311111111,4,1,0,0,0,0,1,4,5,3,0,0,0,0,1,6,6,4,0,0,,,,,,
5115031000,강원특별자치도 강릉시 성산면,2025090412,37.7159222222222,128.834433333333,4,1,0,0,0,0,1,4,5,3,0,0,0,0,1,6,7,4,0,0,,,,,,
5115032000,강원특별자치도 강릉시 왕산면,2025090412,37.6698555555555,128.840219444444,4,1,0,0,0,0,1,4,5,3,0,0,0,0,1,6,7,4,0,0,,,,,,
5115033000,강원특별자치도 강릉시 구정면,2025090412,37.7155333333333,128.882386111111,4,1,0,0,0,0,1,4,5,3,0,0,0,0,1,6,7,4,0,0,,,,,,
5115034000,강원특별자치도 강릉시 강동면,2025090412,37.7254,128.956511111111,2,1,0,0,0,0,1,5,6,3,0,0,0,0,1,6,8,4,0,0,,,,,,
5115035000,강원특별자치도 강릉시 옥계면,2025090412,37.6098805555555,129.040252777777,2,1,0,0,0,0,1,6,6,3,0,0,0,0,1,6,8,4,0,0,,,,,,
5115036000,강원특별자치도 강릉시 사천면,2025090412,37.8207583333333,128.851086111111,4,1,0,0,0,0,1,5,5,3,0,0,0,0,1,6,8,4,0,0,,,,,,
5115037000,강원특별자치도 강릉시 연곡면,2025090412,37.8574305555555,128.839197222222,4,1,0,0,0,0,1,5,5,4,0,0,0,0,1,6,8,4,0,0,,,,,,
5115051000,강원특별자치도 강릉시 홍제동,2025090412,37.7455166666666,128.885930555555,4,1,0,0,0,0,1,4,5,3,0,0,0,0,1,6,7,4,0,0,,,,,,
5115052000,강원특별자치도 강릉시 중앙동,2025090412,37.7518944444444,128.8973,2,1,0,0,0,0,1,6,6,3,0,0,0,0,1,6,8,4,0,0,,,,,,
5115054000,강원특별자치도 강릉시 옥천동,2025090412,37.7573277777777,128.905366666666,2,1,0,0,0,0,1,6,6,3,0,0,0,0,1,6,8,4,0,0,,,,,,
5115055000,강원특별자치도 강릉시 교1동,2025090412,37.7616944444444,128.880308333333,4,1,0,0,0,0,1,4,5,3,0,0,0,0,1,6,7,4,0,0,,,,,,
5115056000,강원특별자치도 강릉시 교2동,2025090412,37.7599305555555,128.902,2,1,0,0,0,0,1,5,6,3,0,0,0,0,1,6,8,4,0,0,,,,,,
5115057100,강원특별자치도 강릉시 포남1동,2025090412,37.7651305555555,128.910577777777,2,1,0,0,0,0,1,6,6,3,0,0,0,0,1,6,8,4,0,0,,,,,,
5115057200,강원특별자치도 강릉시 포남2동,2025090412,37.7700194444444,128.915666666666,2,1,0,0,0,0,1,6,6,3,0,0,0,0,1,6,8,4,0,0,,,,,,
5115058000,강원특별자치도 강릉시 초당동,2025090412,37.7891027777777,128.918233333333,2,1,0,0,0,0,1,6,6,3,0,0,0,0,1,6,8,4,0,0,,,,,,
5115059000,강원특별자치도 강릉시 송정동,2025090412,37.7717305555555,128.929811111111,2,1,0,0,0,0,1,5,6,3,0,0,0,0,1,6,8,4,0,0,,,,,,
5115060000,강원특별자치도 강릉시 내곡동,2025090412,37.7361944444444,128.883252777777,4,1,0,0,0,0,1,4,5,3,0,0,0,0,1,6,7,4,0,0,,,,,,
5115061500,강원특별자치도 강릉시 강남동,2025090412,37.74421,128.905612,2,1,0,0,0,0,1,6,6,3,0,0,0,0,1,6,8,4,0,0,,,,,,
5115064500,강원특별자치도 강릉시 성덕동,2025090412,37.7606444444444,128.915944444444,2,1,0,0,0,0,1,6,6,3,0,0,0,0,1,6,8,4,0,0,,,,,,
5115066500,강원특별자치도 강릉시 경포동,2025090412,37.7810111111111,128.882888888888,4,1,0,0,0,0,1,4,5,3,0,0,0,0,1,6,7,4,0,0,,,,,,
5117000000,강원특별자치도 동해시,2025090412,37.5219305555555,129.116633333333,2,1,0,0,0,0,1,6,7,4,0,0,0,0,1,6,8,4,0,0,,,,,,
5117051000,강원특별자치도 동해시 천곡동,2025090412,37.520075,129.118444444444,2,1,0,0,0,0,1,6,7,4,0,0,0,0,1,6,8,4,0,0,,,,,,
5117052000,강원특별자치도 동해시 송정동,2025090412,37.4969111111111,129.130930555555,5,1,0,0,0,0,1,6,6,4,0,0,0,0,1,6,7,4,0,0,,,,,,
5117053000,강원특별자치도 동해시 북삼동,2025090412,37.4898638888888,129.111166666666,5,1,0,0,0,0,1,6,7,4,0,0,0,0,1,6,7,4,0,0,,,,,,
5117054000,강원특별자치도 동해시 부곡동,2025090412,37.5339972222222,129.107197222222,2,1,0,0,0,0,1,6,6,3,0,0,0,0,1,6,7,4,0,0,,,,,,
5117055000,강원특별자치도 동해시 동호동,2025090412,37.5430472222222,129.102530555555,2,1,0,0,0,0,1,6,6,3,0,0,0,0,1,6,7,4,0,0,,,,,,
5117057000,강원특별자치도 동해시 발한동,2025090412,37.5456388888888,129.110197222222,2,1,0,0,0,0,1,6,6,3,0,0,0,0,1,6,7,4,0,0,,,,,,
5117059000,강원특별자치도 동해시 묵호동,2025090412,37.5498555555555,129.117563888888,2,1,0,0,0,0,1,6,6,4,0,0,0,0,1,6,8,4,0,0,,,,,,
5117060000,강원특별자치도 동해시 북평동,2025090412,37.4809333333333,129.127375,5,1,0,0,0,0,1,6,6,4,0,0,0,0,1,6,7,4,0,0,,,,,,
5117063000,강원특별자치도 동해시 망상동,2025090412,37.5551444444444,129.106811111111,2,1,0,0,0,0,1,6,6,3,0,0,0,0,1,6,7,4,0,0,,,,,,
5117065000,강원특별자치도 동해시 삼화동,2025090412,37.4878166666666,129.070666666666,2,1,0,0,0,0,1,6,7,3,0,0,0,0,1,6,7,4,0,0,,,,,,
5119000000,강원특별자치도 태백시,2025090412,37.1612277777777,128.987997222222,5,2,0,0,0,0,1,6,7,3,0,0,0,0,1,4,7,4,0,0,,,,,,
5119051500,강원특별자치도 태백시 황지동,2025090412,37.1679527777777,128.993911111111,5,2,0,0,0,0,1,6,7,3,0,0,0,0,1,4,7,4,0,0,,,,,,
5119052500,강원특별자치도 태백시 황연동,2025090412,37.1759083333333,128.988952777777,5,2,0,0,0,0,1,6,7,3,0,0,0,0,1,4,7,4,0,0,,,,,,
5119053500,강원특별자치도 태백시 삼수동,2025090412,37.177625,128.980152777777,5,2,0,0,0,0,1,6,7,3,0,0,0,0,1,4,7,4,0,0,,,,,,
5119054000,강원특별자치도 태백시 상장동,2025090412,37.1505138888888,128.992941666666,5,2,0,0,0,0,1,6,7,3,0,0,0,0,1,4,7,4,0,0,,,,,,
5119058500,강원특별자치도 태백시 문곡소도동,2025090412,37.1286055555555,128.962686111111,5,3,0,0,0,0,1,6,7,3,0,0,0,0,1,4,6,3,0,0,,,,,,
5119059500,강원특별자치도 태백시 장성동,2025090412,37.0976166666666,129.010475,5,3,0,0,0,0,1,6,7,3,0,0,0,0,1,4,7,3,0,0,,,,,,
5119060500,강원특별자치도 태백시 구문소동,2025090412,37.097225,129.024466666666,5,3,0,0,0,0,1,6,7,3,0,0,0,0,1,4,7,3,0,0,,,,,,
5119061500,강원특별자치도 태백시 철암동,2025090412,37.1143944444444,129.042108333333,5,3,0,0,0,0,1,6,7,3,0,0,0,0,1,4,7,4,0,0,,,,,,
5121000000,강원특별자치도 속초시,2025090412,38.204275,128.594166666666,2,1,0,0,0,0,1,4,5,4,0,0,0,0,1,4,6,3,0,0,,,,,,
5121051000,강원특별자치도 속초시 영랑동,2025090412,38.2208944444444,128.590475,2,1,0,0,0,0,1,4,5,4,0,0,0,0,1,4,6,3,0,0,,,,,,
5121052000,강원특별자치도 속초시 동명동,2025090412,38.2099777777777,128.597930555555,2,1,0,0,0,0,1,4,5,4,0,0,0,0,1,4,6,3,0,0,,,,,,
5121054000,강원특별자치도 속초시 금호동,2025090412,38.2041861111111,128.590441666666,2,1,0,0,0,0,1,4,5,4,0,0,0,0,1,4,6,3,0,0,,,,,,
5121056000,강원특별자치도 속초시 교동,2025090412,38.1997861111111,128.584819444444,2,1,0,0,0,0,1,4,5,4,0,0,0,0,1,4,6,3,0,0,,,,,,
5121057000,강원특별자치도 속초시 노학동,2025090412,38.1943055555555,128.578463888888,2,1,0,0,0,0,1,4,5,4,0,0,0,0,1,4,6,3,0,0,,,,,,
5121058000,강원특별자치도 속초시 조양동,2025090412,38.1848805555555,128.5932,2,1,0,0,0,0,1,4,5,4,0,0,0,0,1,4,6,3,0,0,,,,,,
5121059000,강원특별자치도 속초시 청호동,2025090412,38.1953055555555,128.597941666666,2,1,0,0,0,0,1,4,5,4,0,0,0,0,1,4,6,3,0,0,,,,,,
5121060000,강원특별자치도 속초시 대포동,2025090412,38.1629916666666,128.559297222222,2,1,0,0,0,0,1,4,5,4,0,0,0,0,1,4,6,3,0,0,,,,,,
5123000000,강원특별자치도 삼척시,2025090412,37.4470861111111,129.167488888888,2,1,0,0,0,0,1,6,7,4,0,0,0,0,1,6,8,4,0,0,,,,,,
5123025000,강원특별자치도 삼척시 도계읍,2025090412,37.2335527777777,129.047475,5,1,0,0,0,0,1,6,7,3,0,0,0,0,1,4,7,4,0,0,,,,,,
5123025300,강원특별자치도 삼척시 원덕읍,2025090412,37.1735611111111,129.338011111111,6,1,0,0,0,0,1,6,8,4,0,0,0,0,1,6,8,4,0,0,,,,,,
5123031000,강원특별자치도 삼척시 근덕면,2025090412,37.3764361111111,129.228111111111,2,1,0,0,0,0,1,6,7,4,0,0,0,0,1,6,8,4,0,0,,,,,,
5123032000,강원특별자치도 삼척시 하장면,2025090412,37.3466333333333,128.945308333333,5,3,0,0,0,0,1,6,5,3,0,0,0,0,1,4,7,4,0,0,,,,,,
5123033000,강원특별자치도 삼척시 노곡면,2025090412,37.3449694444444,129.166444444444,5,1,0,0,0,0,1,6,7,4,0,0,0,0,1,6,7,4,0,0,,,,,,
5123034000,강원특별자치도 삼척시 미로면,2025090412,37.4147333333333,129.114786111111,5,1,0,0,0,0,1,6,7,4,0,0,0,0,1,6,7,4,0,0,,,,,,
5123035000,강원특별자치도 삼척시 가곡면,2025090412,37.1469138888888,129.207530555555,5,3,0,0,0,0,1,6,7,3,0,0,0,0,1,6,7,4,0,0,,,,,,
5123036000,강원특별자치도 삼척시 신기면,2025090412,37.3468666666666,129.085388888888,5,1,0,0,0,0,1,6,7,3,0,0,0,0,1,4,7,4,0,0,,,,,,
5123051000,강원특별자치도 삼척시 남양동,2025090412,37.4397333333333,129.170808333333,2,1,0,0,0,0,1,6,7,4,0,0,0,0,1,6,8,4,0,0,,,,,,
5123053000,강원특별자치도 삼척시 교동,2025090412,37.4451,129.166933333333,2,1,0,0,0,0,1,6,7,4,0,0,0,0,1,6,8,4,0,0,,,,,,
5123054000,강원특별자치도 삼척시 정라동,2025090412,37.4332305555555,129.186886111111,2,1,0,0,0,0,1,6,6,4,0,0,0,0,1,6,8,4,0,0,,,,,,
5123057000,강원특별자치도 삼척시 성내동,2025090412,37.4433333333333,129.165244444444,5,1,0,0,0,0,1,6,7,4,0,0,0,0,1,6,7,4,0,0,,,,,,
5172000000,강원특별자치도 홍천군,2025090412,37.6944222222222,127.890841666666,5,4,0,0,0,0,1,5,6,4,0,0,0,0,1,4,5,3,0,0,,,,,,
5172025000,강원특별자치도 홍천군 홍천읍,2025090412,37.691775,127.890922222222,5,4,0,0,0,0,1,5,6,4,0,0,0,0,1,4,5,3,0,0,,,,,,
5172031000,강원특별자치도 홍천군 화촌면,2025090412,37.7681444444444,127.9691,5,3,0,0,0,0,1,5,6,4,0,0,0,0,1,4,5,3,0,0,,,,,,
5172032000,강원특별자치도 홍천군 두촌면,2025090412,37.8659138888888,128.021263888888,5,3,0,0,0,0,1,5,6,4,0,0,0,0,1,4,5,1,0,0,,,,,,
5172033000,강원특별자치도 홍천군 내촌면,2025090412,37.8134138888888,128.089108333333,4,3,0,0,0,0,1,5,6,4,0,0,0,0,1,4,5,3,0,0,,,,,,
5172034000,강원특별자치도 홍천군 서석면,2025090412,37.71075,128.188397222222,4,3,0,0,0,0,1,5,7,4,0,0,0,0,1,2,5,3,0,0,,,,,,
5172035200,강원특별자치도 홍천군 영귀미면,2025090412,37.6752805555555,127.937319444444,5,4,0,0,0,0,1,5,6,4,0,0,0,0,1,4,5,3,0,0,,,,,,
5172036000,강원특별자치도 홍천군 남면,2025090412,37.6152833333333,127.769811111111,4,4,0,0,0,0,1,7,6,4,0,0,0,0,1,4,5,3,0,0,,,,,,
5172037000,강원특별자치도 홍천군 서면,2025090412,37.6858388888888,127.666233333333,5,4,0,0,0,0,1,5,6,4,0,0,0,0,1,4,5,3,0,0,,,,,,
5172038000,강원특별자치도 홍천군 북방면,2025090412,37.7027916666666,127.855319444444,5,4,0,0,0,0,1,5,6,4,0,0,0,0,1,4,5,3,0,0,,,,,,
5172039000,강원특별자치도 홍천군 내면,2025090412,37.7710111111111,128.391975,4,3,0,0,0,0,1,6,5,3,0,0,0,0,1,2,5,3,0,0,,,,,,
5173000000,강원특별자치도 횡성군,2025090412,37.4889583333333,127.987222222222,4,3,0,0,0,0,1,7,6,4,0,0,0,0,1,4,5,1,0,0,,,,,,
5173025000,강원특별자치도 횡성군 횡성읍,2025090412,37.4895944444444,127.994811111111,4,3,0,0,0,0,1,7,6,4,0,0,0,0,1,4,5,1,0,0,,,,,,
5173031000,강원특별자치도 횡성군 우천면,2025090412,37.4565805555555,128.064655555555,4,3,0,0,0,0,1,5,7,4,0,0,0,0,1,4,5,1,0,0,,,,,,
5173032000,강원특별자치도 횡성군 안흥면,2025090412,37.4096972222222,128.158308333333,4,3,0,0,0,0,1,6,7,4,0,0,0,0,1,4,5,1,0,0,,,,,,
5173033000,강원특별자치도 횡성군 둔내면,2025090412,37.5094361111111,128.221011111111,4,3,0,0,0,0,1,6,7,4,0,0,0,0,1,4,5,3,0,0,,,,,,
5173034000,강원특별자치도 횡성군 갑천면,2025090412,37.5581722222222,128.1124,4,3,0,0,0,0,1,5,7,4,0,0,0,0,1,4,5,3,0,0,,,,,,
5173035000,강원특별자치도 횡성군 청일면,2025090412,37.580925,128.152597222222,4,3,0,0,0,0,1,5,7,4,0,0,0,0,1,4,5,3,0,0,,,,,,
5173036000,강원특별자치도 횡성군 공근면,2025090412,37.5336666666666,127.963930555555,4,3,0,0,0,0,1,7,6,4,0,0,0,0,1,4,5,1,0,0,,,,,,
5173037000,강원특별자치도 횡성군 서원면,2025090412,37.484275,127.852711111111,4,3,0,0,0,0,1,7,8,4,0,0,0,0,1,4,5,1,0,0,,,,,,
5173038000,강원특별자치도 횡성군 강림면,2025090412,37.3574222222222,128.127630555555,4,3,0,0,0,0,1,6,7,4,0,0,0,0,1,4,5,1,0,0,,,,,,
5175000000,강원특별자치도 영월군,2025090412,37.1808611111111,128.464019444444,4,3,0,0,0,0,1,7,7,4,0,0,0,0,1,4,5,3,0,0,,,,,,
5175025000,강원특별자치도 영월군 영월읍,2025090412,37.1845861111111,128.468363888888,4,3,0,0,0,0,1,7,7,4,0,0,0,0,1,4,5,3,0,0,,,,,,
5175025300,강원특별자치도 영월군 상동읍,2025090412,37.1242555555555,128.829197222222,5,3,0,0,0,0,1,6,7,3,0,0,0,0,1,4,5,3,0,0,,,,,,
5175031200,강원특별자치도 영월군 산솔면,2025090412,37.1452860416836,128.680485849447,4,3,0,0,0,0,1,6,7,4,0,0,0,0,1,4,5,3,0,0,,,,,,
5175032500,강원특별자치도 영월군 김삿갓면,2025090412,37.125632,128.570112,4,3,0,0,0,0,1,7,7,4,0,0,0,0,1,4,5,1,0,0,,,,,,
5175033000,강원특별자치도 영월군 북면,2025090412,37.2516444444444,128.457433333333,4,3,0,0,0,0,1,7,7,4,0,0,0,0,1,4,5,3,0,0,,,,,,
5175034000,강원특별자치도 영월군 남면,2025090412,37.1837444444444,128.406697222222,4,3,0,0,0,0,1,7,7,4,0,0,0,0,1,4,5,3,0,0,,,,,,
5175035500,강원특별자치도 영월군 한반도면,2025090412,37.236793,128.328387,4,3,0,0,0,0,1,7,7,4,0,0,0,0,1,4,2,3,0,0,,,,,,
5175036000,강원특별자치도 영월군 주천면,2025090412,37.2694222222222,128.271133333333,4,3,0,0,0,0,1,6,7,4,0,0,0,0,1,4,5,3,0,0,,,,,,
5175038000,강원특별자치도 영월군 무릉도원면,2025090412,37.2855055555555,128.270841666666,4,3,0,0,0,0,1,6,7,4,0,0,0,0,1,4,5,3,0,0,,,,,,
5176000000,강원특별자치도 평창군,2025090412,37.3679166666666,128.392352777777,4,3,0,0,0,0,1,6,7,4,0,0,0,0,1,3,5,3,0,0,,,,,,
5176025000,강원특별자치도 평창군 평창읍,2025090412,37.3660444444444,128.399508333333,4,3,0,0,0,0,1,6,7,4,0,0,0,0,1,3,5,3,0,0,,,,,,
5176031000,강원특별자치도 평창군 미탄면,2025090412,37.3391861111111,128.498044444444,4,3,0,0,0,0,1,6,7,4,0,0,0,0,1,4,5,3,0,0,,,,,,
5176032000,강원특별자치도 평창군 방림면,2025090412,37.4236305555555,128.396486111111,4,3,0,0,0,0,1,6,7,4,0,0,0,0,1,2,5,3,0,0,,,,,,
5176033000,강원특별자치도 평창군 대화면,2025090412,37.498075,128.460319444444,4,3,0,0,0,0,1,6,7,3,0,0,0,0,1,2,5,3,0,0,,,,,,
5176034000,강원특별자치도 평창군 봉평면,2025090412,37.6133888888888,128.381777777777,4,3,0,0,0,0,1,6,7,3,0,0,0,0,1,2,5,3,0,0,,,,,,
5176035000,강원특별자치도 평창군 용평면,2025090412,37.6038916666666,128.442419444444,4,3,0,0,0,0,1,6,7,3,0,0,0,0,1,2,5,3,0,0,,,,,,
5176036000,강원특별자치도 평창군 진부면,2025090412,37.634575,128.5554,4,3,0,0,0,0,1,4,5,3,0,0,0,0,1,2,5,3,0,0,,,,,,
5176038000,강원특별자치도 평창군 대관령면,2025090412,37.6709222222222,128.708430555555,4,3,0,0,0,0,1,4,5,3,0,0,0,0,1,4,7,3,0,0,,,,,,
5177000000,강원특별자치도 정선군,2025090412,37.3778083333333,128.663086111111,4,3,0,0,0,0,1,6,7,3,0,0,0,0,1,4,5,1,0,0,,,,,,
5177025000,강원특별자치도 정선군 정선읍,2025090412,37.3769555555555,128.663930555555,4,3,0,0,0,0,1,6,7,3,0,0,0,0,1,4,5,1,0,0,,,,,,
5177025300,강원특별자치도 정선군 고한읍,2025090412,37.2056888888888,128.845511111111,5,3,0,0,0,0,1,6,7,3,0,0,0,0,1,4,5,3,0,0,,,,,,
5177025600,강원특별자치도 정선군 사북읍,2025090412,37.2249,128.824075,5,3,0,0,0,0,1,6,7,3,0,0,0,0,1,4,5,3,0,0,,,,,,
5177025900,강원특별자치도 정선군 신동읍,2025090412,37.2093361111111,128.644363888888,4,3,0,0,0,0,1,6,7,4,0,0,0,0,1,4,5,3,0,0,,,,,,
5177032000,강원특별자치도 정선군 남면,2025090412,37.2659666666666,128.742875,4,3,0,0,0,0,1,6,7,3,0,0,0,0,1,4,5,2,0,0,,,,,,
5177034000,강원특별자치도 정선군 북평면,2025090412,37.4460361111111,128.672697222222,4,3,0,0,0,0,1,6,5,3,0,0,0,0,1,4,5,3,0,0,,,,,,
5177035000,강원특별자치도 정선군 임계면,2025090412,37.4919833333333,128.8544,4,3,0,0,0,0,1,4,5,3,0,0,0,0,1,4,7,3,0,0,,,,,,
5177036000,강원특별자치도 정선군 화암면,2025090412,37.3401817,128.7879137,4,3,0,0,0,0,1,6,5,3,0,0,0,0,1,4,5,3,0,0,,,,,,
5177037000,강원특별자치도 정선군 여량면,2025090412,37.4706856,128.7205522,4,3,0,0,0,0,1,4,5,3,0,0,0,0,1,4,5,3,0,0,,,,,,
5178000000,강원특별자치도 철원군,2025090412,38.1440555555555,127.315733333333,2,3,0,0,0,0,1,5,6,4,0,0,0,0,1,1,2,3,0,0,,,,,,
5178025000,강원특별자치도 철원군 철원읍,2025090412,38.2094444444444,127.214886111111,2,4,0,0,0,0,1,5,6,4,0,0,0,0,1,1,2,3,0,0,,,,,,
5178025300,강원특별자치도 철원군 김화읍,2025090412,38.2470138888888,127.423611111111,5,4,0,0,0,0,1,5,6,4,0,0,0,0,1,2,2,3,0,0,,,,,,
5178025600,강원특별자치도 철원군 갈말읍,2025090412,38.14495,127.310430555555,2,3,0,0,0,0,1,5,6,4,0,0,0,0,1,1,2,3,0,0,,,,,,
5178025900,강원특별자치도 철원군 동송읍,2025090412,38.2044722222222,127.210333333333,2,4,0,0,0,0,1,5,6,4,0,0,0,0,1,1,2,3,0,0,,,,,,
5178031000,강원특별자치도 철원군 서면,2025090412,38.1618805555555,127.417941666666,2,4,0,0,0,0,1,5,6,4,0,0,0,0,1,3,2,3,0,0,,,,,,
5178032000,강원특별자치도 철원군 근남면,2025090412,38.2342027777777,127.4733,5,4,0,0,0,0,1,5,6,4,0,0,0,0,1,2,2,3,0,0,,,,,,
5178033000,강원특별자치도 철원군 근북면,2025090412,38.3096916666666,127.408722222222,5,4,0,0,0,0,1,5,6,4,0,0,0,0,1,1,2,3,0,0,,,,,,
5178034000,강원특별자치도 철원군 근동면,2025090412,38.3041666666666,127.540111111111,2,4,0,0,0,0,1,5,6,3,0,0,0,0,1,3,2,2,0,0,,,,,,
5178035000,강원특별자치도 철원군 원동면,2025090412,38.3045833333333,127.754019444444,5,4,0,0,0,0,1,5,6,3,0,0,0,0,1,4,2,1,0,0,,,,,,
5178036000,강원특별자치도 철원군 원남면,2025090412,38.2993611111111,127.635611111111,5,4,0,0,0,0,1,5,7,3,0,0,0,0,1,4,2,3,0,0,,,,,,
5178037000,강원특별자치도 철원군 임남면,2025090412,38.2919138888888,127.856241666666,5,3,0,0,0,0,1,6,7,3,0,0,0,0,1,4,5,1,0,0,,,,,,
5179000000,강원특별자치도 화천군,2025090412,38.1034083333333,127.710355555555,4,3,0,0,0,0,1,5,6,4,0,0,0,0,1,4,2,2,0,0,,,,,,
5179025000,강원특별자치도 화천군 화천읍,2025090412,38.1015638888888,127.709277777777,4,3,0,0,0,0,1,5,6,4,0,0,0,0,1,4,2,2,0,0,,,,,,
5179031000,강원특별자치도 화천군 간동면,2025090412,38.0524944444444,127.792177777777,4,3,0,0,0,0,1,5,6,4,0,0,0,0,1,4,2,2,0,0,,,,,,
5179032000,강원특별자치도 화천군 하남면,2025090412,38.0560694444444,127.670022222222,4,3,0,0,0,0,1,5,6,4,0,0,0,0,1,4,2,2,0,0,,,,,,
5179033000,강원특별자치도 화천군 상서면,2025090412,38.1550805555555,127.656633333333,4,3,0,0,0,0,1,5,6,4,0,0,0,0,1,4,2,1,0,0,,,,,,
5179034000,강원특별자치도 화천군 사내면,2025090412,38.0674138888888,127.525544444444,4,4,0,0,0,0,1,5,6,4,0,0,0,0,1,4,2,2,0,0,,,,,,
5180000000,강원특별자치도 양구군,2025090412,38.1072916666666,127.992244444444,4,4,0,0,0,0,1,5,6,4,0,0,0,0,1,4,2,3,0,0,,,,,,
5180025000,강원특별자치도 양구군 양구읍,2025090412,38.1052,127.992819444444,4,4,0,0,0,0,1,5,6,4,0,0,0,0,1,4,2,3,0,0,,,,,,
5180031500,강원특별자치도 양구군 국토정중앙면,2025090412,38.1084879,128.032384,4,3,0,0,0,0,1,5,6,4,0,0,0,0,1,4,5,3,0,0,,,,,,
5180032000,강원특별자치도 양구군 동면,2025090412,38.199675,128.045799999999,4,4,0,0,0,0,1,5,5,3,0,0,0,0,1,2,5,3,0,0,,,,,,
5180033000,강원특별자치도 양구군 방산면,2025090412,38.2063055555555,127.951722222222,5,3,0,0,0,0,1,5,6,3,0,0,0,0,1,4,5,1,0,0,,,,,,
5180034000,강원특별자치도 양구군 해안면,2025090412,38.2825111111111,128.139377777777,2,4,0,0,0,0,1,5,5,3,0,0,0,0,1,4,5,3,0,0,,,,,,
5181000000,강원특별자치도 인제군,2025090412,38.0669722222222,128.172697222222,4,3,0,0,0,0,1,5,6,4,0,0,0,0,1,4,5,3,0,0,,,,,,
5181025000,강원특별자치도 인제군 인제읍,2025090412,38.0675888888888,128.1744,4,3,0,0,0,0,1,5,6,4,0,0,0,0,1,4,5,3,0,0,,,,,,
5181031000,강원특별자치도 인제군 남면,2025090412,37.9631555555555,128.085611111111,4,3,0,0,0,0,1,5,6,4,0,0,0,0,1,4,5,3,0,0,,,,,,
5181032000,강원특별자치도 인제군 북면,2025090412,38.1218777777777,128.206411111111,4,3,0,0,0,0,1,5,5,4,0,0,0,0,1,4,5,3,0,0,,,,,,
5181033000,강원특별자치도 인제군 기린면,2025090412,37.9528416666666,128.3215,4,3,0,0,0,0,1,5,5,4,0,0,0,0,1,4,5,3,0,0,,,,,,
5181034000,강원특별자치도 인제군 서화면,2025090412,38.2156611111111,128.210766666666,2,3,0,0,0,0,1,5,5,3,0,0,0,0,1,4,5,3,0,0,,,,,,
5181035000,강원특별자치도 인제군 상남면,2025090412,37.8713555555555,128.262222222222,4,3,0,0,0,0,1,5,7,4,0,0,0,0,1,2,5,3,0,0,,,,,,
5182000000,강원특별자치도 고성군,2025090412,38.3779611111111,128.470163888888,2,1,0,0,0,0,1,4,5,4,0,0,0,0,1,4,6,3,0,0,,,,,,
5182025000,강원특별자치도 고성군 간성읍,2025090412,38.3755944444444,128.469197222222,2,1,0,0,0,0,1,4,5,4,0,0,0,0,1,4,6,3,0,0,,,,,,
5182025300,강원특별자치도 고성군 거진읍,2025090412,38.4335083333333,128.454752777777,2,1,0,0,0,0,1,4,5,4,0,0,0,0,1,4,6,3,0,0,,,,,,
5182031000,강원특별자치도 고성군 현내면,2025090412,38.4916444444444,128.429844444444,2,1,0,0,0,0,1,4,5,4,0,0,0,0,1,4,6,3,0,0,,,,,,
5182032000,강원특별자치도 고성군 죽왕면,2025090412,38.3260944444444,128.527866666666,2,1,0,0,0,0,1,4,5,4,0,0,0,0,1,4,6,3,0,0,,,,,,
5182033000,강원특별자치도 고성군 토성면,2025090412,38.254475,128.560977777777,2,1,0,0,0,0,1,4,5,4,0,0,0,0,1,4,6,3,0,0,,,,,,
5182034000,강원특별자치도 고성군 수동면,2025090412,38.4228861111111,128.284908333333,2,3,0,0,0,0,1,4,5,4,0,0,0,0,1,4,7,3,0,0,,,,,,
5183000000,강원특별자치도 양양군,2025090412,38.0728333333333,128.621355555555,4,1,0,0,0,0,1,4,5,4,0,0,0,0,1,4,6,3,0,0,,,,,,
5183025000,강원특별자치도 양양군 양양읍,2025090412,38.0778222222222,128.626297222222,4,1,0,0,0,0,1,4,5,4,0,0,0,0,1,4,6,3,0,0,,,,,,
5183031000,강원특별자치도 양양군 서면,2025090412,38.0686833333333,128.587652777777,4,1,0,0,0,0,1,4,5,3,0,0,0,0,1,4,6,3,0,0,,,,,,
5183032000,강원특별자치도 양양군 손양면,2025090412,38.0577972222222,128.643266666666,4,1,0,0,0,0,1,4,5,4,0,0,0,0,1,4,6,3,0,0,,,,,,
5183033000,강원특별자치도 양양군 현북면,2025090412,38.0162694444444,128.725319444444,4,1,0,0,0,0,1,4,5,4,0,0,0,0,1,4,6,4,0,0,,,,,,
5183034000,강원특별자치도 양양군 현남면,2025090412,37.9664083333333,128.761608333333,4,1,0,0,0,0,1,4,5,4,0,0,0,0,1,4,6,4,0,0,,,,,,
5183035000,강원특별자치도 양양군 강현면,2025090412,38.1472416666666,128.6098,2,1,0,0,0,0,1,4,5,4,0,0,0,0,1,4,6,3,0,0,,,,,,
5200000000,전북특별자치도,2025090412,35.817275,127.111052777777,6,3,0,0,0,0,1,6,7,1,0,0,0,0,1,6,2,1,0,0,,,,,,
5211100000,전북특별자치도 전주시완산구,2025090412,35.8091888888888,127.121919444444,6,3,0,0,0,0,1,6,7,1,0,0,0,0,1,6,2,1,0,0,,,,,,
5211151000,전북특별자치도 전주시완산구 중앙동,2025090412,35.8205388888888,127.142711111111,6,3,0,0,0,0,1,6,7,1,0,0,0,0,1,6,2,1,0,0,,,,,,
5211153000,전북특별자치도 전주시완산구 풍남동,2025090412,35.8140277777777,127.150186111111,6,3,0,0,0,0,1,6,7,1,0,0,0,0,1,6,2,1,0,0,,,,,,
5211160500,전북특별자치도 전주시완산구 노송동,2025090412,35.8214277777777,127.160441666666,6,3,0,0,0,0,1,6,7,1,0,0,0,0,1,6,2,1,0,0,,,,,,
5211163500,전북특별자치도 전주시완산구 완산동,2025090412,35.8061888888888,127.136944444444,4,3,0,0,0,0,1,6,7,1,0,0,0,0,1,6,2,1,0,0,,,,,,
5211165000,전북특별자치도 전주시완산구 동서학동,2025090412,35.8065194444444,127.154330555555,6,3,0,0,0,0,1,6,7,1,0,0,0,0,1,6,2,1,0,0,,,,,,
5211166000,전북특별자치도 전주시완산구 서서학동,2025090412,35.8027777777777,127.150708333333,4,3,0,0,0,0,1,6,7,1,0,0,0,0,1,6,2,1,0,0,,,,,,
5211167100,전북특별자치도 전주시완산구 중화산1동,2025090412,35.8116111111111,127.126911111111,6,3,0,0,0,0,1,6,7,1,0,0,0,0,1,6,2,1,0,0,,,,,,
5211167200,전북특별자치도 전주시완산구 중화산2동,2025090412,35.8186472222222,127.118422222222,6,3,0,0,0,0,1,6,7,1,0,0,0,0,1,6,2,1,0,0,,,,,,
5211168000,전북특별자치도 전주시완산구 서신동,2025090412,35.8278472222222,127.117577777777,6,3,0,0,0,0,1,6,7,1,0,0,0,0,1,6,2,1,0,0,,,,,,
5211169100,전북특별자치도 전주시완산구 평화1동,2025090412,35.7950916666666,127.142555555555,4,3,0,0,0,0,1,6,7,1,0,0,0,0,1,6,2,1,0,0,,,,,,
5211169200,전북특별자치도 전주시완산구 평화2동,2025090412,35.7838888888888,127.136666666666,4,3,0,0,0,0,1,6,7,1,0,0,0,0,1,6,2,1,0,0,,,,,,
5211170100,전북특별자치도 전주시완산구 삼천1동,2025090412,35.7977166666666,127.124,4,3,0,0,0,0,1,6,7,1,0,0,0,0,1,6,2,1,0,0,,,,,,
5211170200,전북특별자치도 전주시완산구 삼천2동,2025090412,35.7933722222222,127.124444444444,4,3,0,0,0,0,1,6,7,1,0,0,0,0,1,6,2,1,0,0,,,,,,
5211170300,전북특별자치도 전주시완산구 삼천3동,2025090412,35.7939194444444,127.116419444444,4,3,0,0,0,0,1,6,7,1,0,0,0,0,1,6,2,1,0,0,,,,,,
5211171100,전북특별자치도 전주시완산구 효자1동,2025090412,35.8028694444444,127.132122222222,4,3,0,0,0,0,1,6,7,1,0,0,0,0,1,6,2,1,0,0,,,,,,
5211171200,전북특별자치도 전주시완산구 효자2동,2025090412,35.8039333333333,127.121697222222,4,3,0,0,0,0,1,6,7,1,0,0,0,0,1,6,2,1,0,0,,,,,,
5211171300,전북특별자치도 전주시완산구 효자3동,2025090412,35.8035805555555,127.112386111111,4,3,0,0,0,0,1,6,7,1,0,0,0,0,1,6,2,1,0,0,,,,,,
5211171400,전북특별자치도 전주시완산구 효자4동,2025090412,35.803936,127.097882,4,3,0,0,0,0,1,6,7,1,0,0,0,0,1,4,2,1,0,0,,,,,,
5211173000,전북특별자치도 전주시완산구 효자5동,2025090412,35.8096888888888,127.112386111111,6,3,0,0,0,0,1,6,7,1,0,0,0,0,1,6,2,1,0,0,,,,,,
5211300000,전북특별자치도 전주시덕진구,2025090412,35.8263861111111,127.136419444444,6,3,0,0,0,0,1,6,7,1,0,0,0,0,1,6,2,1,0,0,,,,,,
5211352500,전북특별자치도 전주시덕진구 진북동,2025090412,35.8249666666666,127.133530555555,6,3,0,0,0,0,1,6,7,1,0,0,0,0,1,6,2,1,0,0,,,,,,
5211354000,전북특별자치도 전주시덕진구 인후1동,2025090412,35.8344638888888,127.158775,6,3,0,0,0,0,1,6,7,1,0,0,0,0,1,6,2,1,0,0,,,,,,
5211355000,전북특별자치도 전주시덕진구 인후2동,2025090412,35.8369194444444,127.148333333333,6,3,0,0,0,0,1,6,7,1,0,0,0,0,1,6,2,1,0,0,,,,,,
5211356000,전북특별자치도 전주시덕진구 인후3동,2025090412,35.8250583333333,127.163397222222,6,3,0,0,0,0,1,6,7,1,0,0,0,0,1,6,2,1,0,0,,,,,,
5211357000,전북특별자치도 전주시덕진구 덕진동,2025090412,35.8423666666666,127.122777777777,6,3,0,0,0,0,1,6,7,1,0,0,0,0,1,6,2,1,0,0,,,,,,
5211357500,전북특별자치도 전주시덕진구 금암동,2025090412,35.834742,127.13311,6,3,0,0,0,0,1,6,7,1,0,0,0,0,1,6,2,1,0,0,,,,,,
5211360000,전북특별자치도 전주시덕진구 팔복동,2025090412,35.8506444444444,127.108355555555,6,3,0,0,0,0,1,6,7,1,0,0,0,0,1,6,2,1,0,0,,,,,,
5211361100,전북특별자치도 전주시덕진구 우아1동,2025090412,35.8468722222222,127.161655555555,6,3,0,0,0,0,1,6,7,1,0,0,0,0,1,6,2,1,0,0,,,,,,
5211361200,전북특별자치도 전주시덕진구 우아2동,2025090412,35.8347611111111,127.169133333333,6,3,0,0,0,0,1,6,7,1,0,0,0,0,1,6,2,1,0,0,,,,,,
5211362000,전북특별자치도 전주시덕진구 호성동,2025090412,35.8606472222222,127.151755555555,6,3,0,0,0,0,1,6,7,1,0,0,0,0,1,6,2,1,0,0,,,,,,
5211364100,전북특별자치도 전주시덕진구 송천1동,2025090412,35.8541666666666,127.122941666666,6,3,0,0,0,0,1,6,7,1,0,0,0,0,1,6,2,1,0,0,,,,,,
5211364200,전북특별자치도 전주시덕진구 송천2동,2025090412,35.8580527777777,127.122041666666,6,3,0,0,0,0,1,6,7,1,0,0,0,0,1,6,2,1,0,0,,,,,,
5211365000,전북특별자치도 전주시덕진구 조촌동,2025090412,35.8721666666666,127.078252777777,4,3,0,0,0,0,1,6,7,1,0,0,0,0,1,4,2,1,0,0,,,,,,
5211366500,전북특별자치도 전주시덕진구 여의동,2025090412,35.8710518,127.072262,4,3,0,0,0,0,1,6,7,1,0,0,0,0,1,4,2,1,0,0,,,,,,
5211367000,전북특별자치도 전주시덕진구 혁신동,2025090412,35.837433,127.061448,4,3,0,0,0,0,1,6,7,1,0,0,0,0,1,4,2,1,0,0,,,,,,
5213000000,전북특별자치도 군산시,2025090412,35.9646416666666,126.738844444444,4,3,0,0,0,0,1,7,8,1,0,0,0,0,1,3,2,2,0,0,,,,,,
5213025000,전북특별자치도 군산시 옥구읍,2025090412,35.919975,126.687263888888,4,3,0,0,0,0,1,7,8,4,0,0,0,0,1,3,2,3,0,0,,,,,,
5213031000,전북특별자치도 군산시 옥산면,2025090412,35.9365166666666,126.750422222222,4,3,0,0,0,0,1,7,8,1,0,0,0,0,1,3,2,2,0,0,,,,,,
5213032000,전북특별자치도 군산시 회현면,2025090412,35.9101166666666,126.759,4,3,0,0,0,0,1,7,8,1,0,0,0,0,1,3,2,2,0,0,,,,,,
5213033000,전북특별자치도 군산시 임피면,2025090412,35.9795055555555,126.852597222222,4,3,0,0,0,0,1,7,8,1,0,0,0,0,1,3,2,2,0,0,,,,,,
5213034000,전북특별자치도 군산시 서수면,2025090412,35.9802972222222,126.877841666666,4,3,0,0,0,0,1,7,8,1,0,0,0,0,1,3,2,2,0,0,,,,,,
5213035000,전북특별자치도 군산시 대야면,2025090412,35.9436166666666,126.813741666666,4,3,0,0,0,0,1,7,8,1,0,0,0,0,1,4,2,2,0,0,,,,,,
5213036000,전북특별자치도 군산시 개정면,2025090412,35.955425,126.798530555555,4,3,0,0,0,0,1,7,8,1,0,0,0,0,1,3,2,2,0,0,,,,,,
5213037000,전북특별자치도 군산시 성산면,2025090412,35.9866861111111,126.788133333333,4,3,0,0,0,0,1,7,8,1,0,0,0,0,1,3,2,2,0,0,,,,,,
5213038000,전북특별자치도 군산시 나포면,2025090412,36.0245666666666,126.835266666666,4,3,0,0,0,0,1,7,8,1,0,0,0,0,1,3,2,2,0,0,,,,,,
5213039000,전북특별자치도 군산시 옥도면,2025090412,36.1165805555555,125.979052777777,5,3,0,0,0,0,1,7,8,5,0,0,0,0,1,4,5,3,0,0,,,,,,
5213040000,전북특별자치도 군산시 옥서면,2025090412,35.9214416666666,126.647055555555,5,3,0,0,0,0,1,7,8,5,0,0,0,0,1,3,4,3,0,0,,,,,,
5213051500,전북특별자치도 군산시 해신동,2025090412,35.9867638888888,126.709075,5,3,0,0,0,0,1,7,8,4,0,0,0,0,1,3,2,3,0,0,,,,,,
5213053000,전북특별자치도 군산시 월명동,2025090412,35.9873972222222,126.711763888888,4,3,0,0,0,0,1,7,8,1,0,0,0,0,1,3,2,2,0,0,,,,,,
5213055000,전북특별자치도 군산시 신풍동,2025090412,35.9699222222222,126.702833333333,5,3,0,0,0,0,1,7,8,4,0,0,0,0,1,3,2,3,0,0,,,,,,
5213056000,전북특별자치도 군산시 삼학동,2025090412,35.9722361111111,126.713430555555,4,3,0,0,0,0,1,7,8,1,0,0,0,0,1,3,2,2,0,0,,,,,,
5213060500,전북특별자치도 군산시 중앙동,2025090412,35.9825916666666,126.720577777777,4,3,0,0,0,0,1,7,8,1,0,0,0,0,1,3,2,2,0,0,,,,,,
5213064000,전북특별자치도 군산시 흥남동,2025090412,35.9725361111111,126.718741666666,4,3,0,0,0,0,1,7,8,1,0,0,0,0,1,3,2,2,0,0,,,,,,
5213065000,전북특별자치도 군산시 조촌동,2025090412,35.9700916666666,126.740130555555,4,3,0,0,0,0,1,7,8,1,0,0,0,0,1,3,2,2,0,0,,,,,,
5213066000,전북특별자치도 군산시 경암동,2025090412,35.9766361111111,126.731933333333,4,3,0,0,0,0,1,7,8,1,0,0,0,0,1,3,2,2,0,0,,,,,,
5213067000,전북특별자치도 군산시 구암동,2025090412,35.9827444444444,126.746119444444,4,3,0,0,0,0,1,7,8,1,0,0,0,0,1,3,2,2,0,0,,,,,,
5213068000,전북특별자치도 군산시 개정동,2025090412,35.9614472222222,126.756519444444,4,3,0,0,0,0,1,7,8,1,0,0,0,0,1,3,2,2,0,0,,,,,,
5213069000,전북특별자치도 군산시 수송동,2025090412,35.9624916666666,126.715822222222,4,3,0,0,0,0,1,7,8,1,0,0,0,0,1,3,2,2,0,0,,,,,,
5213070100,전북특별자치도 군산시 나운1동,2025090412,35.9638027777777,126.696863888888,5,3,0,0,0,0,1,7,8,4,0,0,0,0,1,3,2,3,0,0,,,,,,
5213070200,전북특별자치도 군산시 나운2동,2025090412,35.9619194444444,126.701755555555,5,3,0,0,0,0,1,7,8,4,0,0,0,0,1,3,2,3,0,0,,,,,,
5213070300,전북특별자치도 군산시 나운3동,2025090412,35.955825,126.691355555555,5,3,0,0,0,0,1,7,8,4,0,0,0,0,1,3,2,3,0,0,,,,,,
5213071000,전북특별자치도 군산시 소룡동,2025090412,35.97135,126.681308333333,5,3,0,0,0,0,1,7,8,4,0,0,0,0,1,3,2,3,0,0,,,,,,
5213072000,전북특별자치도 군산시 미성동,2025090412,35.9563638888888,126.658775,5,3,0,0,0,0,1,7,8,4,0,0,0,0,1,3,2,3,0,0,,,,,,
5214000000,전북특별자치도 익산시,2025090412,35.9452749999999,126.959852777777,4,3,0,0,0,0,1,7,8,1,0,0,0,0,1,3,2,2,0,0,,,,,,
5214025000,전북특별자치도 익산시 함열읍,2025090412,36.0716583333333,126.966688888888,4,3,0,0,0,0,1,7,8,1,0,0,0,0,1,3,2,2,0,0,,,,,,
5214031000,전북특별자치도 익산시 오산면,2025090412,35.9357333333333,126.918275,4,3,0,0,0,0,1,7,8,1,0,0,0,0,1,3,2,2,0,0,,,,,,
5214032000,전북특별자치도 익산시 황등면,2025090412,36.0014638888888,126.947055555555,4,3,0,0,0,0,1,7,8,1,0,0,0,0,1,3,2,2,0,0,,,,,,
5214033000,전북특별자치도 익산시 함라면,2025090412,36.0570333333333,126.912488888888,4,3,0,0,0,0,1,7,8,1,0,0,0,0,1,3,2,3,0,0,,,,,,
5214034000,전북특별자치도 익산시 웅포면,2025090412,36.0614805555555,126.879019444444,4,3,0,0,0,0,1,7,8,1,0,0,0,0,1,3,4,3,0,0,,,,,,
5214035000,전북특별자치도 익산시 성당면,2025090412,36.085325,126.937122222222,4,3,0,0,0,0,1,7,8,1,0,0,0,0,1,3,2,3,0,0,,,,,,
5214036000,전북특별자치도 익산시 용안면,2025090412,36.1170666666666,126.9544,4,3,0,0,0,0,1,7,8,1,0,0,0,0,1,3,2,2,0,0,,,,,,
5214037000,전북특별자치도 익산시 낭산면,2025090412,36.0751,127.012,4,3,0,0,0,0,1,7,8,1,0,0,0,0,1,3,2,2,0,0,,,,,,
5214038000,전북특별자치도 익산시 망성면,2025090412,36.1296527777777,127.022652777777,5,3,0,0,0,0,1,7,8,1,0,0,0,0,1,3,2,2,0,0,,,,,,
5214039000,전북특별자치도 익산시 여산면,2025090412,36.0557305555555,127.088111111111,4,3,0,0,0,0,1,7,8,1,0,0,0,0,1,4,2,2,0,0,,,,,,
5214040000,전북특별자치도 익산시 금마면,2025090412,35.9900694444444,127.055088888888,4,3,0,0,0,0,1,6,8,1,0,0,0,0,1,4,2,1,0,0,,,,,,
5214041000,전북특별자치도 익산시 왕궁면,2025090412,35.9633916666666,127.089955555555,4,3,0,0,0,0,1,6,8,1,0,0,0,0,1,4,2,1,0,0,,,,,,
5214042000,전북특별자치도 익산시 춘포면,2025090412,35.8977138888888,127.007344444444,4,3,0,0,0,0,1,6,8,1,0,0,0,0,1,4,2,1,0,0,,,,,,
5214043000,전북특별자치도 익산시 삼기면,2025090412,36.0173444444444,126.986175,4,3,0,0,0,0,1,7,8,1,0,0,0,0,1,3,2,2,0,0,,,,,,
5214044000,전북특별자치도 익산시 용동면,2025090412,36.1069666666666,126.995130555555,4,3,0,0,0,0,1,7,8,1,0,0,0,0,1,3,2,2,0,0,,,,,,
5214052000,전북특별자치도 익산시 중앙동,2025090412,35.9367972222222,126.954444444444,4,3,0,0,0,0,1,7,8,1,0,0,0,0,1,3,2,2,0,0,,,,,,
5214053000,전북특별자치도 익산시 평화동,2025090412,35.9292277777777,126.947530555555,4,3,0,0,0,0,1,7,8,1,0,0,0,0,1,3,2,2,0,0,,,,,,
5214056000,전북특별자치도 익산시 인화동,2025090412,35.9265111111111,126.9557,4,3,0,0,0,0,1,7,8,1,0,0,0,0,1,3,2,2,0,0,,,,,,
5214057000,전북특별자치도 익산시 동산동,2025090412,35.9266805555555,126.963055555555,4,3,0,0,0,0,1,7,8,1,0,0,0,0,1,3,2,2,0,0,,,,,,
5214058000,전북특별자치도 익산시 마동,2025090412,35.9349138888888,126.960430555555,4,3,0,0,0,0,1,7,8,1,0,0,0,0,1,3,2,2,0,0,,,,,,
5214059500,전북특별자치도 익산시 남중동,2025090412,35.9481083333333,126.961166666666,4,3,0,0,0,0,1,7,8,1,0,0,0,0,1,3,2,2,0,0,,,,,,
5214061000,전북특별자치도 익산시 모현동,2025090412,35.9451694444444,126.947488888888,4,3,0,0,0,0,1,7,8,1,0,0,0,0,1,3,2,2,0,0,,,,,,
5214062000,전북특별자치도 익산시 송학동,2025090412,35.9353305555555,126.942997222222,4,3,0,0,0,0,1,7,8,1,0,0,0,0,1,3,2,2,0,0,,,,,,
5214064600,전북특별자치도 익산시 영등1동,2025090412,35.9493833333333,126.974655555555,4,3,0,0,0,0,1,7,8,1,0,0,0,0,1,3,2,2,0,0,,,,,,
5214064700,전북특별자치도 익산시 영등2동,2025090412,35.9572361111111,126.979086111111,4,3,0,0,0,0,1,7,8,1,0,0,0,0,1,3,2,2,0,0,,,,,,
5214065200,전북특별자치도 익산시 어양동,2025090412,35.9523527777777,126.986477777777,4,3,0,0,0,0,1,7,8,1,0,0,0,0,1,3,2,2,0,0,,,,,,
5214065600,전북특별자치도 익산시 신동,2025090412,35.9568416666666,126.963388888888,4,3,0,0,0,0,1,7,8,1,0,0,0,0,1,3,2,2,0,0,,,,,,
5214067000,전북특별자치도 익산시 팔봉동,2025090412,35.9634083333333,127.015788888888,4,3,0,0,0,0,1,7,8,1,0,0,0,0,1,4,2,1,0,0,,,,,,
5214069000,전북특별자치도 익산시 삼성동,2025090412,35.9597305555555,126.991552777777,4,3,0,0,0,0,1,7,8,1,0,0,0,0,1,3,2,2,0,0,,,,,,
5218000000,전북특별자치도 정읍시,2025090412,35.5668722222222,126.858111111111,4,3,0,0,0,0,1,6,7,1,0,0,0,0,1,4,2,1,0,0,,,,,,
5218025000,전북특별자치도 정읍시 신태인읍,2025090412,35.6851444444444,126.888741666666,4,3,0,0,0,0,1,6,7,1,0,0,0,0,1,4,2,1,0,0,,,,,,
5218031000,전북특별자치도 정읍시 북면,2025090412,35.606225,126.894330555555,4,3,0,0,0,0,1,6,7,1,0,0,0,0,1,4,2,1,0,0,,,,,,
5218032000,전북특별자치도 정읍시 입암면,2025090412,35.5007777777777,126.795308333333,7,3,0,0,0,0,1,6,7,1,0,0,0,0,1,4,2,1,0,0,,,,,,
5218033000,전북특별자치도 정읍시 소성면,2025090412,35.5538472222222,126.785308333333,5,3,0,0,0,0,1,6,7,1,0,0,0,0,1,4,2,1,0,0,,,,,,
5218034000,전북특별자치도 정읍시 고부면,2025090412,35.6155527777777,126.773797222222,5,3,0,0,0,0,1,6,7,1,0,0,0,0,1,4,2,2,0,0,,,,,,
5218035000,전북특별자치도 정읍시 영원면,2025090412,35.6520972222222,126.787375,4,1,0,0,0,0,1,6,7,1,0,0,0,0,1,4,2,2,0,0,,,,,,
5218036000,전북특별자치도 정읍시 덕천면,2025090412,35.6156,126.844677777777,4,3,0,0,0,0,1,6,7,1,0,0,0,0,1,4,2,1,0,0,,,,,,
5218037000,전북특별자치도 정읍시 이평면,2025090412,35.6619111111111,126.840244444444,4,3,0,0,0,0,1,6,7,1,0,0,0,0,1,4,2,1,0,0,,,,,,
5218038000,전북특별자치도 정읍시 정우면,2025090412,35.6418583333333,126.877974999999,4,3,0,0,0,0,1,6,7,1,0,0,0,0,1,4,2,1,0,0,,,,,,
5218039000,전북특별자치도 정읍시 태인면,2025090412,35.6476833333333,126.934630555555,4,3,0,0,0,0,1,6,7,1,0,0,0,0,1,4,2,1,0,0,,,,,,
5218040000,전북특별자치도 정읍시 감곡면,2025090412,35.7118666666666,126.930586111111,4,3,0,0,0,0,1,6,7,1,0,0,0,0,1,4,2,1,0,0,,,,,,
5218041000,전북특별자치도 정읍시 옹동면,2025090412,35.6404694444444,126.9766,4,3,0,0,0,0,1,6,7,1,0,0,0,0,1,4,2,1,0,0,,,,,,
5218042000,전북특별자치도 정읍시 칠보면,2025090412,35.5996222222222,126.995666666666,6,3,0,0,0,0,1,6,7,1,0,0,0,0,1,4,2,1,0,0,,,,,,
5218043000,전북특별자치도 정읍시 산내면,2025090412,35.5652666666666,127.032319444444,6,3,0,0,0,0,1,6,7,1,0,0,0,0,1,4,2,1,0,0,,,,,,
5218044000,전북특별자치도 정읍시 산외면,2025090412,35.6184416666666,127.044188888888,6,3,0,0,0,0,1,6,7,1,0,0,0,0,1,4,2,1,0,0,,,,,,
5218051000,전북특별자치도 정읍시 수성동,2025090412,35.5661638888888,126.855375,4,3,0,0,0,0,1,6,7,1,0,0,0,0,1,4,2,1,0,0,,,,,,
5218052000,전북특별자치도 정읍시 장명동,2025090412,35.5645972222222,126.858708333333,4,3,0,0,0,0,1,6,7,1,0,0,0,0,1,4,2,1,0,0,,,,,,
5218053500,전북특별자치도 정읍시 내장상동,2025090412,35.5543722222222,126.870863888888,4,3,0,0,0,0,1,6,7,1,0,0,0,0,1,4,2,1,0,0,,,,,,
5218054500,전북특별자치도 정읍시 시기동,2025090412,35.5627555555555,126.851141666666,4,3,0,0,0,0,1,6,7,1,0,0,0,0,1,4,2,1,0,0,,,,,,
5218056500,전북특별자치도 정읍시 초산동,2025090412,35.56190576,126.8524522,4,3,0,0,0,0,1,6,7,1,0,0,0,0,1,4,2,1,0,0,,,,,,
5218057000,전북특별자치도 정읍시 연지동,2025090412,35.5653527777777,126.847419444444,4,3,0,0,0,0,1,6,7,1,0,0,0,0,1,4,2,1,0,0,,,,,,
5218058000,전북특별자치도 정읍시 농소동,2025090412,35.5802694444444,126.830511111111,4,3,0,0,0,0,1,6,7,1,0,0,0,0,1,4,2,1,0,0,,,,,,
5218059500,전북특별자치도 정읍시 상교동,2025090412,35.5470722222222,126.839833333333,4,3,0,0,0,0,1,6,7,1,0,0,0,0,1,4,2,1,0,0,,,,,,
5219000000,전북특별자치도 남원시,2025090412,35.4132555555555,127.3925,8,4,0,0,0,0,1,6,7,1,0,0,0,0,1,6,7,3,0,0,,,,,,
5219025000,전북특별자치도 남원시 운봉읍,2025090412,35.4367277777777,127.531052777777,9,4,0,0,0,0,1,6,7,1,0,0,0,0,1,6,7,1,0,0,,,,,,
5219031000,전북특별자치도 남원시 주천면,2025090412,35.3878055555555,127.444066666666,8,4,0,0,0,0,1,6,7,1,0,0,0,0,1,6,7,1,0,0,,,,,,
5219032000,전북특별자치도 남원시 수지면,2025090412,35.3362416666666,127.373641666666,8,4,0,0,0,0,1,6,7,1,0,0,0,0,1,6,5,1,0,0,,,,,,
5219033000,전북특별자치도 남원시 송동면,2025090412,35.3516277777777,127.339255555555,8,4,0,0,0,0,1,6,7,1,0,0,0,0,1,6,5,3,0,0,,,,,,
5219034000,전북특별자치도 남원시 주생면,2025090412,35.3757833333333,127.323666666666,8,4,0,0,0,0,1,6,7,1,0,0,0,0,1,6,5,3,0,0,,,,,,
5219035000,전북특별자치도 남원시 금지면,2025090412,35.3545361111111,127.306019444444,8,4,0,0,0,0,1,6,7,1,0,0,0,0,1,6,5,1,0,0,,,,,,
5219036000,전북특별자치도 남원시 대강면,2025090412,35.3442583333333,127.229886111111,8,4,0,0,0,0,1,6,7,1,0,0,0,0,1,4,5,1,0,0,,,,,,
5219037000,전북특별자치도 남원시 대산면,2025090412,35.42905,127.3273,8,4,0,0,0,0,1,6,7,1,0,0,0,0,1,6,5,3,0,0,,,,,,
5219038000,전북특별자치도 남원시 사매면,2025090412,35.4954916666666,127.362611111111,8,5,0,0,0,0,1,6,7,1,0,0,0,0,1,6,5,1,0,0,,,,,,
5219039000,전북특별자치도 남원시 덕과면,2025090412,35.5141027777777,127.354208333333,8,5,0,0,0,0,1,6,7,1,0,0,0,0,1,6,5,1,0,0,,,,,,
5219040000,전북특별자치도 남원시 보절면,2025090412,35.510075,127.404486111111,8,4,0,0,0,0,1,6,7,1,0,0,0,0,1,6,7,3,0,0,,,,,,
5219041000,전북특별자치도 남원시 산동면,2025090412,35.4896527777777,127.478333333333,9,4,0,0,0,0,1,6,7,1,0,0,0,0,1,6,7,1,0,0,,,,,,
5219042000,전북특별자치도 남원시 이백면,2025090412,35.4238194444444,127.460063888888,9,3,0,0,0,0,1,6,7,1,0,0,0,0,1,6,7,3,0,0,,,,,,
5219045000,전북특별자치도 남원시 아영면,2025090412,35.505575,127.615030555555,9,5,0,0,0,0,1,6,7,4,0,0,0,0,1,6,7,3,0,0,,,,,,
5219046000,전북특별자치도 남원시 산내면,2025090412,35.41615,127.625366666666,9,5,0,0,0,0,1,6,5,1,0,0,0,0,1,6,7,1,0,0,,,,,,
5219047000,전북특별자치도 남원시 인월면,2025090412,35.4613333333333,127.602286111111,9,5,0,0,0,0,1,6,7,1,0,0,0,0,1,6,7,1,0,0,,,,,,
5219051000,전북특별자치도 남원시 동충동,2025090412,35.4079694444444,127.385097222222,8,4,0,0,0,0,1,6,7,1,0,0,0,0,1,6,7,3,0,0,,,,,,
5219052000,전북특별자치도 남원시 죽항동,2025090412,35.4045277777777,127.386666666666,8,4,0,0,0,0,1,6,7,1,0,0,0,0,1,6,7,3,0,0,,,,,,
5219054000,전북특별자치도 남원시 노암동,2025090412,35.3965361111111,127.382344444444,8,4,0,0,0,0,1,6,7,1,0,0,0,0,1,6,7,3,0,0,,,,,,
5219055000,전북특별자치도 남원시 금동,2025090412,35.3994444444444,127.377488888888,8,4,0,0,0,0,1,6,7,1,0,0,0,0,1,6,5,3,0,0,,,,,,
5219056000,전북특별자치도 남원시 왕정동,2025090412,35.4051972222222,127.371863888888,8,4,0,0,0,0,1,6,7,1,0,0,0,0,1,6,5,3,0,0,,,,,,
5219057000,전북특별자치도 남원시 향교동,2025090412,35.4140194444444,127.382908333333,8,4,0,0,0,0,1,6,7,1,0,0,0,0,1,6,7,3,0,0,,,,,,
5219059000,전북특별자치도 남원시 도통동,2025090412,35.4167972222222,127.402197222222,8,4,0,0,0,0,1,6,7,1,0,0,0,0,1,6,7,3,0,0,,,,,,
5221000000,전북특별자치도 김제시,2025090412,35.8005749999999,126.882752777777,4,3,0,0,0,0,1,6,9,1,0,0,0,0,1,4,2,1,0,0,,,,,,
5221025000,전북특별자치도 김제시 만경읍,2025090412,35.8513722222222,126.822008333333,4,3,0,0,0,0,1,7,8,1,0,0,0,0,1,4,2,2,0,0,,,,,,
5221032000,전북특별자치도 김제시 죽산면,2025090412,35.7694416666666,126.815822222222,4,3,0,0,0,0,1,7,8,1,0,0,0,0,1,4,2,2,0,0,,,,,,
5221033000,전북특별자치도 김제시 백산면,2025090412,35.824975,126.894344444444,4,3,0,0,0,0,1,6,9,1,0,0,0,0,1,4,2,2,0,0,,,,,,
5221034000,전북특별자치도 김제시 용지면,2025090412,35.8506916666666,126.957677777777,4,3,0,0,0,0,1,6,8,1,0,0,0,0,1,4,2,1,0,0,,,,,,
5221035000,전북특별자치도 김제시 백구면,2025090412,35.8877083333333,126.969608333333,4,3,0,0,0,0,1,6,8,1,0,0,0,0,1,4,2,1,0,0,,,,,,
5221036000,전북특별자치도 김제시 부량면,2025090412,35.7309416666666,126.846019444444,4,3,0,0,0,0,1,6,8,1,0,0,0,0,1,4,2,2,0,0,,,,,,
5221038000,전북특별자치도 김제시 공덕면,2025090412,35.8892972222222,126.915008333333,4,3,0,0,0,0,1,7,8,1,0,0,0,0,1,4,2,2,0,0,,,,,,
5221039000,전북특별자치도 김제시 청하면,2025090412,35.9003916666666,126.8428,4,3,0,0,0,0,1,7,8,1,0,0,0,0,1,4,2,2,0,0,,,,,,
5221040000,전북특별자치도 김제시 성덕면,2025090412,35.8175305555555,126.807930555555,4,3,0,0,0,0,1,7,8,1,0,0,0,0,1,4,2,2,0,0,,,,,,
5221041000,전북특별자치도 김제시 진봉면,2025090412,35.8560111111111,126.768152777777,4,3,0,0,0,0,1,7,8,1,0,0,0,0,1,4,2,2,0,0,,,,,,
5221042000,전북특별자치도 김제시 금구면,2025090412,35.7714027777777,127.013355555555,4,3,0,0,0,0,1,6,7,1,0,0,0,0,1,4,2,1,0,0,,,,,,
5221043000,전북특별자치도 김제시 봉남면,2025090412,35.7505611111111,126.964352777777,4,3,0,0,0,0,1,6,7,1,0,0,0,0,1,4,2,1,0,0,,,,,,
5221044000,전북특별자치도 김제시 황산면,2025090412,35.7915555555555,126.944377777777,4,3,0,0,0,0,1,6,8,1,0,0,0,0,1,4,2,1,0,0,,,,,,
5221045000,전북특별자치도 김제시 금산면,2025090412,35.7135722222222,126.998266666666,4,3,0,0,0,0,1,6,7,1,0,0,0,0,1,4,2,1,0,0,,,,,,
5221046000,전북특별자치도 김제시 광활면,2025090412,35.8307555555555,126.743863888888,4,3,0,0,0,0,1,7,8,1,0,0,0,0,1,4,2,2,0,0,,,,,,
5221051000,전북특별자치도 김제시 요촌동,2025090412,35.8021666666666,126.893511111111,4,3,0,0,0,0,1,6,8,1,0,0,0,0,1,4,2,1,0,0,,,,,,
5221052000,전북특별자치도 김제시 신풍동,2025090412,35.7930083333333,126.899955555555,4,3,0,0,0,0,1,6,8,1,0,0,0,0,1,4,2,1,0,0,,,,,,
5221054000,전북특별자치도 김제시 검산동,2025090412,35.8044499999999,126.913733333333,4,3,0,0,0,0,1,6,8,1,0,0,0,0,1,4,2,1,0,0,,,,,,
5221058000,전북특별자치도 김제시 교월동,2025090412,35.799431,126.876811,4,3,0,0,0,0,1,6,8,1,0,0,0,0,1,4,2,1,0,0,,,,,,
5271000000,전북특별자치도 완주군,2025090412,35.8429694444444,127.149597222222,6,3,0,0,0,0,1,6,7,1,0,0,0,0,1,6,2,1,0,0,,,,,,
5271025000,전북특별자치도 완주군 삼례읍,2025090412,35.9064944444444,127.073797222222,4,3,0,0,0,0,1,6,8,1,0,0,0,0,1,4,2,1,0,0,,,,,,
5271025300,전북특별자치도 완주군 봉동읍,2025090412,35.9342555555555,127.164377777777,6,3,0,0,0,0,1,6,7,1,0,0,0,0,1,6,2,1,0,0,,,,,,
5271025600,전북특별자치도 완주군 용진읍,2025090412,35.8773666666666,127.158411111111,6,3,0,0,0,0,1,6,7,1,0,0,0,0,1,6,2,1,0,0,,,,,,
5271032000,전북특별자치도 완주군 상관면,2025090412,35.7639722222222,127.212752777777,6,3,0,0,0,0,1,6,7,1,0,0,0,0,1,6,2,1,0,0,,,,,,
5271033000,전북특별자치도 완주군 이서면,2025090412,35.8176388888888,127.024663888888,4,3,0,0,0,0,1,6,7,1,0,0,0,0,1,4,2,1,0,0,,,,,,
5271034000,전북특별자치도 완주군 소양면,2025090412,35.8530083333333,127.2354,6,3,0,0,0,0,1,6,7,1,0,0,0,0,1,6,2,1,0,0,,,,,,
5271035000,전북특별자치도 완주군 구이면,2025090412,35.7289111111111,127.123022222222,6,3,0,0,0,0,1,6,7,1,0,0,0,0,1,6,2,1,0,0,,,,,,
5271036000,전북특별자치도 완주군 고산면,2025090412,35.9735166666666,127.207197222222,4,3,0,0,0,0,1,6,7,1,0,0,0,0,1,6,2,1,0,0,,,,,,
5271037000,전북특별자치도 완주군 비봉면,2025090412,35.9929222222222,127.142197222222,4,3,0,0,0,0,1,6,8,1,0,0,0,0,1,4,2,1,0,0,,,,,,
5271038000,전북특별자치도 완주군 운주면,2025090412,36.0895138888888,127.279508333333,4,3,0,0,0,0,1,6,7,1,0,0,0,0,1,6,2,1,0,0,,,,,,
5271039000,전북특별자치도 완주군 화산면,2025090412,36.0326777777777,127.205530555555,4,3,0,0,0,0,1,6,7,1,0,0,0,0,1,6,2,1,0,0,,,,,,
5271040000,전북특별자치도 완주군 동상면,2025090412,35.9338805555555,127.298855555555,6,3,0,0,0,0,1,6,7,1,0,0,0,0,1,6,2,1,0,0,,,,,,
5271041000,전북특별자치도 완주군 경천면,2025090412,36.0195611111111,127.254752777777,4,3,0,0,0,0,1,6,7,1,0,0,0,0,1,6,2,1,0,0,,,,,,
5272000000,전북특별자치도 진안군,2025090412,35.7887194444444,127.426966666666,7,3,0,0,0,0,1,6,7,1,0,0,0,0,1,6,2,1,0,0,,,,,,
5272025000,전북특별자치도 진안군 진안읍,2025090412,35.7862805555555,127.4253,7,3,0,0,0,0,1,6,7,1,0,0,0,0,1,6,2,1,0,0,,,,,,
5272031000,전북특별자치도 진안군 용담면,2025090412,35.9637111111111,127.522244444444,7,3,0,0,0,0,1,6,7,1,0,0,0,0,1,6,7,1,0,0,,,,,,
5272032000,전북특별자치도 진안군 안천면,2025090412,35.8941555555555,127.554941666666,7,3,0,0,0,0,1,6,7,1,0,0,0,0,1,6,7,1,0,0,,,,,,
5272033000,전북특별자치도 진안군 동향면,2025090412,35.8351777777777,127.570063888888,7,3,0,0,0,0,1,6,7,1,0,0,0,0,1,6,7,1,0,0,,,,,,
5272034000,전북특별자치도 진안군 상전면,2025090412,35.8199361111111,127.489230555555,7,3,0,0,0,0,1,6,7,1,0,0,0,0,1,6,7,1,0,0,,,,,,
5272035000,전북특별자치도 진안군 백운면,2025090412,35.6895055555555,127.4,7,3,0,0,0,0,1,6,7,1,0,0,0,0,1,6,2,1,0,0,,,,,,
5272036000,전북특별자치도 진안군 성수면,2025090412,35.7055333333333,127.325597222222,7,3,0,0,0,0,1,6,7,1,0,0,0,0,1,6,5,1,0,0,,,,,,
5272037000,전북특별자치도 진안군 마령면,2025090412,35.7313555555555,127.372922222222,7,3,0,0,0,0,1,6,7,1,0,0,0,0,1,6,2,1,0,0,,,,,,
5272038000,전북특별자치도 진안군 부귀면,2025090412,35.8340333333333,127.362808333333,7,3,0,0,0,0,1,6,7,1,0,0,0,0,1,6,2,1,0,0,,,,,,
5272039000,전북특별자치도 진안군 정천면,2025090412,35.8701305555555,127.430719444444,7,3,0,0,0,0,1,6,7,1,0,0,0,0,1,6,5,1,0,0,,,,,,
5272040000,전북특별자치도 진안군 주천면,2025090412,35.9722444444444,127.4278,7,3,0,0,0,0,1,6,7,1,0,0,0,0,1,6,2,1,0,0,,,,,,
5273000000,전북특별자치도 무주군,2025090412,36.0038277777777,127.662866666666,7,3,0,0,0,0,1,6,7,4,0,0,0,0,1,6,7,1,0,0,,,,,,
5273025000,전북특별자치도 무주군 무주읍,2025090412,36.0057611111111,127.664411111111,7,3,0,0,0,0,1,6,7,4,0,0,0,0,1,6,7,1,0,0,,,,,,
5273031000,전북특별자치도 무주군 무풍면,2025090412,35.9669416666666,127.846688888888,8,5,0,0,0,0,1,6,7,1,0,0,0,0,1,4,7,1,0,0,,,,,,
5273032000,전북특별자치도 무주군 설천면,2025090412,36.0051527777777,127.791708333333,6,5,0,0,0,0,1,6,7,4,0,0,0,0,1,4,7,1,0,0,,,,,,
5273033000,전북특별자치도 무주군 적상면,2025090412,35.9424916666666,127.661575,7,3,0,0,0,0,1,6,7,1,0,0,0,0,1,6,7,1,0,0,,,,,,
5273034000,전북특별자치도 무주군 안성면,2025090412,35.8604305555555,127.655177777777,9,4,0,0,0,0,1,6,7,1,0,0,0,0,1,6,7,1,0,0,,,,,,
5273035000,전북특별자치도 무주군 부남면,2025090412,35.9708388888888,127.560922222222,7,3,0,0,0,0,1,6,7,1,0,0,0,0,1,6,7,1,0,0,,,,,,
5274000000,전북특별자치도 장수군,2025090412,35.6442972222222,127.5233,9,5,0,0,0,0,1,6,7,4,0,0,0,0,1,6,7,1,0,0,,,,,,
5274025000,전북특별자치도 장수군 장수읍,2025090412,35.6511472222222,127.521819444444,9,5,0,0,0,0,1,6,7,4,0,0,0,0,1,6,7,1,0,0,,,,,,
5274031000,전북특별자치도 장수군 산서면,2025090412,35.5810166666666,127.398397222222,9,5,0,0,0,0,1,6,7,4,0,0,0,0,1,6,7,1,0,0,,,,,,
5274032000,전북특별자치도 장수군 번암면,2025090412,35.5289777777777,127.545986111111,8,4,0,0,0,0,1,6,7,4,0,0,0,0,1,6,7,1,0,0,,,,,,
5274033500,전북특별자치도 장수군 장계면,2025090412,35.7289111111111,127.591019444444,9,5,0,0,0,0,1,6,7,1,0,0,0,0,1,6,7,1,0,0,,,,,,
5274034000,전북특별자치도 장수군 천천면,2025090412,35.730475,127.534608333333,9,4,0,0,0,0,1,6,7,1,0,0,0,0,1,6,7,1,0,0,,,,,,
5274035000,전북특별자치도 장수군 계남면,2025090412,35.6999138888888,127.579866666666,9,5,0,0,0,0,1,6,7,4,0,0,0,0,1,6,7,3,0,0,,,,,,
5274036000,전북특별자치도 장수군 계북면,2025090412,35.7825083333333,127.614622222222,9,5,0,0,0,0,1,6,7,1,0,0,0,0,1,6,7,1,0,0,,,,,,
5275000000,전북특별자치도 임실군,2025090412,35.6080638888888,127.284752777777,9,3,0,0,0,0,1,6,7,1,0,0,0,0,1,6,5,1,0,0,,,,,,
5275025000,전북특별자치도 임실군 임실읍,2025090412,35.6104305555555,127.281344444444,9,3,0,0,0,0,1,6,7,1,0,0,0,0,1,6,5,1,0,0,,,,,,
5275031000,전북특별자치도 임실군 청웅면,2025090412,35.5667638888888,127.203422222222,7,3,0,0,0,0,1,6,7,1,0,0,0,0,1,6,5,1,0,0,,,,,,
5275032000,전북특별자치도 임실군 운암면,2025090412,35.660575,127.157677777777,6,3,0,0,0,0,1,6,7,1,0,0,0,0,1,6,2,1,0,0,,,,,,
5275033000,전북특별자치도 임실군 신평면,2025090412,35.65405,127.226019444444,7,3,0,0,0,0,1,6,7,1,0,0,0,0,1,6,5,1,0,0,,,,,,
5275034000,전북특별자치도 임실군 성수면,2025090412,35.6268805555555,127.335219444444,8,3,0,0,0,0,1,6,7,1,0,0,0,0,1,6,5,1,0,0,,,,,,
5275035500,전북특별자치도 임실군 오수면,2025090412,35.5382861111111,127.329,8,4,0,0,0,0,1,6,7,1,0,0,0,0,1,6,5,1,0,0,,,,,,
5275036000,전북특별자치도 임실군 신덕면,2025090412,35.6809416666666,127.1804,7,3,0,0,0,0,1,6,7,1,0,0,0,0,1,6,5,1,0,0,,,,,,
5275037000,전북특별자치도 임실군 삼계면,2025090412,35.5046194444444,127.276511111111,8,5,0,0,0,0,1,6,7,1,0,0,0,0,1,6,5,1,0,0,,,,,,
5275038000,전북특별자치도 임실군 관촌면,2025090412,35.6707777777777,127.272908333333,7,3,0,0,0,0,1,6,7,1,0,0,0,0,1,6,5,1,0,0,,,,,,
5275039000,전북특별자치도 임실군 강진면,2025090412,35.5272611111111,127.1657,7,3,0,0,0,0,1,6,7,1,0,0,0,0,1,4,2,1,0,0,,,,,,
5275040000,전북특별자치도 임실군 덕치면,2025090412,35.5070833333333,127.159330555555,7,3,0,0,0,0,1,6,7,1,0,0,0,0,1,4,2,1,0,0,,,,,,
5275041000,전북특별자치도 임실군 지사면,2025090412,35.5608555555555,127.359655555555,8,4,0,0,0,0,1,6,7,1,0,0,0,0,1,6,5,1,0,0,,,,,,
5277000000,전북특별자치도 순창군,2025090412,35.3713888888888,127.139630555555,7,4,0,0,0,0,1,6,7,1,0,0,0,0,1,4,5,1,0,0,,,,,,
5277025000,전북특별자치도 순창군 순창읍,2025090412,35.3739027777777,127.149108333333,7,4,0,0,0,0,1,6,7,1,0,0,0,0,1,4,5,1,0,0,,,,,,
5277031000,전북특별자치도 순창군 인계면,2025090412,35.408825,127.143341666666,7,4,0,0,0,0,1,6,7,1,0,0,0,0,1,4,5,1,0,0,,,,,,
5277032000,전북특별자치도 순창군 동계면,2025090412,35.4385166666666,127.244363888888,8,4,0,0,0,0,1,6,7,1,0,0,0,0,1,6,5,1,0,0,,,,,,
5277033000,전북특별자치도 순창군 풍산면,2025090412,35.3342194444444,127.140677777777,7,5,0,0,0,0,1,6,7,1,0,0,0,0,1,4,2,1,0,0,,,,,,
5277034000,전북특별자치도 순창군 금과면,2025090412,35.3365722222222,127.088511111111,7,4,0,0,0,0,1,6,7,1,0,0,0,0,1,4,4,1,0,0,,,,,,
5277035000,전북특별자치도 순창군 팔덕면,2025090412,35.3885416666666,127.099166666666,7,4,0,0,0,0,1,6,7,1,0,0,0,0,1,4,5,1,0,0,,,,,,
5277036000,전북특별자치도 순창군 쌍치면,2025090412,35.4975277777777,127.003444444444,6,3,0,0,0,0,1,6,7,1,0,0,0,0,1,4,2,1,0,0,,,,,,
5277037000,전북특별자치도 순창군 복흥면,2025090412,35.4291194444444,126.931811111111,7,3,0,0,0,0,1,6,7,1,0,0,0,0,1,4,2,1,0,0,,,,,,
5277038000,전북특별자치도 순창군 적성면,2025090412,35.3944805555555,127.210652777777,8,5,0,0,0,0,1,6,7,1,0,0,0,0,1,4,5,1,0,0,,,,,,
5277039000,전북특별자치도 순창군 유등면,2025090412,35.3582638888888,127.189522222222,8,5,0,0,0,0,1,6,7,1,0,0,0,0,1,4,5,1,0,0,,,,,,
5277040000,전북특별자치도 순창군 구림면,2025090412,35.4499083333333,127.104444444444,7,3,0,0,0,0,1,6,7,1,0,0,0,0,1,4,5,1,0,0,,,,,,
5279000000,전북특별자치도 고창군,2025090412,35.4327388888888,126.704108333333,7,3,0,0,0,0,1,6,7,1,0,0,0,0,1,4,2,1,0,0,,,,,,
5279025000,전북특별자치도 고창군 고창읍,2025090412,35.4313861111111,126.705088888888,7,3,0,0,0,0,1,6,7,1,0,0,0,0,1,4,2,1,0,0,,,,,,
5279031000,전북특별자치도 고창군 고수면,2025090412,35.4068888888888,126.680719444444,7,3,0,0,0,0,1,6,7,1,0,0,0,0,1,3,5,2,0,0,,,,,,
5279032000,전북특별자치도 고창군 아산면,2025090412,35.4367972222222,126.636886111111,5,1,0,0,0,0,1,6,7,1,0,0,0,0,1,3,5,2,0,0,,,,,,
5279033000,전북특별자치도 고창군 무장면,2025090412,35.4162027777777,126.562752777777,4,1,0,0,0,0,1,6,7,1,0,0,0,0,1,3,5,2,0,0,,,,,,
5279034000,전북특별자치도 고창군 공음면,2025090412,35.3747222222222,126.513666666666,4,1,0,0,0,0,1,6,7,1,0,0,0,0,1,3,7,2,0,0,,,,,,
5279035000,전북특별자치도 고창군 상하면,2025090412,35.4414861111111,126.497230555555,4,1,0,0,0,0,1,6,7,1,0,0,0,0,1,3,5,2,0,0,,,,,,
5279036000,전북특별자치도 고창군 해리면,2025090412,35.4578833333333,126.541152777777,5,1,0,0,0,0,1,6,7,1,0,0,0,0,1,3,5,2,0,0,,,,,,
5279037000,전북특별자치도 고창군 성송면,2025090412,35.361325,126.648688888888,6,3,0,0,0,0,1,6,7,1,0,0,0,0,1,3,5,2,0,0,,,,,,
5279038000,전북특별자치도 고창군 대산면,2025090412,35.3380055555555,126.605497222222,6,4,0,0,0,0,1,6,7,1,0,0,0,0,1,3,5,2,0,0,,,,,,
5279039000,전북특별자치도 고창군 심원면,2025090412,35.5212861111111,126.553119444444,5,1,0,0,0,0,1,6,7,1,0,0,0,0,1,3,5,2,0,0,,,,,,
5279040000,전북특별자치도 고창군 흥덕면,2025090412,35.5147805555555,126.705677777777,5,3,0,0,0,0,1,6,7,1,0,0,0,0,1,4,2,1,0,0,,,,,,
5279041000,전북특별자치도 고창군 성내면,2025090412,35.5349138888888,126.745422222222,5,3,0,0,0,0,1,6,7,1,0,0,0,0,1,4,2,1,0,0,,,,,,
5279042000,전북특별자치도 고창군 신림면,2025090412,35.486025,126.714197222222,5,3,0,0,0,0,1,6,7,1,0,0,0,0,1,4,2,1,0,0,,,,,,
5279043000,전북특별자치도 고창군 부안면,2025090412,35.5111777777777,126.676133333333,5,1,0,0,0,0,1,6,7,1,0,0,0,0,1,3,2,1,0,0,,,,,,
5280000000,전북특별자치도 부안군,2025090412,35.7285333333333,126.735677777777,4,3,0,0,0,0,1,7,8,1,0,0,0,0,1,4,2,2,0,0,,,,,,
5280025000,전북특별자치도 부안군 부안읍,2025090412,35.7266972222222,126.739019444444,4,3,0,0,0,0,1,7,8,1,0,0,0,0,1,4,2,2,0,0,,,,,,
5280031000,전북특별자치도 부안군 주산면,2025090412,35.6688944444444,126.713097222222,4,1,0,0,0,0,1,6,7,1,0,0,0,0,1,4,2,2,0,0,,,,,,
5280032000,전북특별자치도 부안군 동진면,2025090412,35.7466194444444,126.740863888888,4,3,0,0,0,0,1,7,8,1,0,0,0,0,1,4,2,2,0,0,,,,,,
5280033000,전북특별자치도 부안군 행안면,2025090412,35.7231777777777,126.725922222222,4,3,0,0,0,0,1,7,8,1,0,0,0,0,1,4,2,2,0,0,,,,,,
5280034000,전북특별자치도 부안군 계화면,2025090412,35.7587,126.700122222222,4,1,0,0,0,0,1,7,8,1,0,0,0,0,1,4,2,2,0,0,,,,,,
5280035000,전북특별자치도 부안군 보안면,2025090412,35.6090666666666,126.673388888888,4,1,0,0,0,0,1,6,7,1,0,0,0,0,1,4,2,2,0,0,,,,,,
5280036000,전북특별자치도 부안군 변산면,2025090412,35.6605305555555,126.530488888888,4,3,0,0,0,0,1,7,8,5,0,0,0,0,1,4,7,3,0,0,,,,,,
5280037000,전북특별자치도 부안군 진서면,2025090412,35.5846583333333,126.607455555555,4,1,0,0,0,0,1,6,7,1,0,0,0,0,1,4,2,2,0,0,,,,,,
5280038000,전북특별자치도 부안군 백산면,2025090412,35.7009777777777,126.788688888888,4,1,0,0,0,0,1,6,7,1,0,0,0,0,1,4,2,2,0,0,,,,,,
5280039000,전북특별자치도 부안군 상서면,2025090412,35.6833944444444,126.680097222222,4,1,0,0,0,0,1,7,8,1,0,0,0,0,1,4,2,2,0,0,,,,,,
5280040000,전북특별자치도 부안군 하서면,2025090412,35.712475,126.664041666666,4,1,0,0,0,0,1,7,8,1,0,0,0,0,1,4,2,2,0,0,,,,,,
5280041000,전북특별자치도 부안군 줄포면,2025090412,35.5873138888888,126.679608333333,4,1,0,0,0,0,1,6,7,1,0,0,0,0,1,4,2,2,0,0,,,,,,
5280042000,전북특별자치도 부안군 위도면,2025090412,35.5997666666666,126.295097222222,4,1,0,0,0,0,1,7,8,5,0,0,0,0,1,3,5,3,0,0,,,,,,
